SRR17624338	SRR17624339	SRR17624340	SRR17624341	SRR17624342	SRR17624343	SRR17624344	SRR17624345	SRR17624346	SRR17624347	SRR17624348	SRR17624349	SRR17624350	SRR17624351	SRR17624352	SRR17624353	SRR17624354	SRR17624355	SRR17624356	SRR17624357	SRR17624358	SRR17624359	SRR17624360	SRR17624361	SRR19745122	SRR19745123	SRR19745124	SRR19745125	SRR19745126	SRR19745127	SRR19745128	SRR19745129	SRR19745130	SRR19745131	SRR19745132	SRR19745133	SRR19745134	SRR19745135	SRR19745136	SRR19745137	SRR19745138	SRR19745139	SRR19745140	SRR19745141	SRR19745142	SRR19745143	SRR19745144	SRR19745145	SRR19745146	SRR19745147	SRR19745148	SRR19745149	SRR19745150	SRR19745151	SRR19745152	SRR19745153	SRR19745154	SRR19745155	SRR19745156	SRR19745157	SRR21049834	SRR21049835	SRR21049836	SRR21049837	SRR21049838	SRR21049839	SRR21049840	SRR21049841	SRR21049842	SRR21049843	SRR21049844	SRR21049845	SRR21049846	SRR21049847	SRR21049848	SRR21049849	SRR21049850	SRR21049851	SRR21049852	SRR21049853	SRR21049854	SRR21049855	SRR21049856	SRR21049857	SRR21049858	SRR21049859	SRR21049860	SRR21049861	SRR21049862	SRR21049863	SRR21049864	SRR21049865	SRR21049866	SRR21049867	SRR21049868	SRR21049869	SRR21049870	SRR21049871	SRR21049872	SRR21049873	SRR21049874	SRR21049875	SRR21049876	SRR21049877	SRR21049878	SRR21049879	SRR21049880	SRR21049881	SRR21049882	SRR21049883	SRR21049884	SRR21049885	SRR21049886	SRR21049887	SRR21049888	SRR21049889	SRR21049890	SRR22540857	SRR22540858	SRR22540859	SRR22540860	SRR22540861	SRR22540862	SRR22540863	SRR22540864	SRR22540865	SRR22540866	SRR22540867	SRR22540868	SRR26867805	SRR26867806	SRR26867807	SRR26867808	SRR26867809	SRR26867810	SRR26867811	SRR26867812	SRR26867813	SRR26867814	SRR26867815	SRR26867816	SRR26867817	SRR26867818	SRR26867819	SRR26867820	SRR26867821	SRR26867822	SRR26867823	SRR26867824	SRR26867825	SRR26867826	SRR26867827	SRR26867828	SRR7882951	SRR7882952	SRR7882953	SRR7882954	SRR7882955	SRR7882956	SRR7882957	SRR7882958	SRR7882959	SRR7882960	SRR7882961	SRR7882962	SRR7882963	SRR7882964	SRR7882965	SRR7882966	SRR7882967	SRR7882968	SRR7882969	SRR7882970	SRR7882971	SRR7882972	SRR7882973	SRR7882974	SRR7882975	SRR7882976	SRR7882977	SRR7882978	SRR7882979	SRR7882980	SRR7882981	SRR7882982	SRR7882983	SRR7882984	SRR7882985	SRR7882986	SRR7882987	SRR7882988	SRR7882989	SRR7882990	SRR7882991	SRR7882992	SRR7882993	SRR7882994	SRR7882995	SRR7882996
LOC110875755	14.2742196307495	11.8195514443568	4.51124681036278	17.3246650348297	2.92170337411036	1.04760160331972	2.17495525193932	4.57963145231072	3.6482364944694	1.98580853301223	2.0425222190276	1.62831982383582	2.65534611984571	4.06414750307178	1.63013197060451	2.40099195613343	4.13203795059947	7.73984693655497	9.62006087603512	36.6859130539116	34.2231569929219	15.7272909956732	0.226903541407176	0.623583283120933	19.4395623621653	21.2084462024717	13.4526177346203	22.3744387908714	15.1939547634259	12.1589107895069	9.00957299640725	9.93391318123734	11.2221014075556	24.4799292538012	25.1541118542245	23.1189182037741	15.9106431631495	30.5576954449247	26.3534316498701	11.227457208169	21.4778581188514	37.7562076799883	24.4002005687182	33.3218690164495	22.6731905036151	20.5023013257116	18.4204309549679	11.5487574585579	16.3755974445783	27.8736419358157	15.9968327456813	15.7366878992183	25.2198829402359	31.4324883916568	23.7126534721157	28.2426049327016	20.6629607972363	19.7831255909082	9.19932415872341	15.0138504435997	4.27432690053271	3.61056927930604	4.5530361135059	2.58423062510908	1.62517404990901	1.48126039939676	3.39861496934259	3.36880219803755	3.79871748554731	2.82103111564123	3.30264779734161	3.7684292435822	2.62896778590194	3.96131564540254	7.56643312044202	3.32110637608855	4.86528306494572	40.3990349308574	81.2309299221203	58.5295009039943	1.40000198275913	1.82760942106583	5.05894756083979	4.02254329739073	3.33628801737203	3.23705577474005	2.38175726635853	39.6514449239548	13.9795228560351	2.23550695259766	5.05291942739237	4.69570191163824	9.91021772628702	3.95817780829273	1.67542873005068	2.00620136024478	1.21492372368645	2.5390863595208	1.38370633026341	2.43962440632129	6.14554652155578	4.42476611729199	5.12315575428561	4.55792494797244	3.02099507856959	5.92951835195794	3.96883170170624	2.48367243005723	3.14024059646863	5.33359324162928	3.52145887490204	3.77549162568185	3.26366146567933	3.80077423507533	4.22738224214328	4.43473940777097	4.27175668167745	15.5277117721607	13.8965567123998	13.7876869570329	14.9906324715522	29.6313023325089	18.7362718368227	2.61216780613418	1.42242890098248	2.59378842538609	4.1842617888535	5.09120775744647	4.16523581323897	6.57245427149263	2.84496894229324	3.01617329027089	4.7981235470102	5.67327937362058	5.89442502204361	6.86128306420907	20.1294804375301	22.0540142669028	19.5303401348891	11.6425723346957	3.47067794765482	15.7296500186968	20.290885325435	27.1900702601135	20.970241943214	22.4458964828776	18.1230603539252	12.3044487877324	18.5209283017202	10.6505648037148	8.6624729335935	3.60299052260069	2.00355589265736	1.07429740728862	1.15682886072987	1.21023624111658	1.59324497464126	1.73385618004999	1.40380146072889	1.43745524296935	1.4706685318172	1.15220964391487	1.36143684487996	1.43097119321291	1.5927098227757	1.72774906880415	1.21670809070286	1.59644207455571	0.971520497412825	1.6105859233496	1.6697168563935	0.987006941370823	1.38472990145124	1.53680264296112	8.67772820197118	6.21073791619228	8.66772338544118	10.056224503212	13.0223111174105	8.24140341572363	7.35999589949245	6.5997013232356	1.55087679156862	1.5699387524352	7.94181359758557	8.28505379989801	8.93249222272299	9.65986108835662	7.19514577368415	6.80461412153268	6.90064003366001	4.82825327784531	7.87496498549139	6.44207272419381	1.06247878042812	1.40711114829331	1.48923523615765	1.1062334837811	2.08236841761332
LOC110875737	9.03570963893034	0.903432690884626	36.7430817262812	7.43426884594985	25.1683557754375	41.7305745542917	6.3966316524744	94.6857355577808	62.3418645163362	105.722569276035	107.775901146106	8.6406003555159	243.987211053894	62.8946598455429	46.3750876338611	8.45871095317619	24.4301486783455	1.37906443379045	21.7984808167616	3.65738003889413	2.58969148665265	3.90390282881236	15.1012101202936	13.8599714984661	6.34679452083824	0.134504950277839	8.77893074140606	7.30499806935551	1.04904092068248	6.13285378606447	0	0.22275473259454	0	2.23564100610703	0.916576952703432	0.827487163138475	0.536359608655791	0.197454895081643	0.171464600973129	0.246263770224847	0.221067930205923	0	0	0	0.281894024476206	0.209879806344147	0.201723830025667	0.791021763469579	0.26029430666085	0.14286381362959	1.36797452041443	7.61868160594913	0.298766436963042	0.133572140386395	0.700625324860896	0.464027389313061	2.96134243586346	5.50479884752219	0.374653721669486	0.37581269528627	62.2616075694391	66.1534717241901	51.1807237578486	47.088232840728	37.7950973283191	19.4530856427775	12.2697134890341	25.6786011391058	40.4739596077514	38.6053647439278	18.6624811601689	43.7190602645983	71.3978620657533	25.3297806307547	8.62431199652966	11.5045432770006	10.462447690186	0.37801852345969	0.910070408730472	0.658837368756755	35.8300761897998	40.6764567989941	52.2686218903077	48.6880418214608	31.0597963817861	35.0028963598111	25.7369015655535	24.6948876775683	30.2574694143963	36.5653501665249	17.8202196599639	2.28489808190832	9.40745699876069	66.2270028854607	10.3635474895148	8.85137530200837	13.6131382826688	33.8766937232821	43.3693701950774	42.4052593422583	57.6161496887324	54.0760081893906	33.8671297432335	66.2636333232863	39.5816492589454	51.45079284793	39.2837706334579	50.914573841241	48.7679022184403	27.0351410547471	22.0248849228771	24.1066776720661	39.9201068194565	53.8729840025087	90.1072027377494	52.0225914429223	68.9676746698306	0.0844092589974035	0	0	0.511524859270315	0.376797699000693	0.2548116447067	0.246012368764736	0.155319982881923	0.428563877034966	19.046775633326	24.1319197069976	27.7293773520888	12.8956193661801	92.0306850885457	109.837058635399	110.484815077844	10.8213870746227	4.69381042995355	18.2911022145013	8.90635921044211	16.9442214374353	15.5820171861906	16.225521979395	60.372032463883	24.898263397879	33.2548545069626	52.0278189201154	74.6559710224783	53.3348930512646	34.1754775093109	33.5576543124874	26.7500352198852	6.01838213431288	8.68649703613326	35.3299753765053	32.8746305806914	95.7805844918125	75.8373522614198	77.6185030348351	60.7302534417894	59.8413006818709	67.7317718583711	47.5931189535752	51.278245015805	55.9607597198649	56.9695907035157	53.1210506140775	20.0513406627562	66.3336942103091	76.1538232510474	56.7728924138033	54.2562386266076	55.6848812994845	82.5241787269099	102.226493894975	85.3118482820383	86.1630421776883	50.6561367994249	30.8982492257954	26.0508963268854	36.4726298440199	20.681948363977	21.5786364243756	23.7518010296005	22.3234844040769	37.5657688252625	35.7753229875481	45.3306154338247	23.0754471962637	27.1469348562717	25.0236966297564	7.06865724335648	8.45812342007151	8.23797728916373	16.9762859524851	6.98807961587854	3.31938861742811	36.0228969715382	14.7899833644615	47.0917677920733	8.33475151520571	7.66221377452004
LOC110875557	130.736598539492	213.798446992238	56.8088519742711	61.9887944948259	39.1568835946573	51.8080063807471	17.6969229085142	113.55715200154	61.4971186679695	76.8303383139982	40.0873042108054	12.310688131939	88.88919718067	94.0363211204649	70.9435463987117	127.471393176091	93.9635564284593	73.1376357033104	71.0096160176567	85.0975233471463	191.841761023716	122.21015607405	15.666778884501	21.1334251656222	1124.56502944693	979.067381113709	629.683866047274	729.964194779707	930.889178492557	798.141864263075	422.845676749241	899.889883062375	687.904479226688	970.556998101492	1061.77009915108	1033.67491631834	694.465057143423	1477.94262545919	1806.51471670664	1469.14994037434	723.57776274531	1026.41832071404	826.192416025344	1020.29078477261	1241.78513194508	1156.59777508283	1017.20264527261	841.236213029762	955.158663787196	960.732389556774	725.461858948131	1202.21861455393	1063.67446403271	665.156201136325	1276.16770585467	604.390686230401	1180.11830620052	1256.48674135136	905.8667548392	807.132548596728	125.163620758195	92.4586764914174	107.862942779576	67.6394276658984	41.7016399987824	44.0747215356181	61.2361649513781	34.2717263100595	23.4958780565734	30.0272007617083	30.9425871317825	82.1879877038879	46.7943852900802	26.7835072921397	181.113974079154	193.616365184749	124.802036346351	58.6957832025048	35.0879320128591	62.7983899707805	75.1162713781843	77.7348406151385	44.9550489359211	118.768169408857	135.385151813703	172.41963264035	272.762774705104	85.1485797269239	68.4086187049471	127.972948001372	52.4050272386078	24.9300154083021	34.0767311031399	52.2049770654167	73.1267672354675	123.97754988228	112.910078670425	211.284466735292	270.890270776834	261.446701834587	526.463430075691	381.47470048297	454.668108724618	144.241180587731	50.8023587106715	184.381050361415	192.792070669082	149.556328959118	164.656332660989	229.954268010513	235.61658249568	171.241798280912	224.710954938841	95.5013526278197	113.187334793261	83.8195975114335	58.6985562086799	148.519643884609	132.867182087531	143.646049409365	31.2861605899392	48.4525295318668	21.955843945798	112.455352914833	95.4059488162535	111.382461649784	51.0765944428454	69.1969215638655	66.8558270090044	864.061127805627	248.187652319819	265.859535479638	250.237503854843	482.648340300178	602.31296649815	216.899343688727	1199.32502632775	1482.03043809733	1440.47671252005	1726.92994525754	258.621356871524	1517.5890309079	1825.37680612152	1444.54902094914	1451.25074303543	1461.42266360303	1393.36442496779	997.796747212406	1572.48414970926	580.229788770017	636.355462164361	341.995959641668	421.883425968383	126.908800714718	123.808112429735	108.012797483824	182.718504131911	188.585282732065	191.120869491282	170.716158890272	106.047825611908	97.2537535260034	66.8388352569027	98.3107719574581	87.8054191688983	74.1429709091174	245.123317247893	209.880982586437	193.038437943865	217.565020894557	113.720876910116	119.246943650394	127.226111999056	101.596921140246	1184.03750170093	935.408102791882	1329.08545249459	1414.55422294059	1524.13071247666	927.419734879107	992.144907584621	1018.06936964461	89.5903658273209	77.2783278740258	780.652830018188	1129.79404461424	824.463057246146	942.81655498462	951.421854455342	798.667671335835	868.744580186258	731.85672101817	1687.35399834294	1201.39269957783	220.854839176371	165.151239344838	215.446131175554	202.668263850512	266.910005433497
LOC110878958	177.199104350406	258.865664031663	45.7034508538371	243.381347025921	130.279180422847	54.5253427394277	121.631881100186	48.4794656247037	45.0524189753282	39.8352996628698	42.2588283263891	41.4893127717882	43.6313408762636	86.6528971989002	53.8977418463121	57.3525744993627	73.080568910211	105.100640592202	124.145054904713	234.695505087243	278.32133173203	198.878671679437	19.3251709295348	39.147230633437	281.68940453715	277.875995127855	271.376537494353	352.768527691493	236.26087883475	222.026271630203	231.356304588827	287.787953523456	221.762838314131	330.012583567978	360.581108244355	305.815530742243	305.769207005913	343.87986036799	353.449993036727	257.343583402542	408.058477422441	443.877841773445	364.85273106222	451.589771491264	416.848287546791	391.922276870641	299.676542078548	244.384990318852	302.758143832873	345.468561701005	275.590424326049	298.997465906962	291.291038743831	290.707075591933	396.175976493514	257.871354521968	338.609885960973	327.73311012396	211.824573427303	241.806309280651	58.7162233935391	70.4895869382174	70.4571373119761	61.9352141466643	49.4720623600361	138.705553655691	119.384332931437	161.157880633	110.848916932282	102.258802224058	104.013532136945	77.5728335788551	101.54408251173	97.3767208207292	202.522563223132	115.470548461035	126.734275612367	438.178237970633	482.269552163869	460.547952411351	53.8489280383177	68.5647587111482	63.8645839537447	72.9091804453417	58.1572331494157	62.6659257145204	69.3106804976075	152.205712309363	134.564886526289	70.3945953578223	155.880982001205	231.410366180907	282.48258397883	59.443241191277	70.7506879014831	90.9450027898854	77.0919537524497	75.7752953312481	70.0251309272293	91.1906458948262	79.5033448091329	80.1305640991129	119.31655549929	84.7466595827869	69.6874438851351	105.400840497104	88.1133763488657	82.2245942825921	93.6696401719077	98.9108742492545	57.025635258842	68.3019178902323	119.471005285551	69.6624188825435	64.5485355653165	73.1808764373911	65.3174486347654	175.444380496482	180.795506942021	186.908677983071	100.948309680332	253.809828759229	141.047554747627	56.605785426477	30.2442702366655	66.9482984126739	40.5945460658159	70.3316915799182	80.6496320581497	67.4319744026275	42.3946079899449	44.7624673845786	58.526317922087	57.7102991276068	92.0309463648449	62.8096584470875	157.65220901552	171.60802569419	180.019326009936	175.187226155832	28.9967130711386	211.606879151531	232.1083043908	147.802724307481	109.667690953512	159.567615081731	148.603400119646	143.319642138459	151.254743513037	67.7073031410731	58.6419012234511	23.5824866601463	27.4310085896447	10.8025426305847	11.1706508839556	11.3911743316417	8.33092550414479	7.79494879351377	9.41946947705718	6.71372624127565	12.9969435998326	14.2961212738148	10.1760841905463	12.7157399753887	8.97599112155803	10.5540579860563	11.5430099904638	9.64930917380732	10.1848995339147	11.4310131052488	11.5272225006883	10.5756042294188	11.2942935986061	10.3843219156154	95.7189431117926	88.3450225026878	111.03262981706	104.133762094228	128.355583077323	132.172152483484	116.845736711978	107.96175231461	10.7082240089419	12.1785448991559	94.4599748689311	101.524482247894	104.593143536947	104.920369836646	94.7113747045084	103.516867273266	103.779689902048	81.0414500794289	102.516699711683	107.995498904543	10.2801114712277	14.3896780523449	16.6915034141029	16.3014599762194	8.78119101229417
LOC110937325	107.817158932259	0.822229665694388	1.12781170259069	0.0623189389742076	70.9389579233996	180.711276572652	88.54357301974	21.7331632956149	19.0686175535668	29.3490819952543	4.12672856497413	1.41821404011507	9.08945402562571	2.86207570638858	12.8724214230494	8.20338918345589	10.3300948764987	0.209185052339324	1.5108428939927	0.123938895452404	86.0595348486505	130.938841312814	1.47487301914664	2.7437664457321	453.330594285695	263.820217154989	236.427108532854	173.625645017162	261.064514835496	185.944849103128	90.756431983809	241.133916387416	175.039704636287	327.419053769591	342.387888587189	325.586855178567	205.236618520627	451.918439324426	864.656547586497	466.552326606708	236.080391289998	380.132469153286	260.763404726504	203.943795184447	341.837632073068	279.00957891077	363.749963596212	214.49192261667	363.061505369354	341.764981123227	122.585048065472	366.11499196856	301.092093027061	230.717655910333	369.861599686248	122.472604567977	453.125254439394	446.356771144866	451.661953155053	477.899339203086	23.8293724704699	19.3110750847732	25.4531175502016	22.6532556924455	42.0595044116453	22.095467624335	40.4799318669912	16.5485020254476	16.8064470572699	21.9349562257002	34.1921183724779	15.1862073995104	32.4239360261239	28.1461901120707	7.04260313518065	7.32933820929887	5.53425948637576	7.28507187277756	2.83855294151647	6.58748366748143	16.2666897044394	25.397468851363	13.1916860447215	14.469982139225	6.55753162035192	7.73296657299012	6.51849357108652	19.5592476977035	13.2170034275241	13.7569658621394	15.8038118260995	11.915343600782	8.08154659822215	12.5164000964932	12.7829006811274	11.9287648446987	13.5043444671302	36.1819806231714	46.9353187225349	59.0645908898838	23.8662000837118	21.0643795442915	21.434812581149	17.2045617754453	15.2189752071336	9.30934381257397	10.5057309751048	8.50657807294602	8.52351019041486	7.08977638216576	9.48085081704395	10.7505524256703	15.0491056472991	18.0666939667279	28.3993371138857	8.42039128057778	12.9169785374533	7.12527033700878	6.00385217186205	5.29737446243895	0.407354143248701	0.300063821088698	0.33819985265023	31.9337514299903	19.604780939628	35.2891741032792	3.4650917938943	1.43414303026661	1.58675650028151	7.5309371860853	3.71082905516509	3.66249613818608	5.66525430851807	19.6051299873217	23.0745174643415	20.1901690168119	101.998374029096	139.578695557635	136.280771217486	205.124627029783	5.46205054057152	238.897826337602	310.554983859507	102.221716525522	75.3457114029863	76.6334647597235	144.984482831401	82.7986866341156	168.655779333614	7.10037653580985	8.47551308610587	8.21269898533981	13.4906096772262	5.28554324386001	4.08292539081132	3.22729664297755	2.72393495664474	4.15074661284694	3.61748837957059	1.67703111679758	2.59818107287706	2.63893176509535	2.36249334846816	2.77250668685001	0.980129121708122	1.94831277971532	4.25847831746003	4.11882055235374	4.34627590947843	4.83175777004881	3.93881925097955	4.65867276327029	4.15418970435372	4.27812627635122	121.068825063189	72.3716902982253	96.6711662824342	137.154168084777	107.006190781922	63.5013910603629	56.191471284467	121.792375475626	2.12225245162021	1.01584272216395	50.4950572540702	149.388980454216	59.6053802840744	71.3568759650399	106.445833063621	80.6208842034294	110.82616952689	74.4758068107639	323.109813354712	121.890281787558	29.3336532857329	18.0839840169548	8.19079379886708	9.65440131299871	8.57160953296648
LOC110937328	8.20185762160753	0.665991307105638	1.69783172257113	0	0.963822076358268	2.67418206947088	1.28121804456228	8.70855737005708	1.3293373893774	3.75022801634376	4.96014987784833	0.247537342324538	10.648630989393	1.0790307264766	7.0199391649877	2.43586162942454	0.811364061920158	0.184839432998131	3.3783830615895	0.5840773013979	2.23271521334673	1.65182779127728	0.935647011388946	0.51427477207789	13.9380095833581	12.2410342215255	7.42544973428714	6.78784787203456	9.65784450119814	5.63413619230065	1.83987794476318	3.83156752812571	3.39767399112641	9.37338025232834	9.39338308611761	7.6990136593051	7.10808530611609	12.1034959978902	31.7455630788854	12.5345392948643	9.67922611752103	15.8145735444833	11.071571082416	8.70124040875074	15.1415198572278	9.12372758870924	16.8443912928863	7.17419678763576	22.7120181776124	21.915334590692	2.16163565549726	14.4450294190981	4.41489597897222	6.51669414726676	4.86435946227504	6.65483761708779	8.79830656265491	12.0510905238504	14.4119257947131	17.0422253583114	2.32906810027684	2.12690652263507	4.26549713275305	2.46161269929817	6.2802428674586	0.872577746466489	1.28703145213242	0.417786711833145	1.01715475929443	0.881775169027647	1.65941137682007	1.59037492790257	17.1264327235354	3.31605964077753	0.548580730610933	2.49608421054709	0.716507667129428	0.35466733445457	0.640389741505954	0.892867831686267	1.0210697839043	1.85621430411094	1.50891855219455	4.34425072911282	0.271080482256141	0.494375771691789	0.44306543314251	1.13021561613606	0.419237778301605	0.337663516013419	0.126662259594437	0.138306708050938	0.625488227129127	2.96185745842535	0.146216002436865	0.447170919465143	0.550526692504432	0.747859814039699	3.39086093438087	2.42042743719083	3.86623894820738	2.79009045851612	1.17942395512279	2.79842235321818	0.805857236884023	1.5368971828638	0.55010611611411	0.4389229522769	0.226511791329877	1.14947628217746	0.23935541006324	0.376959089828787	0.71205585212275	1.84023456666921	4.98051479915896	4.29889746428304	4.49356678690332	3.32619332500422	4.9275880056589	5.38618268026991	0.287955981655483	0.972185289632944	0.239071265579787	7.92466700505541	5.2461166644308	7.9613893232107	0	0	0	0.967921868988843	4.1533379451812	6.28211921201004	8.64967463039887	0.169215363387117	0.762206803514254	0.265038041372503	3.50164160729766	4.10258909323527	3.05102095104952	16.7296946072984	3.82086816574671	11.7156182750726	16.7868100342963	2.36442449232978	4.16104617025221	4.4519802277425	5.1361689841887	11.4009383640286	6.79394059778916	0.0697112468004011	0.367113039829484	0.93637149028566	0.23605009442588	11.3912072443388	13.3887299162845	8.23822604715905	6.17623413625338	7.92340429768753	7.18808992569628	3.55644700937341	6.58417116733345	6.13056588196712	4.81195404081117	6.6909433041646	2.6944044969189	4.80738057819455	10.3478735659498	9.25381864724026	8.37367080378569	9.36110412172353	8.07050894755219	7.95387982303758	11.0121358232689	8.4168102746143	4.99783866192277	2.40183450218681	2.90175013434948	5.03035039943012	3.76982499814313	2.0363718377258	1.52757272916857	7.83023309806866	4.8564373469381	4.08007148521129	1.85587310066177	4.89742967630343	1.73531854282085	2.20188380664788	2.54310076226545	3.14175631317203	3.31883371643759	2.13316292982691	8.75218579414082	3.29889489546899	12.7353534529663	7.42938263236956	1.19628483607683	0.77014089853207	6.21896806845841
LOC110927047	935.174659365901	178.379186845708	588.166534842746	293.813772859574	437.840676880734	523.795674925288	430.293715389812	427.431142934626	341.762840220906	173.536841206241	583.980848602803	311.788149765402	658.889575363009	718.838132233174	146.541611248885	153.486969156169	226.346614076699	315.726412625224	396.061642092476	388.411843926076	1100.70947163589	775.553600849121	167.909302033326	338.35816204389	63.7275166702671	95.1734947273253	39.0707288615615	50.843056555713	102.346070363761	93.6232209564816	25.0029028227823	19.8628544339555	82.9173228768018	49.3978195678715	30.1773804377257	25.3188431297291	32.353383400999	64.2824062971032	82.6224807166296	56.9645816602989	35.7143097014958	50.7150904502486	37.2827600876622	75.5339239953539	30.4592278058655	36.1085706466279	52.7634692200335	64.0344918514786	58.9130175193776	72.3877644026831	31.7226523842588	59.7762724801771	196.906521216305	37.9735299768361	67.3251142999064	104.728851740903	73.8925445901168	44.1994613555266	70.4178983705111	36.8619963820931	369.65183413642	265.486088938209	259.783939526498	274.947652333927	477.157087680417	304.482539939731	472.888866142186	222.74548767326	107.588501037113	146.979230773229	337.878002287192	172.932577839772	423.391317100428	241.278161611282	735.59363143526	426.105135700837	558.474836478846	87.7190659298989	122.043569513529	135.465932173761	137.791586539348	224.89758727397	134.297074089073	183.550292605651	175.797999233697	199.076349910753	195.930497626009	157.121843350866	193.194995892599	244.650906413182	254.072320997771	194.386547814187	219.602091898714	208.707970555726	149.181669853658	91.9267157491464	187.928596326858	237.814030883983	268.459084194888	256.931613020066	382.616994999704	375.096947780425	288.725456538902	314.841706903984	139.436493568083	397.660922478882	283.476661208197	253.236135985727	342.332477665079	270.159604115921	235.779933802606	239.824844444196	251.428133091198	261.520910504729	294.432654018687	228.206146007953	232.459391796722	294.869678097596	309.605403068978	302.362137190586	51.7296539163904	124.809428814338	51.3235034047081	177.042222473768	98.9850053069122	222.454424286319	118.938636105092	201.674389710655	191.520238908102	194.173863084179	167.832985241748	209.66027398362	201.042400858265	32.0698684415695	31.4380847338939	66.1587613979695	433.079920782958	588.019033230851	519.38592467825	333.867048984259	222.977916159822	241.109179649095	231.230128557621	732.477085940167	869.540548484995	777.737683187226	562.060307090319	592.720991717177	395.818587620543	123.075799364845	194.565501343383	93.1806796434118	132.933693934192	93.1195400699319	98.6508068175779	88.2160054352233	64.521456890968	73.3660938794106	75.1080801866902	48.665126389905	103.26006876231	93.8114217413223	85.2941025046485	77.6991216548967	56.0032437044867	80.1924612835946	46.881626161587	53.711150999745	59.3423412158706	59.7598851679421	71.6262718212466	81.1325633776435	85.0499996578538	80.3216888322069	347.380441296723	469.437706377599	413.486490774487	352.494960090702	349.658047891533	254.353303417008	365.513443478476	295.653853289308	84.3542648632329	82.237686697662	379.971182034011	398.079400403234	302.309871922186	339.395385674805	155.165184864997	163.135758917257	118.224134061612	129.15468773793	61.7934339561569	73.0488486683358	97.8518125373113	112.040540485794	101.299978906635	101.080889155744	59.58355207065
LOC110930503	561.900013434959	96.7366463458249	187.633911689938	172.413586854397	382.440792833485	478.395720555978	346.690082733238	472.193954726459	358.969000285745	429.508907306034	440.266134938638	300.645110250171	473.811264213661	375.121737783753	319.691545341698	247.453631906216	361.542953557147	126.28973963069	205.951260255029	141.45665881738	869.195548367168	609.682455900483	234.136640749711	272.208988618723	612.968638736743	489.076858816895	423.33546263083	352.794376805741	1220.48031228777	1041.64825836364	244.489972966763	369.068526857208	304.771969688189	480.736994263445	483.453046226818	539.106742793247	1085.03077127801	447.813871103207	537.428531249197	552.919133930198	272.249740406593	386.379167473363	389.002023504496	586.493408589699	809.695768055163	662.970524572801	549.851936822478	570.870321472283	596.174721339796	586.120850428096	291.595497840136	485.302411320398	280.714335511961	337.831396113051	518.377503030352	248.816923731974	582.218768387934	618.417025069927	903.06533071213	649.764563448313	176.656551983888	198.062489556301	245.44704561772	239.083013961704	516.527705233379	666.098910311959	743.392991264226	676.77577495353	628.29227620196	617.291380079852	455.305406757384	201.317219372988	299.048494491355	419.84161916895	163.286255276699	165.57211445071	147.749230005502	389.591116340093	205.694365413632	372.417926212129	252.607669584709	292.529725435096	149.749805528153	263.802426403899	267.354312382991	275.345433830445	265.469290039951	364.126246793685	322.222016464052	279.696866900988	222.784847527738	208.737582655289	289.628015934326	145.908027504784	170.398107820534	154.746514127868	200.18084151548	264.389329196089	289.674903028718	271.218305561427	218.335697140016	211.195433708514	189.345150171813	140.388230083101	167.307598410958	149.304507003159	157.015115588641	155.066085208986	138.127586241719	180.977924823284	217.912768521295	226.326376504297	214.125826350642	171.831945064456	127.199099424887	156.737344380358	179.430841409827	218.420977223077	222.717455238855	218.896969877164	70.5547888471737	87.9845200300661	75.2313571580504	520.94883875122	488.77609625098	507.253418723264	540.57794068019	563.851374793892	554.680592994645	129.707031690151	111.921796414794	102.890427563273	98.7939792160612	144.155503822646	244.735042874333	469.173882820647	291.99818221518	341.670599127676	309.454428044973	438.740232862576	75.4276877203494	346.995573948479	428.699818745714	332.458961697209	373.312555633531	293.788431992898	491.827031178549	510.917428554159	330.213948520927	89.7808256292499	108.695640879991	73.4558838195946	82.3000438590746	130.093396071063	101.891378736757	113.571923404109	276.65231740314	301.557419251485	298.623056142347	278.261658543528	149.718484358227	157.423729946209	122.924055223063	159.569444169614	123.040983549656	158.551630675292	333.380960501191	301.486540835904	219.050986285254	291.785522201195	114.398116147454	148.781044275035	136.725327003373	116.625500657286	1076.29428950607	695.050852907512	714.17334792981	1136.99962037816	620.570294890808	497.097147593196	586.334940589812	614.058280083281	132.218960803497	115.203118517406	1021.19372226191	895.992456018867	814.297516819844	772.304259704205	347.052873038423	371.985769728184	521.106573854276	533.97599876013	517.726956091746	334.346543082767	76.5366200965456	58.4699232229884	94.5022387922821	62.5135461362517	227.960135604857
LOC110930648	11.787511512474	12.9432325365289	6.78581697248296	28.1743624925651	7.50595382418339	13.0461765217671	26.7411597175987	20.1348477001081	20.9823716020098	14.0485474141239	16.798104811579	14.6187382091408	22.8289400123209	43.3957504502131	23.9266042428857	38.803399824388	14.8880776216868	4.21492867182469	10.8334561142454	38.3956768020856	16.5654523732271	20.7270540283468	23.4312104883552	11.2297503238241	2091.08228515421	1780.49492781777	1483.29638621516	1005.91194614516	2004.22580657191	1688.42942239319	459.438447440598	943.021466790736	326.385779904236	1398.76462990804	1572.9774819693	1704.60719108787	2131.22464836239	563.701918529218	758.387000312056	917.125871047855	556.769066637209	766.658970347325	1363.17028275419	1145.31067706356	3019.12978147803	1406.79374700568	1410.32123950632	1716.61916382386	2671.04253345296	1628.73825200149	843.358531028239	1962.82633774603	162.396283691865	836.083884118971	1962.53453724658	519.274750368379	2327.43837816621	2661.49642674041	2672.75025172488	2714.93852107023	1.68212147162113	0.688924049813941	1.72704085011061	4.9854631006889	8.43211835854802	26.7373408233059	14.5213548690093	23.5938881987698	12.1045634222663	25.4482845193347	9.60268317906481	1.20413195797216	9.73746582112848	6.49831336622544	9.96842056801053	1.29797670082141	2.75714892924484	1.28895272994408	1.82536610210437	2.12901491879376	0.0839554618050131	0.714278369348412	0.887085275158583	0.351785418618169	0.434636696670014	0.226473439636252	0.710388644239499	3.42291297205864	0.576158220815589	0.216557022423152	0.880029986397522	1.47835974060189	0.89144542226888	1.01040255962367	1.01588639779221	1.22909343906578	2.64805973193639	3.83705758751699	1.2546310258863	0	1.87846407357444	8.24063861563997	2.22473947290542	2.34447938155429	0.64603531119578	0.746722119729823	0.514507143767491	0.312776355785198	2.50188956886113	0.819116432020555	6.14032519901947	6.36631597392568	29.9879766897146	0.917945395648265	2.18406969673829	0.919017888536681	0.38425371107912	39.9555468120762	39.2483639554299	38.9302337502088	34.575751903857	58.9491887217468	34.4131457338626	21.7934784859147	15.1871730630382	22.6931339688073	19.3484569500723	27.9036200191261	24.2287847815713	40.6947080905721	0.545201870114527	3.18790755895138	47.9025713589145	0.723496883840802	0.0905247208426817	0.212474276707957	127.939231138074	430.942714211868	210.485531626685	590.626467717179	0.573210407607027	1111.11555620164	1195.16284243246	329.694562947321	186.619768428107	74.90224548562	628.845849026744	227.346032801611	643.843909904836	27.6448121079558	41.0457672442156	0.467080617706129	0.420523054981991	10.3902344304088	12.8543775461907	9.99123686392939	8.86708822250416	9.19715551339608	14.6867496511207	7.24092286984753	6.72914120822925	5.52320824770033	4.23581971799634	3.94201753345613	8.38299591863501	5.83301312415412	2.92082711391337	3.77964153858067	5.15143177877725	3.3804323367274	10.0283796648405	9.3968350042303	15.6399941967381	8.21212641064224	66.9296856760845	123.141790343145	107.992123602756	87.7290069408545	121.293004209941	45.0792937074414	17.9610393524347	71.8158158708193	6.52735179875211	7.21049494448032	13.7484332332025	72.3493787339091	31.0243832749982	47.2136336314378	179.728868664811	58.3346290270046	68.545314377636	53.0131814146769	274.805079567774	262.318735464014	14.5436038594072	16.3419390224117	16.8789494134461	20.5167576228152	13.0509607931887
LOC110938010	0.122008216427647	0.428706117295489	1.3067443217198	0.454898625856102	0	0	0	0	0	0.030452643206909	0.869355166803687	2.57437855283199	1.27798445460818	0.716290008800134	0.117233382879695	0.0695480149293801	0	0.381737857002744	0.385834454250342	0.516968578178649	0	0	1.77459425807356	1.82074459718226	0.463345511770152	0.223393324708678	0	0.116659118259853	0.0544470525393841	0	0.0626339041905543	0	0	0.116033665530912	0	0	0.0556759974119719	0	0.142388987178954	0.102252151820777	0.122387316881039	0	0.0573069058630537	0	0.0585231651448225	0	0.055839031660565	0.0547405446458081	0.0540389131102557	0.23727619125802	0.298948473057453	0.593134285090731	0.248103982517645	0	0.465455049416304	0.660585063165164	0.409863559533136	0.410248327293092	0	0.312085344421562	0	0.171139215227156	0	0	0	0	0.126572823739383	0	0.0600191160133057	0.120071054955977	0	0	0	0	0	0	0	0.0627834251324493	0.314894938044616	0.182372309154009	0	0.0657176347921369	0.066777417702112	0.0582592333527712	0.239934151093589	0.0625104977337252	0.0653597581643138	0.0555754025014958	0	0.239093595807917	0.448436589435773	0.306039209375788	0.184540504411842	0	0.0647081120134619	0.113083522083442	0	0	0	0	0.0622185406302787	0.129974603476625	0	0.0669430284093183	0	0.123664756753988	0	0	0.133657512369505	0	0	0.200188575279915	0	0	0.169548794058898	0	0.0530302599151718	0.420574818205763	0.351727659777171	0	0	0	0	0.0680985109523094	0.967365345049063	0.355891397094013	0	0.074775444842744	0.0689438574475195	0.285570186915092	0.386961254880924	0.561648750565498	0.361693845370635	0	0	0	0.422633663234925	0.453901744962737	0.112519492945137	0.631599657082232	0	0.377073782257774	0.622326957403573	0.135016725010601	0	0.157618444196145	0.0649434090484354	0.0668278468562458	0.282980577896168	0	0.454905999750672	0	0	0.0448106303642416	0	0.0467415300026244	0	0	0	0	0	0.0387584451559728	0.0417556373604462	0	0	0	0.0396490651586017	0.0332950518243315	0	0	0.0446451985658469	0	0	0	0.0168197796525755	0	0.0740869552313567	0	0.0258657632337367	0	0	0.0484654747738781	0	0	0.0456288574889768	0.179368127715097	0.0247731559267278	0	0.0662031218292743	0.0239722239044016	0	0	0	0.0204186140228013	0	0	0.10588353105371	0.157304775751613	0.201997334432546
LOC110941540	6.57858159107687	1.40567092385744	5.96676156262421	1.51522815131746	4.26231313477606	8.25464542792001	0.405892949654896	14.2849765806731	18.7085220218595	14.7038677108377	13.1334201146053	5.64066905425518	14.6920660895306	5.74107269178029	24.2025115117492	22.0944245673341	14.0118534370491	7.68219624468625	12.7759520295707	2.95068073961589	2.20223187155332	3.21132528127154	4.76986528499288	6.75966199097958	45.4649311941857	49.8084566913392	43.3542007192642	38.6476661048357	49.4579588798283	43.3450496833788	25.982896448638	31.6893614864131	35.1866289092088	35.0586028598178	36.5753663561642	42.2254150083117	52.7919893181638	29.6300906762698	40.3010890917474	31.7886905244822	48.9873372504965	50.9811412704847	48.3255593478698	33.1688079691313	54.9231119651516	52.9989327145748	46.7622444632453	36.2164960435641	39.4797732683197	38.3235754406212	20.0399038775188	23.7538840602216	14.5827460886872	46.176269391099	29.1667248402138	41.7684867287	46.7587926505589	39.2299906577845	23.5259848402096	39.5165554329136	32.9100138016689	38.3516964882566	30.8990076899544	27.9073034711548	31.9409881168569	21.1340927551602	15.2479815560652	42.8108091274186	50.7876307621691	60.1919248798251	16.9753673974215	46.6106977763069	15.0924473457013	13.7292224912983	4.36341282051949	3.2485500184787	4.251223666564	5.85553311905042	0.183555386518386	1.65365869034285	48.1554697913689	42.3297454475671	41.9094867871303	47.9966384238147	27.2726998811184	32.1261610977979	25.2087404749311	23.054764778746	35.8954308873789	30.8356194399525	23.7436644994634	13.6768192322427	9.26301464408531	34.843461324133	26.7804907742735	32.8488914980154	21.6340885447302	24.7585353139879	15.0274555260336	10.4715745049578	21.0353270206646	24.8125420276704	20.4028647734582	21.2018207882482	38.4009997975132	20.6644855735548	20.8134067704205	12.3292635088384	16.750712624119	9.81836212838803	9.94795971026243	13.6788848351774	14.4500744641865	35.9205570816072	27.2885238175154	33.2124259499121	39.2065489436894	10.4872818538175	9.02112401482991	9.7776883947796	10.8123517905316	9.8037017943229	7.3321936337774	18.9875843540114	26.5026827141987	21.5059226041959	24.4406064967573	19.4690160530666	17.48180573809	16.4380926645848	17.3558626781812	16.260401502515	16.222576892686	11.6405580233047	4.22379009259041	4.2162267944127	3.35319739121392	3.74827099169768	4.04463833993859	7.77238726072249	21.0965920513337	7.02139055928544	6.19715962855575	14.3632226424095	12.2995511676984	12.0206207938256	16.7828967438702	14.1535103277159	10.6531622098286	12.3484967754164	12.5008348832837	15.2447141452573	16.5765073366843	21.9412716104043	17.2348274772508	17.0742239296423	16.0368223467529	14.8508076257231	20.0745188337524	16.4558194204378	31.7351928265294	25.3791134321236	19.9180497654362	22.1078990581908	18.038701787824	17.1684256967852	23.1118338245521	25.0039944002947	21.6013632513363	25.3451752889321	13.6192944921409	19.7584960927771	16.7903830535187	15.9478566342895	13.8242273946355	11.6234221605909	13.5556124425492	13.4319996099689	17.76621508321	15.4550105625118	19.162346019262	20.8351173251352	18.9781171890579	19.8342776080877	18.5074369346263	23.8734973619507	20.2407935778176	22.4468510961469	15.0502782918856	18.8877133688412	15.7056928366883	13.1763180628404	15.0252796133238	13.6875448181485	17.7369269485374	19.5877831550803	18.4818793241705	17.9313720049999	16.0429268648223
LOC110864409	52.2745309098906	31.0559374033572	45.0889956881996	24.0336471236724	28.4596858574218	31.0067568203782	30.7773978643208	59.9341395151098	34.3927561636402	39.040794601945	38.15911061504	26.5744143864507	71.4134141828341	38.8028291751092	40.2835685608006	29.4333082396901	32.0579705014242	40.2327317507549	44.3771791081428	31.7830251474047	38.4484709426862	38.414163324943	30.5032737398201	40.9697984885275	391.024154074151	458.815890647297	230.365958120272	274.654685719424	344.39126019789	233.365354303378	152.834295276818	207.704319181415	224.145229337535	341.201200152215	341.546862431511	387.808567234114	371.428623888691	263.823601447816	315.05420349279	298.385757592693	300.856310784051	447.384597787492	361.934316094959	325.945304973857	517.607250087656	391.121692768059	395.988144403255	364.561856514811	426.231927157142	377.526043964426	215.193768284344	351.779004665426	177.896458241171	343.351020504719	358.919982131398	303.859233584863	477.231985491003	428.465159038258	489.165330030756	423.499655237389	9.66533784554749	15.2250133667341	11.2320267010064	16.231466675534	32.9532270494542	18.7106086074355	22.4400997447077	14.6274259217382	16.4760633155076	9.84256173450312	7.91708124015302	12.4668958070927	39.4011894319635	12.1747940500993	5.38020344378723	7.11430876740502	5.56126842181938	25.4932951301407	20.2900793342235	30.9421344706345	20.8068774033829	18.6667864215164	12.3481734298887	18.1031327130893	11.0918803519527	10.9037382247832	14.7025887413851	18.0107958499561	15.5624609727849	13.9587139138689	28.3711503196638	22.2864964067549	24.3913113021606	15.0990569811235	15.5428494070764	15.2520119252315	16.8597136356846	15.5841219662945	11.9930133437042	18.1228133271614	14.8855508815169	12.0790974960584	14.8083521033257	20.3548266548086	12.5775202957628	19.1544939511512	18.0999038793648	16.1697580155645	18.0269055561628	17.7143208444445	13.5968576521171	14.1202497494265	19.0431378113514	13.4034587321526	19.5547129534606	15.2325132658138	16.3772182146486	22.6497328266809	22.3281181436129	21.9991325759813	11.5799337627925	7.75451941266684	11.5637784059041	43.8139853132362	40.325009211302	39.1466559195673	33.2068498716135	26.4426078748206	33.9748455944591	21.2994594510164	31.5973543908735	26.071446541167	42.060295474807	18.0590751165267	17.2906319138261	22.3041822872019	77.1443695581376	81.842301413932	67.9967873575134	109.969578158686	23.5824238359966	100.75635503752	112.630956018654	127.214206369561	86.5189479619703	73.2407910351761	138.722947698686	116.377061157423	118.748289778331	15.5852549918072	16.9724898405034	20.1180310511556	13.5418587403415	41.9007146712985	37.8094104506294	38.5826617882388	22.6814981888409	24.3362104173014	27.2087258951848	15.5735898695238	25.4837383951854	26.7101307249876	20.0195574150213	26.357457220757	15.3437585390062	30.253877954045	41.5716255688602	32.3706363371243	30.3417483635467	34.7918998233511	29.5328662911847	33.90485137478	30.5810643709944	34.1833495202354	260.730797983514	201.524702147971	206.227008624063	295.955014704904	288.038834114048	206.931431383925	285.096986882155	285.583322579886	21.1348576853224	18.4041629349586	200.368375243252	281.585471759529	194.217613188548	204.630428152648	174.311453045364	194.016442072061	223.751917971939	249.132216725503	291.230797243606	196.25939985127	25.8045713310914	25.9519663714936	44.4407468244466	28.9881177389604	29.1214095189942
LOC110872387	16.1193199437279	13.4752359410005	79.1169289438657	23.681595226431	8.39869084994665	12.0783323906574	9.06915418235684	68.7801239782142	17.1402133112673	27.4976822490788	12.2747206343268	12.3003112146715	25.8491703871116	22.1133392425537	24.0406507214828	12.999439193268	10.0189629121843	53.6788681777034	45.9165612060287	29.5880507056107	4.06421481249903	5.89800205494958	15.3518318260324	16.5263855632361	252.105749874691	175.206420538153	140.921248395612	226.051684857229	117.619731123607	82.7515948615128	206.685076521182	368.100791280563	229.535383135862	434.232471241054	494.280978181846	471.026678015461	110.466933337115	483.431018247091	467.506714910433	472.925626583593	223.45048579966	296.794150169762	243.434240505264	157.096083012438	263.041516808386	231.555235593055	514.493995431004	111.187232788084	443.117705581972	510.384437326244	252.57390403299	161.732934198392	223.403757238405	305.062828227264	376.672598467431	233.21262926437	286.240112794214	272.796122410442	127.91560300444	167.164903949108	5.58156044195562	5.63820287225192	9.57665773900974	8.94361328753786	56.5618060874418	12.3326568415412	11.403557313223	14.6273946246245	23.8491089640895	21.3126442395168	6.50396706061455	5.99405560200252	20.5645386772229	11.5479409965126	7.79422303766987	12.1643536572719	7.845625349482	6.66955984960568	1.82078728907077	4.08726432520618	20.1455089076552	23.4623510187407	6.82445997511451	13.2396513276636	10.0018155131416	16.0550403779783	24.82869918162	11.8824178104903	22.0974907515788	10.2882853203057	8.7813655685423	14.2389592810183	12.7384400466818	6.41285332594396	12.4863558458198	13.7997442641336	11.7942351406437	7.03179473311723	14.7461664707113	6.66181709853888	6.02389501953079	7.90864647718102	2.72492064369182	2.47550111981395	5.35513672093441	7.10897758045396	7.57037016278637	2.87322659276839	3.05539506699558	2.55379294628891	6.02996254948698	3.45464830656198	2.66958350398135	4.63601199419512	4.67383788076479	5.39204114636096	5.77608868305667	1.93228398540247	2.69591661996921	1.62809374739806	0.342724380936787	2.15639897851116	0.426812898752192	3.75445194852892	3.59892205407598	2.82354412837784	0.916770197477891	1.70935790480152	1.71511160343872	29.3764545075585	5.37691287993305	7.81682204076864	8.67358670143463	6.24338879915365	8.16458710253468	11.0406630020863	63.082971564491	51.9824303134541	146.349614484383	98.1426529245591	11.0897279910707	88.7338783288539	92.9418123449893	181.102961316963	139.494435925594	59.557770823362	111.60689192972	83.0337243312796	102.884094481438	18.1704574598343	21.6283757503803	9.43581766936128	8.99027658514509	2.89232684597155	2.55249906824242	1.79131871028704	3.02685604132785	3.5732424257881	2.68770938249794	2.28440765020141	2.78400608804096	2.8143958662645	1.96520671519543	1.50492122291011	1.77523298034117	1.98456419410855	3.03901529368018	3.06686984023227	1.97175373924629	4.02752308717287	2.04116801285387	2.38051140323035	2.73054424493682	2.53353695802537	8.19885849393925	13.3791772921215	16.0395692464758	12.4074947409884	18.2777652926082	9.44885463539545	11.4968889270575	14.5821175019573	2.03162554884622	1.78056609265818	5.8902795338354	12.2407040934523	6.7624248526848	11.9982746188131	33.1760056255984	23.5318604093436	16.9402173963568	11.0653044320593	26.3365344713505	24.4229033060006	2.29954755108944	1.93656521184636	1.96961043220599	2.43256708629	3.76880535455247
LOC110865440	0.516692513864735	1.98573292795111	3.59705492317703	1.58244097724104	1.48379392160356	1.60636151888604	1.07422507277434	0.909199468094598	0.913510542689043	1.54756653934708	4.14183556399173	1.15981212825717	2.08592722747043	0.88474635594804	2.11000419152766	2.13533410267236	1.39390802975573	4.44570883465779	4.39129456676784	1.9840620830728	0.98458069218646	0.672998118929357	0.626269002709404	1.92766751815773	0.735833098809479	0.827792210770326	0.877089633255181	0.308774763514962	0.634088912207827	1.01099477261885	0.729432766756103	0.522252706396147	0.415290543633812	1.22847723070479	0.743861109783064	0.606268559122708	0.235782244073519	0.868006417976351	0.201001008747024	0.541284461400252	0.323936228825233	0.504494606573979	0.364033465767653	0.577825726821667	0.185879784595888	0.676592395843214	0.295590847129333	0.927282783127649	0.45769871372579	0.188407646833654	1.139415019123	0.767513995677621	1.05069538905124	0.528461588978388	0.554387421483891	1.57360007286702	0.681894287324903	0.186145753491328	0.384292463949574	0.495618755864108	2.24151153147902	1.4495146954139	1.81687015607274	2.12461913809303	0.717694311973242	0.272558541052312	0	0.260999864159744	0.508349828246925	0.127122207512117	0.321724573230969	1.67659806524796	0.341464824935546	0.632991933977031	0.771096488371324	0.948256188729287	1.00713808412362	0.99705556858831	0.466741926625192	0.321803487349497	1.91364924265286	1.73942229672141	1.55537602775288	1.54201242640934	1.39713334122534	1.85307965429439	1.24556398192999	2.11820611279191	2.18878899043059	1.83522387151387	0.830849167591362	1.74966107722661	0.716384586757604	2.5983394682045	0.342540425171933	0.83807033060833	1.80560747008899	1.40160975215158	0.611059574035788	1.48846388407575	1.05395702383103	1.92650276361158	1.49529119774278	2.05535314909751	1.44737683674409	2.48761202805967	1.3531710534489	2.39928590873398	1.69807832829176	2.0824935798979	0.598120789800088	0.635833847323624	1.40123272846001	2.1843007946544	2.09423104965926	1.8592676049061	1.2351779666819	0.667909505757978	0.223429684549727	0.560809661993054	0.809513837690875	0.828196284716289	0.970792462942976	1.22565893789501	1.9117909302379	1.0550149670901	1.22706460701854	1.10833268412886	0.875910886900365	0.226755186170415	2.18498927811958	2.14067332514192	1.65938177493027	0.951410541460115	0.634888142822835	1.24180995055825	1.04405642645899	0.720835573166494	1.19127181289231	0.817288072298243	1.63319282452631	0.731898524231323	1.31774600711965	1.57240115486339	1.78714954886357	1.00124736531309	1.03135799772389	1.3442937180529	0.898795694559475	0.71857557838635	0.48162027825952	0.994449565382237	0.29493059896388	0.711631906707294	0.788840367033428	0.841269114661328	0.624156047112657	0.638074589749939	0.834526268471509	0.634795671056264	0.649463016064241	0.861725095237912	0.530492761901507	0.493697066450342	0.991914790677208	0.730524774058133	0.545706848147667	0.634505366813352	0.903229229668158	0.533439028975187	0.992606587577243	0.566634723254095	0.907712522438308	0.779551712505126	0.83695336435643	1.43940907056585	0.967398290708324	0.661592063601017	0.684618145993619	0.553114323202928	0.736780199452791	0.282213809065007	0.675872215329489	1.01956148746779	0.507238247136269	0.75960596367937	0.340963419575416	0.820365074359661	0.934545187343895	0.685259695737063	0.333961286542119	0.76626242771509	0.608592092670694	0.735001585981844	0.765003323812778	0.920585767414365	0.373671745497153	0.88822651900911	0.801973477518477
LOC110889695	2.08984476492225	0.118438511389428	1.15524436708259	0.502698831725395	3.83822790715878	6.37143181781629	5.60628847087132	12.4528209408225	6.32781669977948	14.6725208205113	2.97818851450909	1.33165119314431	4.64873373305334	0.725593834074975	15.0928228118401	6.45590715116789	6.48108423833567	0.482114761608669	9.84221347855437	0.856936531078969	0.3211526338349	1.26443499472402	0.457582185517273	1.29347117430549	20.5453364173722	39.3136062551133	15.3192178372962	19.2731691619686	39.8314039944949	20.4016738469868	20.2108968737619	11.3112070402822	4.98494113146436	12.5661818022776	14.1051351827049	12.7195356057205	12.1822202533397	5.1944584891764	5.66463788573925	6.32781442511201	6.01851955229621	24.6835693015071	11.8424570422465	13.4697822086648	14.0339779926184	9.69441319157871	43.8733432630955	14.5182278128917	29.6197598416732	35.0704391531692	5.94650920663144	13.2548603947051	10.0759111674208	40.9409136985382	21.8604917473235	50.4915667150455	26.7229605216447	18.3933303087894	17.477278983426	32.9934148387108	46.4236066947262	65.6254450936818	36.0319398377719	44.099375150723	51.4643382532518	22.2614933083305	17.1344358020928	11.1695143268083	19.0355198820694	17.9128770865585	69.7366654041124	43.7501071316892	75.3817986732491	43.0059617795928	14.5545024859953	28.1095683938834	15.4881727832372	2.35894151101851	1.18314465863559	2.01535774213975	35.1087479132321	33.5519025041565	64.2748433388765	39.7231042793946	19.4219551911717	17.7533097828109	17.5513271429225	14.4939871084286	17.8669029898276	22.5245219367712	15.6100698247288	10.010644373095	6.93368122881202	76.6785241949551	16.1607093201257	25.9929704140239	17.2311962319426	14.4103156059213	9.18451434011339	9.98764107353304	9.35086914663397	12.1369192120348	9.56813303080119	44.4603705896571	48.8036998295676	45.6442069088092	29.5934932079425	24.113153532201	30.1312252578847	22.2613897919492	16.5441676954511	21.4587427796108	27.5801304011524	54.2984681823527	75.5704610343895	56.6029221225062	68.7994717401047	5.96452676362038	4.81971611411646	6.94073864385099	4.31866732324052	2.50692549650374	1.09124239671241	30.327451218206	8.33831655912868	22.810706393777	16.2735540588378	23.6329692276544	22.9327071608841	28.6386637580834	102.415632510074	89.0035233877746	85.6024603359892	35.5848647935491	29.1581552668757	84.5109303515465	7.00565257884163	4.5143747979744	3.97897303248372	29.4697345349635	75.6623934813422	7.1532855605019	23.7263514872103	22.4552203134749	12.1250741721497	9.40576334069954	15.645333558467	13.5145568476905	13.9940338409783	23.1147721954293	23.6272280816211	73.3919556035141	55.41182952162	103.495291099927	86.7683616393967	94.8350444352371	27.4215272868402	22.8260238369835	34.7181301042073	23.3562561352383	51.689749150682	52.6394666550118	40.8829372268918	45.2959709212384	38.5430198443338	68.6258299132719	50.1685662552783	44.1155938067998	44.015815652257	39.5324097199895	89.0523154685886	101.819290360101	97.1889111359967	91.2760532590271	56.1147026630126	61.7362344113796	20.8227594028035	41.4335064700042	51.8508441913923	42.3183797108611	62.5338185036285	93.4322260750476	47.5482613636982	39.4818490127719	37.1368955939377	31.7806186870617	10.7588818321852	13.3113082181881	22.5819505566702	54.0155499569495	49.8473774595652	66.8364277847231	32.1248921891503	15.6821034792108	87.5685415916549	89.603143950242	115.059485627512	80.7749463035491	41.7985018398316
LOC110868334	29.3047992863541	78.2868735891469	40.0498466831096	194.182597382265	13.3953502308244	23.8597836133865	18.3272290431667	52.8178977322754	45.8918305105426	19.6937945292887	67.8499257105711	26.1208932406379	104.114605901067	200.02326976772	4.63617510838889	5.3389799626709	10.2323477421834	14.2718188934732	56.8076928141254	53.2905266214253	20.9575033051118	44.8796083836519	22.4985840508831	26.0183084425787	92.2922337695723	7.01557985817833	12.3339011874233	4.81700014484761	323.485545618822	325.866029999312	9.98066933743936	26.6796525438946	6.15931375866848	49.463814822446	43.1082938810502	42.0282128369828	183.461186214897	113.60638666403	113.503139214006	133.621132925485	2.13529208162034	1.03921239234363	3.06615714208479	5.21954446610196	12.5929984943426	9.46038869026523	28.7071292316956	102.700627764309	19.5477425763497	36.0159015801608	54.5220296462357	34.7246868311704	37.5151514947879	36.5118522436484	173.98806270118	184.53174837765	87.921912503079	152.422891099687	206.028930054941	52.7555585965483	1.36089053252445	0.398115556897088	1.79644083265884	8.60298711326634	67.9662466663368	125.838645564667	121.751857367168	197.706555165961	178.923678211736	189.167686497321	33.5190550452777	2.18303999320082	16.6936960127936	30.0925479181479	23.1551628753815	22.4327990635819	10.2531916978356	4.45455634428222	2.27084235321318	3.95963620047071	1.21290494358855	1.52876783608621	0.233013182875757	0.677632741854352	0.488382094645339	1.81770157004519	2.12861973686101	2.2624567082867	2.09635448905047	1.18191566923112	4.04233554191389	1.56624379891417	1.43096845817355	0.129753692756588	12.4185900134223	9.20718741092286	17.5129898154822	13.2425639550749	9.46562255551548	6.46314078713707	0.723684776731905	3.25032342500577	2.49984166579157	1.94659220858432	1.38270742488395	0.431515916194101	0.0707913054953295	2.86183158714982	1.08823084264719	0	4.68188006246281	4.42407526088646	23.4578104868899	1.26300584391368	0.525887749560256	0.408524789870612	0.185043837823816	13.2895182110345	17.4279272468318	13.9066028309577	0.494081154391973	0.818883847229157	0.574285169145423	107.009560765227	102.015882581543	70.2885837271179	64.0731958441534	73.0580217224849	79.7097743872599	1.9929377468397	0.450087653142605	0.195981766787187	0.911512938118379	0.261309070373377	0.959061443397813	4.84317325970717	1.22894857834672	0.703931185429154	0.588938433581044	0	0	0.292391467409715	0.0904811774473858	2.82676490814821	4.01603275245252	4.39995155558787	4.53227182778574	2.72054008814781	1.89257932120143	0.430603480236211	1.5873494147982	0	0	8.96476928053802	9.16155774789791	7.72006372588967	31.6672774314545	40.4030861803554	34.7738690376286	33.1845043918869	4.45944651583281	2.70487508498642	4.32249739820331	3.68821284960359	5.2505411659676	3.12109509203331	23.2430493972334	23.1972303096604	25.1176810434677	18.1674092153835	11.0607347886553	13.1206971777791	9.86731726550255	6.85143329995289	42.2183600246134	36.3137762563989	36.7671594477801	31.2766885864543	8.90526044929845	6.62350578664609	4.92601831521437	9.10404959455154	2.67309018472065	4.03238917513527	31.604649409192	22.0799134419427	14.8970918682187	10.6513424317363	4.67152007196161	3.84784020856678	5.02188513417322	3.80653258421095	16.4287011465064	17.5271877251798	27.2864816888856	24.9682374844113	15.558796047904	31.2872674808753	32.3056105598226
LOC110868323	0.065576818199187	0	0	0	0.032750950939772	0.0326198114226944	0	0.0675467922446978	0	0.0327352944864729	0	0	0	0.0320825522113064	0.0315052234229503	0.0747611540382263	0.032165447798297	0	0	0	0.156199449676089	0.06833166590833	0	0	0.0933893796615096	0.120069154932858	0	0.125403583683078	0.292641313052396	0.228110120946748	0.067328779462078	0.0331412492559735	0	0.0935484364778603	0.283224800743637	0.215447395967627	0.11969865201688	0.881314863907845	0.561227688818352	0.741937781333292	0.164451441550118	0.0640287021972085	0.215608690968576	0.0977808441753871	0.283094595278916	0.0312257292800492	0.120049161764281	0.0588437541252214	0.232358120426381	0	0.128542750595743	0.0708437883574202	0.100012955474	0.0596182296102819	0.156357610829263	0.0591750674130066	0.0314704193313956	0.0314999628281748	0.0557406445641144	0	0	0.0613224558820756	0	0.0308170602653552	0.0364349071495786	0.103776548424518	0.238105690995254	0.231876369947712	0.0967769903008414	0	0.0272214431637787	0	0	0.0584270083088602	0.293594659541722	0.83442236800392	0.852149770212491	0.0337447540533011	0.473898106079411	0.19604246520644	0	0	0	0.0626261946262327	0.257918993765	0.0671961227767983	0.245906347369484	0.0896117861459384	0.17094984121303	0.0642538581579198	0	0.0328979116041094	0	0	0.104337696798538	0.0911699775570513	0.235708894367422	0	0.0620428460179437	0	0.167205703312205	0.174646453990098	0.29704251480232	0	0	0.232635106721621	0.26169869322805	0.0348010319203079	0.107757100049179	0.182277826120417	0	0.358656987511717	0.0677484145503502	0.0583629191075953	0	0	0	0	0	0	0.182650103071649	0.126134153072634	0.644481013925975	0	0	0	0	0.0401902092808956	0.0370558552379768	0	0	0	0.064800913239316	0	0	0	0.151437729415808	0.0406604203678999	0.060476831387037	0.0377190406605043	0.0637782022944361	0	0.0836218718316981	0.54426460912493	0.288678485281818	0.381224507917337	0.349056994118933	0.107755633815054	0.190120043284159	0	0	0	0.0374315666487377	0	0	0	0	0	0	0.0537107069775033	0	0	0	0	0	0	0	0	0	0.0300898789768324	0	0	0	0.02327952804154	0	0.0132861670444052	0	0.0104958706853228	0.013902296933976	0	0	0.0130245803161487	0	0	0	0.0160677581755006	0.0133150437732242	0.0126203496029724	0	0	0	0	0	0	0	0	0	0	0.135711582226295
LOC110868317	14.717228856764	2.22711967079349	1.25835804603203	7.37776148858346	5.12661552043898	8.18204432957806	5.08197534073937	25.0107958137173	19.400709333335	10.4335403018203	4.62643586960468	5.496671069533	3.18461066001391	9.43891878263052	3.86211019984794	4.22985999233145	6.55152041323964	0.939736544364528	2.8354958547498	2.75114483110252	6.5986677073123	11.598271196585	2.15859079873622	5.99822005248437	33.2293164953138	12.5110130618272	10.0770201719535	3.72493970135255	67.3324176479817	99.5919627004467	0	0.0625025327333541	0.132537169480992	1.76427091445796	1.24634078313853	2.49597600533281	11.7951724701903	1.49589925334141	1.87633230815897	3.67951699094185	0.310146172497733	0.181131798504874	0.232357639194133	0	0.11864455327352	0.353339818552075	0.283007461669209	19.198850040708	0.766875113921284	1.14245150883229	15.8181921209012	8.75128480854706	11.8829850807517	4.27259190260867	10.4977871968555	25.8355967816455	40.4183316191723	36.1195525575077	19.3427647809827	6.69600622380474	0.0564760461957936	0	0.0579841827587338	0.116238485948681	2.19885396272348	5.61054641774189	3.7848832570229	7.37172628378574	4.6237377149142	4.25987027904058	1.12943844824751	0.118905541798338	0.326928571343912	1.21209057879618	0.799793251927847	0	0.0642842621834194	0.381844253094704	0	0	0	0.0666149840222303	0.0676892378635063	0	0	0.190092164192678	0.265008882902374	0	0	0.18176874572867	0.113639954993563	0.124087223207147	0	0	0.524733412761374	0.515824354949292	0.691496900994724	0.402582849292696	0.0585046596185268	0	0	0.197624035647591	0	0.0678571099217347	0.120501008513983	0	0	0	0	0	0.143164654907973	0	0.191654551041232	0	0	0	0	0.355264672406742	0.356530366778145	0.306820478299815	0.602818693591491	0.0792939736049652	0	0.552226961104029	0.326858116586859	2.52525670837631	0.483752756010522	1.59172597527904	0.419311557102504	9.91433170612407	6.9950369600523	9.33681273952128	9.34913223925495	1.21454496966046	0.455895582075192	8.08483111264654	19.0640031273977	18.0205676711645	7.86985735476035	11.0972144300842	3.18747574551357	18.2829801192868	10.8028711820616	67.8142919681557	77.6981372757621	73.4945054014024	80.8394690482619	49.2472385273793	39.5128394793244	4.87844344476446	7.77312471128755	2.0722515299607	1.05890745170164	77.0365641135465	73.7636495926712	69.5534990741702	113.052320626316	121.738015689842	111.232249175167	97.0916154810248	35.6507377257175	28.4049904256093	28.2313050367108	24.4848366154347	28.9223376570444	29.0261843559098	56.5881648867941	76.443032117449	89.7748188037521	70.6510358376025	72.136169880014	69.692044825365	67.1471656590069	60.8946829431408	271.086212492088	273.99790169364	241.767375848473	241.395415085652	208.62418803226	167.634779196615	191.872950511953	243.106208209793	29.7234666657845	28.6990589686836	249.552137939116	214.847479542309	172.088588118974	127.931825031577	161.951801815117	147.887094625639	130.036075356589	103.188401353613	194.42228011725	212.728107499643	46.1923549150014	25.2850526984883	32.3419048555724	31.5716370648274	78.3189905948646
LOC110868358	12.5509528660388	8.86237872118959	28.1712466574318	26.2923700753616	16.1956262541169	69.9597757138764	8.57802779962666	139.77489683616	120.882151429513	76.6826060764202	120.581189133644	41.1945002908839	209.255167570474	142.962154989621	14.1370474464013	12.7341221844019	49.1910558848558	7.8377494571506	30.9549384734871	19.592786511674	7.15203408423277	18.3345266009978	53.4554300958487	62.9239309966588	28.5643291695417	2.96876136744286	2.77275262531716	9.58907012860257	110.411147759507	71.5981976619192	12.7629526734128	9.34759017236036	19.8216470394622	23.9298165335821	30.0863387398373	15.3328250634166	30.0344645758049	23.2974186452752	35.6025780516687	40.4640956866799	18.0716997547431	13.3687135526764	10.1543188267171	6.86499832143475	9.27523692703224	14.2403939742896	10.6088062288901	28.5059891766398	10.0540198730359	23.0654852925527	9.41711009044633	11.2883663888458	17.6458635522368	14.4132883092764	32.8181209110973	40.5882802870589	24.2658044246795	23.8847362451713	47.0123205128915	16.6409001578918	8.39145059251619	7.91805882370008	16.1611686914485	18.0613934485003	130.325673448535	173.215417526234	192.068138717906	232.363170795696	242.771144458444	215.179225195604	99.9621504210979	9.81527220031911	52.6509283627866	87.4805446012278	39.4329842259158	40.08732080553	24.7842908331418	4.32627751653711	2.35586609186702	4.84723405781101	9.99148580935324	13.973558114866	2.69516158092253	3.44102117743513	3.60191318632736	6.89195303562844	11.0021579807919	9.02688460443563	6.88813182347914	8.53193001109414	10.8152971207213	8.01364385910898	4.17821581985814	1.75703908444179	67.265748091423	58.4983176745861	62.4531736986537	56.1033115425194	50.5663713652954	36.0491113420476	3.55237776909039	6.97310706124709	5.37992445859512	7.5783476700814	8.8937639825219	1.21735509378731	1.25817464564047	19.1853039840981	5.32868105672212	1.40214587368885	16.9619964383557	12.8749465607482	34.742993496086	5.39806924357567	3.61624741982616	1.15249453200628	3.34098910517051	11.5233782158265	10.9411994460107	11.4716634759016	1.42173586470514	1.46310370173592	0.763772397342392	53.4277969539673	41.0747450518664	69.0869038890463	68.4552735522356	99.2247988734789	92.4366113186616	71.2626813473599	2.09508429807215	3.64905208518732	5.16274233731455	5.52886781113718	7.67412376067289	23.2080912382334	0.624060471531758	1.7872823779812	1.77222589824353	1.036243847163	1.46013279043814	1.60849518245477	0.612618268520522	0.132910379846629	0.0755312105462122	2.01707347541494	2.94079156168469	2.56562633897871	2.43745166257289	38.38707988398	52.6495652882818	0.652684527082111	2.67370001650406	3.17603207286775	2.75921252814813	1.88650565163478	8.54680395132906	12.0813374032018	9.75467656090789	10.3290465664849	3.67353573880954	3.62460997640373	3.04171252871868	1.60663351110049	4.98869412948449	2.60375288684058	7.45482836502314	8.52166334212142	7.24344751187077	6.6132014824589	3.2082555094206	2.3100581805338	3.02059061576318	1.91865439381366	4.95065679761587	7.17846838141789	4.20569646069713	3.53709204674054	2.16429050084473	1.74856609132358	2.54449431039011	3.05340051991934	1.67579756770203	1.94337008640896	1.86405628180202	2.61911978272286	2.24357448963869	0.855230493063833	3.60609058717066	2.24183301396155	3.04694086430569	2.26131355253531	9.48501242891094	14.9946528931313	15.3166156901248	8.50608323549678	6.08018144389283	18.427236047446	11.9804745103322
LOC110908794	172.666454117984	70.1681461344941	643.801542622398	264.443042675713	578.591170854784	1068.59938218102	665.663475242383	1435.22492074794	1581.00816313078	1242.65470770754	1799.14327330442	1265.67815862631	1446.42866547958	1459.95136685794	656.594280436855	735.34822996379	889.605717189366	576.360723671707	533.063827392435	475.13712881087	75.7215643434476	257.899462212098	1366.47673861322	1145.59296417336	264.66599133738	188.666393400198	131.546184068566	88.6557337071551	303.233752908002	313.117001105761	12.4261289746081	37.8544269536554	12.6818971950545	101.928633416863	76.4715207271305	81.1033779370685	191.091109692045	37.7720005061332	55.8702052819763	84.8635706071253	23.8086621170596	36.6329175369203	32.2129875559639	29.3419960152408	57.0208831623451	57.8219782983831	86.7782442947096	211.350422185645	59.3821109345915	41.8435009072658	48.6336164319472	260.916001968164	141.718619949336	84.5403157737094	175.515883565345	84.3366161647065	255.558494826954	354.629607716894	214.607323386118	381.181948221894	681.142549329834	560.787485790708	617.87337453215	516.936403820946	1132.83527864636	910.329816316723	921.300701401143	1014.50989120112	913.427833918426	1009.55816412871	194.762222258427	445.857617737993	145.451092445179	166.960304552031	238.884569686245	170.584745798782	140.146709492407	72.727990677315	74.2039883366559	104.725028832646	511.152747212051	448.939030879808	413.563803760722	515.946314643467	340.745680305084	399.126306964887	353.708744702635	205.508130956645	195.728858953923	261.812081347755	186.335781573987	81.359494772417	137.564496802316	443.434944825677	329.499357736043	282.306840199977	437.116414853967	391.196259271435	286.454908660674	174.141298464178	449.791578068494	615.928532097343	649.266737203576	460.18765873748	428.648660650744	443.387942878212	554.094986008465	272.471229710773	404.379928188048	335.363436521939	363.329387922476	332.217107629896	341.347635357113	559.574187615018	558.87744591968	386.085064294837	391.141193172611	219.954752893587	220.738381310155	217.351492844847	101.597325236522	142.692794990123	103.862858363873	454.245259051198	353.62765360252	464.589892267514	396.605436375334	470.349564376887	489.443703846441	481.962041988413	409.584350405727	426.828033760539	370.614363330493	231.686054784223	116.905363835854	77.1145541943694	27.7939153587899	46.4429358360461	33.608638974867	52.0557021204293	361.037764204839	116.022913337059	147.129506587065	42.7837932331626	22.4952394504672	11.2920881898775	45.5961719419938	20.550175740079	66.4339539056397	417.355998640094	500.100556095708	347.058964456776	373.049858399483	480.856495283438	418.822564128351	460.826173076267	620.122993064366	594.095621614943	676.90523664958	576.649126796443	305.776263428771	312.14711261871	249.165114484588	288.38428069036	319.364588211001	372.904080240553	558.405521660196	468.587231556376	479.966940911038	509.613017452192	413.045211801999	500.502341216746	409.919053047316	425.873205553137	60.2686050715808	24.0576397855831	44.5305090402406	57.8334024802389	54.879468918671	39.8466456851057	40.0605457737453	53.8451848017042	344.583935617003	352.123591242958	15.5400331953593	65.6682119814657	22.7173950677462	20.6781066492189	22.6687198386152	18.7330472631044	18.1222852547786	16.05836980468	86.8900940093485	37.6059511690056	355.886940156293	390.777000194361	410.950413691079	353.808161422136	656.225829492394
LOC110908807	0.256623948552818	0	0.0687129722504331	0	0	0	0	2.11466490920734	1.11365239795092	0.416338387043791	0	0	0.3360034128574	0.125549720986912	0	0.0731413290340647	0	0	0	0	0.061126051306576	0	0	0	295.355638734971	263.24501838677	358.545276269578	267.701956171887	372.362757101235	472.111343377483	74.1037378954496	197.19783461871	112.89350424929	147.349701436886	134.480170500648	137.669039331348	352.720805844221	194.056915731616	202.606001801869	251.578552825917	97.6270368134053	168.881251199328	143.25647185703	218.620149733449	299.487030543766	345.266739822782	258.679432745469	374.715359029709	338.37131923915	171.368477937678	162.038741902858	346.128345010723	129.874268091896	215.224789804598	335.187562917351	236.724235554329	345.386068838304	430.766506669963	248.015768362244	278.923589175194	0.175781693784408	0	0.120317179224373	0.0602987145858784	1.99614711303491	0.338426855139954	0	0.259259865065346	0	0.126274726128703	0	0.0616822498078877	0	0	0	0	0	0	0	0	0	0	0.0702275842833878	0	0	0	0	0	0	0	0	0	0	0	0	0	0.102489719254575	0.208839853070586	0.121397168708443	0.281626817431475	0.130866330459019	0.136689957989584	0	0.0704017515437997	0	0	0	0	0.070281575254298	0.0713313892884567	0	0	0.0662805322350926	0	0.178308815085274	0.0615624162513354	0	0	0	0	0	0	0	0.0716169340181787	0	0.374279119277203	0.716990691944167	0.157277685652572	0	0	0.406954253049772	0	0.443778254167249	0.393778251882103	0.078831944400502	0	78.9674564000888	110.189061523336	100.878882568742	158.456306783288	0.124792682489447	238.924946423841	228.822750710472	77.8119388466093	49.5452010991916	77.2451217368327	152.101468834994	118.001159206671	195.59841570474	0	0.136688421829845	0	0.366205493713484	0.0471258462663941	0.0746268029764958	0	0	0.115240138027565	0.0592116257153595	0	0	0.0407609648223647	0	0	0.134359367100822	0	0	0.140061184674355	0.841132220128472	0.942013811168034	0.0469518671584156	0	0	0.0911005530692265	284.860460987205	87.4785596176556	118.949899377509	181.669597041161	139.084649197158	174.607867034465	221.588820241254	173.041535011611	0.044757760037375	0.1519146616327	110.848464940846	106.861999975383	66.8262074412464	77.5385866040225	49.2471047073364	91.4647417886359	87.495074063314	110.201863408521	72.1411542383115	30.556898288426	0.709243081543758	0.285765165301543	0.445416720632607	0.661728756661787	0.265542329222784
LOC110868941	65.4117093063901	12.7555326340863	45.1158127409427	40.1302918412202	25.7242985189287	60.7142914977343	11.0570749064924	73.9850512051411	68.0345177870369	68.1094497939691	120.498426976421	22.3241133740375	119.873103697346	161.918928418708	12.3071062986257	11.3225900817858	12.833784735949	15.9808819033144	60.1072753784435	31.5614146310868	41.8963611446496	38.1836619576183	36.1301496680522	33.657741269633	141.048206824642	88.3515630510082	85.8840342428021	93.9141190337195	457.816297421636	473.29826216733	2.32068645366533	3.32308839514701	2.27547689329131	31.4625697018261	25.8352758040136	31.6329790264537	246.608508857001	47.4987939072553	41.5664363640198	41.5598594718958	6.52714209113335	3.8788633363099	7.78547966112102	13.0046202923035	13.9301794444007	19.7645531511702	23.0089598485029	225.132957453243	9.58642626203964	13.9198162041443	123.519976924778	95.3058207301738	67.0645592921684	66.1933141111269	314.671528022062	170.897489395049	117.4786273866	155.491102988141	254.189439494634	124.684666288423	14.3252697069855	10.8885549332248	25.3051433884713	22.4027964511235	156.637166699003	167.358703879886	167.409000349308	131.544395949081	103.57537296825	116.545730325548	83.0224954456286	11.3267049469289	64.5785730005623	81.4698094772184	54.8571579464404	50.9516160435134	35.9582942537992	11.5606405096199	13.717988948681	24.4350770422731	8.27379582218977	9.51841593317643	5.09837266683669	3.99013549996711	2.76127065077502	3.22852261071016	3.15552725671232	9.42220627356766	17.0817015417069	9.59703399934866	19.8250664366551	8.93394887725833	12.0865274019441	4.75955938821542	53.4723888769465	43.4228651826531	52.959100483147	112.372191403105	86.3172751172489	41.793018814564	13.6920644679544	18.2415424363323	14.8922951905163	27.1334864490872	12.0125782953664	4.30428168481274	6.97017240139512	31.6237348601104	15.7570791495401	2.58925327666284	16.9676863910726	22.476688790325	54.0622704209367	13.167173024004	17.8308815085274	1.90602498714099	7.26401328966148	6.2174478388906	5.29181148483967	7.22181430517746	0.0953875538283435	2.45924192159171	0.395970645985501	49.0869092238478	21.5054611173914	66.0915654752129	29.8533490951842	85.8870493358972	87.626416056768	88.7347109668012	26.79236185559	30.079888342786	31.4728350057607	2.77466526237212	1.43075770976	7.96747031979169	19.7717854019305	22.5086537022373	17.3077804388403	25.8443886569781	2.06507463906024	33.5872992122823	62.9733700172849	11.5211068765273	19.9003236241783	15.8388306525893	7.07293814524481	2.32601336717976	8.57854111319755	40.3192733785231	64.3554384629482	0.372215998095759	1.32928684550802	72.650948763708	67.0446135637593	62.7139092363503	108.554285887864	133.366878599872	110.310626555127	105.131349968183	26.3448547637304	26.2842947537811	28.9732114480514	21.780298197052	36.4826324191911	27.8038480040298	70.1142921374507	75.0274370929083	83.1553490219536	61.913941548077	86.5685493764239	80.5226255123934	89.7270173097952	65.2617129282395	19.9235078534124	20.3717130263998	18.8825501894552	17.8254621460045	25.6726444747888	11.1742871935612	7.72424329488341	14.8011145309435	29.2916443803319	28.3826325114476	9.09349841798777	6.61231134397406	3.86624329746862	4.92997564259317	21.9277226208368	7.67089837339511	16.358012109626	11.8359860991486	20.9297512459592	21.7563238977221	77.6128994927778	151.689437923054	77.0761140240587	176.676868215482	112.094772570842
LOC110873151	5.54538186302161	0.379579363910365	0.462800187280747	0.920618039551625	1.58258477244608	2.79425759737977	3.38209771440359	3.93161506739905	3.19476210201073	1.68968014890047	1.02631077690014	2.19854377614623	1.06867315595431	1.90262439662112	1.03799248733051	1.06735709348121	0.423897875194021	0.128759368044224	0.455493995569627	0.15257585258687	6.24412048894116	6.00347059130996	0.488829612591886	1.53533320970467	1745.47412199242	2038.06933587092	1363.21313015918	1576.69949226584	1838.83821717206	1443.53408527167	393.223501717993	1161.62974238708	183.068670103412	1645.77841987435	2079.43207133167	2117.65240753101	1490.37978535208	764.883249753693	890.742081144368	984.656082910587	1120.61353556448	1629.19241853804	1730.5022651821	993.384103956961	2049.73504448825	1759.76946760046	1651.17301597072	1540.30214464045	1340.40172445257	992.236094168807	1798.91094290738	2043.47615230849	418.916379697641	1570.52698230027	2264.30884503403	1061.95908112594	2529.28166426283	3237.30392534588	1579.36345306957	2387.61082511619	1.51280784173672	0.471419964863328	1.14802172880131	3.92590321344915	1.7606001531512	4.0269313352481	2.46550599506565	2.91030718501792	3.75532141596442	3.18935229698314	7.05526840853993	1.03861599302337	6.47281872076136	5.26160078192456	17.1963894132576	2.81963548977938	3.89313670136068	0.444711033772597	0.223048126367992	0.502362637688344	0.902776457856525	0.853407115233344	0.394167919270652	0.206332514007102	0.354065597146995	0.811759335397169	0.308639905718855	0.984136921752401	0.0625803285263788	0.493955291245823	0.46322367061221	0.578067700254062	0.217857920082081	0.460935124642792	0.687516123712722	1.20149919908675	2.30098527793246	2.9694721858493	1.70342145053943	0.948415849161187	2.3504523337822	3.52913268523153	1.81232674554581	0.395145471714498	1.75425345650034	0.291983017817648	0.502956001157182	0.229315686479559	0.788941911180145	0.480435924113085	0.583573417924688	0.630216356727791	3.19932222949558	0.705050268807751	0.133439711944078	0.552852381677099	0.62604478964403	0.496506473878085	1.07959662980435	1.3400075847168	0.702066673078958	1.20053598016498	1.58210460536321	1.20589785998804	0.913612771152043	1.68057976850381	1.85116399416829	3.00137024070389	1.87199663823358	0.505691640627005	0.304549487782804	0.331525127789363	0.640492468930414	1.23769403772111	0.796431243709468	0.553877440997355	460.518876904851	744.742649496455	572.71400918353	870.81331695627	0.630383990124426	1561.6661780391	2482.58725152448	696.786458456882	496.111742083421	355.775939394221	1054.95799002354	454.108785003501	1303.04244063051	0.364207028419308	2.37830182042574	0.195683246894122	0.904380265110942	1.58702569278783	1.46600829046437	1.15878767832512	1.83483512514587	1.81107045730878	3.58925476740439	1.59263048622348	1.26733381806362	1.09814386050898	1.08447475741387	1.15605472099018	2.21209060895647	1.35763257043544	1.68506672430832	2.00461751685466	5.72819697150166	4.16371866956872	2.05551672873139	1.74968908716124	1.11869725083333	0.869247559687662	323.700105187197	405.605327541106	576.496495592141	548.353062417506	1129.57418867212	674.576986787482	413.054241196492	703.865767617708	1.20582178585257	1.47793496817594	276.740728017978	572.753081539857	313.514600745151	318.169095603714	1308.0642777594	778.369543862044	767.676090842134	419.116096705662	1524.82050736483	1352.58216912989	2.61594401317757	2.56627276603817	2.70833366147048	3.03318139162091	3.69622998955569
LOC118481678	0.0688615246563913	0	0.0737527430237206	0	0	0	0	0.0945735648124927	0	0	0	0	0	0.0673790989196309	0	0	0	0.184674102557167	0.108882621033974	0.145888717723939	0.0656093573952515	0.215263083478657	0.133544302545547	0	0	0	0	0	0.0614599108271044	0.0598840076009575	0	0.0696025521046743	0	0	0.066091416432723	0.129279449458724	0	0.185091887339501	0	0.115422375311109	0	0.201707593147199	0.064688117351676	0.0684524216230796	0.132122065139116	0.0655796174861856	0.0630311788511923	0	0.0609992024554049	0	0	0.148784628857981	0	0	0.0656757907383023	0.0621391137234971	0.0660935103668307	0	0.0585326625387033	0.0587137305694709	0.1257829651409	0	0	0	0.229559468659778	0.0726497721230671	0	0	0.0677496640507977	0	0.114339800623528	0.198619051259746	0	0	0	0	0	0.212610060421693	0.497635399407181	0.960689909997925	0	0	0	0.131526211969941	0	0.0705619393022909	0	0.37640156327489	0.239350165276204	0	0.0632744829906021	0.0690914995048739	0.138873056987325	0.188885630555767	0	0	0.0550034271491459	0	0.0651505377683952	0.0755707023519163	0	0.14671551841458	0	0	0	0	0	0.292353570479009	0	0.0765632085385939	0	0.0753243834237487	0.142283790129	0.245145141439416	0	0	0	0.0791242427811081	0.0794061371446852	0	0.191798945443753	0.176602857134493	0	0.153739393241171	0	0	0	0	0.155647849908354	0	0	0.126797982685806	0.136093510094735	0	0	0	0.318046322601357	0.085394156550831	0.127012164666156	0	0.066972817078415	0	0	0	0	0.0889599626903107	0	0.0754353691704671	0	0	0	0	0	0.0505823036848595	0.0400501625991927	0.0527619059600286	0.0604971546721651	0.06184622792177	0.127109035524922	0.0564010465041046	0.0577042274261013	0	0	0	0.0480713299108486	0.129812989069364	0.0447559214938777	0.075167004297507	0	0.063194128656174	0	0.0464723125167801	0.203746036483658	0	0.075944765372273	0	0	0.0220432060546851	0.0291973105554345	0.0589724752466807	0.0224442115447924	0.0547078972850037	0	0	0.103011839268495	0	0.027963973863623	0.0265049918316452	0.0249100595553203	0.0270598806505856	0	0	0.0308987892692507	0	0	0	0	0.0591886186638449	0
LOC118479416	51.7615964315046	13.5256780006727	41.2277833502598	56.2740018937095	72.3180019159797	171.352702249663	289.429308368598	615.136900118491	581.205445323036	514.201757170189	376.991243854808	133.322625060003	488.706240487912	292.984965911586	558.741785786511	438.941346113794	467.046545132897	48.9074652369339	432.230568501396	85.3691111876159	28.5601720572853	105.994626291769	60.0386770563388	103.627069989037	212.746570491537	239.034184572908	269.529022249932	249.888919635848	696.843845579501	628.407103992246	75.9326812137203	155.465741286364	76.6237560911423	142.929405120489	183.860836334472	174.594509589262	412.085657925572	264.389583813532	236.343401010562	314.094243923204	125.2875056933	155.857168344351	226.581141767624	263.050859178024	310.431895920041	388.663463338122	218.1535921818	319.396635822044	213.297338866723	166.206544914421	87.7360339334824	279.948725776615	85.1884819504855	146.759405191096	204.419811273265	160.597481731336	255.007887925892	364.144395819922	448.191073013005	476.253302443489	348.646159459202	250.595390221896	329.003486679072	162.036758557371	1108.40770621514	935.354223035746	878.796865697761	546.183309349899	392.016133243375	462.649102965162	996.952805977527	234.182567142968	1211.33556864529	981.395102118767	194.911317182586	190.791835260811	169.603767644008	53.6927859185374	31.2844771001177	71.902675712138	123.200174482803	168.782881086155	213.641276613591	80.406171022288	66.1160249511623	82.2451948693213	70.6379062943702	81.9996144623613	81.7725835135203	69.7363527828285	153.071205972793	75.4364512104682	128.750245294012	211.398788296413	144.210976616214	105.894898825893	125.015651167336	473.311088278273	321.340888489732	122.777308280232	372.467851606448	583.607954675952	469.01018759291	654.916038510215	205.325065509875	186.364761802038	187.85414286929	245.833897127065	237.940516052423	165.822714758655	110.357103510392	234.809982564016	458.689487548643	297.178892862506	512.391246072706	134.389444838021	225.121577124402	264.629851535247	243.756398177599	278.467736467989	48.3610838864858	90.5292548224602	40.2457824653774	1224.83242345729	845.912282940796	1589.74657743716	716.502528068801	1182.79512278208	1191.99792895314	149.523334676457	196.810003655773	217.843115889815	181.369070076986	27.5477211103906	38.2418794113074	12.5977656260888	121.89818925358	158.948504140737	133.162390941805	194.181954997288	115.499610389169	263.076889891247	362.192303059015	79.213738024464	67.0606263405095	52.3737584600477	137.934550075166	110.086365247743	151.77663295461	77.784624949797	108.449175532658	73.8824997752118	53.5750845696578	1492.70616710013	1446.50561233229	1394.18318505341	827.171674834397	791.552633179547	926.800522845986	795.382318074755	481.791011023316	506.979676933148	407.213768755624	513.736545503349	544.641417447842	473.37383635755	657.296128299955	704.969662818909	846.930663518294	714.402229400439	1397.04781241917	1459.57796884364	1352.9157319654	1294.6357745957	168.051142361891	158.700947333298	200.158099751562	243.480483698068	229.123223340466	181.240735542382	174.100130982087	226.076951736725	565.147665357034	573.009174771173	201.726441033548	159.457184241497	143.214457753892	129.532207218835	43.7591836200709	63.4990038057351	43.4872663162322	48.7110402568619	94.7778285887174	51.7284733215052	1595.6029156092	1469.44096063993	1688.50844925769	1532.81722846316	849.30606591672
LOC110884851	8.72067223400728	16.3385402397506	12.696697881319	17.3458424441803	11.3647538749554	16.3349623452542	13.3980079977173	17.240133164666	17.2139780686218	17.2430411625216	13.7868958683087	14.1919949202102	18.6734640065882	19.9324070310195	10.9979437631068	10.7964368875062	15.9069240711819	12.7899073151539	6.03267534309296	8.08300959226581	7.98425236535453	9.51297730445561	10.0415861050354	12.6363357966517	43.2088141538083	31.4979645509043	27.0779044251821	31.4642030525753	26.3903418161424	25.2396783469848	39.3820926821363	47.4468894613582	31.5415005458657	39.0707942467727	48.5844435874653	44.6393930519504	26.5507499375035	44.2555248622515	46.381427460873	38.8268613303175	31.642320167032	31.5978812214808	31.1685668159271	23.9748246111588	25.8170022947279	21.6709877210191	44.6510639789674	28.4889171520731	42.7288077065142	46.3738467604722	38.0611671874599	35.0346983938469	39.9003898539528	39.083917509663	43.0806451965617	36.3957037633442	47.4089334759599	45.1625838736129	31.1561592871057	33.4599678295231	20.0360019110015	23.5727861823505	24.9152388836312	28.6872468684675	35.9609309238274	37.4485787315928	33.148526446557	28.9774521750028	32.7777671114152	33.3231179925479	18.3829055559996	19.2579625948874	21.7320704747769	21.4885229602912	14.3701450588044	13.003697257123	14.3069461031045	17.3190022847224	16.0365681226913	15.8867262158266	17.5466915172477	18.7889625730666	17.6003998841198	17.1120257568008	16.948587470369	17.8022152882213	16.788781774136	13.9651641949555	16.5173854542664	18.4913505887073	17.9043268913974	20.3022619863676	22.0524269670343	21.6780527924923	21.6078137795891	23.3011099100767	18.7202460656144	15.3026016232252	15.6634576970717	15.1031726870331	12.0906592034705	12.9190154984845	12.6872495162077	13.9059034907753	21.7069770270665	15.8827134050498	16.1773794850079	10.9914593701152	13.7328954125212	11.3625221875418	16.4043889535259	15.5756159996106	17.1038966369496	19.4639818737821	18.6829767310588	17.5861486424169	15.8130603535016	15.1088091697795	14.4555710480597	16.4797215971764	8.3495342692647	11.7941014280129	7.24717390443693	13.3093417201925	12.5322608488869	13.5137947491238	9.59371616123523	13.6121749175412	15.4764927149139	31.3347573724625	14.2614056820982	13.799660097965	16.6290612560269	27.4320566266895	33.4024203353632	24.4959650636492	25.4881760018882	23.4874738341809	25.8238210795441	38.8742446951758	12.9210122577569	32.356156222639	39.6163427910342	28.951409324751	34.9619936844775	27.900835873648	32.4207842937602	32.540548523368	30.1815063970125	26.6678832350713	28.0150783148602	16.1671305084401	21.0778808063053	6.90623021390696	5.82485311728047	5.11575704832263	5.80590658015719	6.24132428963448	6.47659906054728	5.46860553909355	6.62260694374888	4.02559617183708	5.08302828675067	5.36408416199179	7.22924736259289	4.62363998589714	7.43914707846557	9.63075579574988	8.15823817044961	8.75322567899501	7.37933770560585	6.85084138377899	7.86171210863755	8.56183958933793	15.9293137251988	22.4168913441186	22.4229087283491	19.2138337603633	10.688282729523	9.83133787999598	12.2132262645069	10.5276875863021	5.70364375697523	7.52851420480639	16.6890574729925	16.1592164238057	17.7068872379642	18.5138071616391	10.1046664592635	8.56720610756949	9.97406414059	10.4376794809314	11.463997700118	15.050506187497	9.2533357794331	6.61559002149412	5.24251538443687	6.73440770054031	7.27538983428089
LOC110881936	0	0	0	0	0	0	0	0.379425521986963	0.0947285399639269	0.441315625574574	0	0	0	0	0.212366309848098	0.167980085819862	0.505905550251493	0	0	0	0	0	0	0	0	0	0.0666979804044769	0	0	0	0	0	0	0	0	0	0	0	0	0	0	0	0	0	0	0.0701607773679957	0	0	0.0652603907609021	0.143273948979723	0	0.477534588698247	0	0	0.0702636689429875	0.0664799321941338	0	0	0	0.816598430714537	0	0	0	0	0	0	0	0	0	0	0	0	0	0.0656395289517721	0	0	0	0	0	0	0	0	0	0	0	0	0	0	0	0	0	0	0	0	0	0	0	0	0	0	0	0	0	0	0	0.0746722119729823	0	0	0	0.0819116432020555	0.0852822944308259	0.886449059660537	0.152223231927485	0.196702584781771	0	0	0	0	0.25485950620409	0	0	0	0	0	0	0.171917681581873	0.905672452982106	0.0903029774081751	0.166520857605301	0	0.0778859814449324	0.271311281612884	0.218400781271647	0	0	0	0.17013195630063	0	0	0	0.286605203803514	0.227687613975747	0	0	0	0	0	0	0	0	0	0	0.588732276974787	0.432926434600367	0.599870952155564	0.169342997693718	0.388339630182664	0.33083293213655	0.0679942113477812	0.30170511957698	1.29644004929187	0.280841097340695	0.907675653856359	0.788403506691226	3.13719479163641	0.55552505944325	0.574588940441975	0.36188057284283	0.515143177877725	0.405651880407287	0.916572334958544	0.546905740986949	0.708431792883607	0.679984989416236	0	0.0597051104694039	0.0596476794270954	0.0235830663819501	0.0624738625855995	0.126184167130697	0.14407250817461	0.0877943959300969	0.873740004557369	0.290745763890336	0.0826559112216585	0.180512421990791	0	0.141782683577891	0.293152069293138	0.202651316719123	0.404748296081908	0.34202052525598	0.297515423566699	0.17261056103103	0.116348830875258	0.196890831595321	0.255741657779487	0.18996997798903	0.121971596198025
LOC110886572	0.398484392162761	0.0700086853036888	0.256073188510931	0.594287852826502	0.557240817439019	0.158574155735997	0.467839344810745	44.7122471744926	21.9809928097972	88.3997989499573	11.0166918622264	0.357788834596931	11.1305478379263	0.311924772638291	78.9518289850902	67.4172250227031	25.0184584448535	2.06608135027897	34.1501436393699	0.844221461777245	0.303731931958142	0.24913470738006	0.154557484726627	3.56798087211803	1130.89472927962	1291.56053211677	747.139936342997	621.357621256231	1186.88554923837	1213.21465871141	197.77361986838	412.197409622912	188.923091366709	640.461390194146	781.048518293468	784.839879593949	1185.08988675111	626.796240282934	465.979015588714	1007.29071088547	286.76095845403	399.037477261069	554.463416526999	1034.81609102181	1688.29541232164	1551.36663812103	777.564758746472	1175.4763555042	1060.02027101689	847.258135602535	540.757927964525	889.477791313744	247.147266850069	685.209593557233	636.81068761133	461.992860469767	1001.14453788349	1163.02427973626	1636.32663181141	1547.88612499144	311.239139802123	302.651966022532	138.103197022758	61.7968192960866	47.3797118666228	38.4251112543998	35.7997998142294	22.3833051205485	12.4672006014471	24.3137671427937	49.0286934518399	129.187916988943	41.4329506695429	34.2256463123376	14.4310521543503	18.0976231508593	14.0017910814724	0	0	0.0794181691346998	2.99710569393983	8.15619796607587	323.744801584661	41.0998989081227	21.6283499057221	16.5779651888324	3.33009997653333	3.5576312007117	3.25488969580833	13.4313178779632	0.732307163390198	0.23988911939891	0.482174154384565	446.103538382805	5.0721513888813	2.36374997713133	4.71070759306743	51.885677781512	51.2733383364853	18.6293515878584	188.983986532435	165.556160297943	98.6738744478598	298.573391019295	108.402258187098	247.910584243904	106.784580495908	74.0998270219684	56.7490980314207	59.0145407032449	9.68695626958838	33.4758402654414	71.7970485826096	349.470513735223	641.321063283931	308.882731974091	395.379234979179	35.1645827296512	41.4472087565413	37.9618877498901	2.88572036550674	8.07345628769809	2.48797456819213	68.0583286011264	66.5592754801252	83.6897409563933	57.6264568556368	57.0497940503738	62.9585885310973	13.7104729956952	815.677872417151	885.78077956887	643.576910923648	16.5337949237455	15.4726052363718	1.915421145271	111.43951347757	214.561923508005	138.765654752944	247.815034258536	673.492930528448	387.032017196116	309.252206961748	525.196191494263	250.597856936449	117.68076952683	523.398026614684	400.119349837913	556.107660752581	5.23952906205292	13.8386414647607	452.946282982953	302.9724954201	485.776735799427	517.288895166269	477.947821560189	199.336621609885	153.176332533533	240.30357914544	177.027821342846	331.11498096158	353.531747068013	252.077053733114	228.754484632409	221.651229204834	319.708697253499	178.807597344199	169.63932305279	225.416469096127	183.136846519003	367.799346957725	388.971139014155	349.16892635498	379.227271223575	846.5135315381	846.778699891853	767.952603781726	920.283635101357	1126.87908702499	1068.65237251919	1318.60983530517	1275.91598634692	307.243952753459	307.351982085869	642.748822685419	594.807117045785	539.250671793516	525.134732790387	445.879441874046	531.650125183659	488.53627059343	455.253552454053	729.482734756988	548.469802410554	354.432744920536	378.771964443163	451.549269684795	422.451474361619	80.4873643855396
LOC110890809	4.29838717416485	0.606835005015225	2.63068607618807	1.79886133716975	2.76009210472288	1.2217956884624	0.826065283808405	4.58563925974672	4.63867621169319	6.28387104610921	3.17214959069605	0.620262438282298	2.67998734083669	2.40334460912135	5.53147541852598	3.76280416566076	7.52985757032915	4.52865825174085	3.03416675762669	1.87008100077436	1.90142851521951	2.79935010186768	1.48855962358845	0.899999163156393	3.06071354759037	1.05404676887719	0.138981833544723	3.15584432277625	0.411039961942389	0.333750351435047	0.472845386371762	0.0775829045394076	1.39837945765962	3.94190540309101	3.53612140722398	3.0981955400193	0.420317699305535	9.1465779647922	4.2997783087499	1.41521871542973	5.38967875038434	9.14327313888513	4.614720012709	5.56996604022534	1.10452992641225	2.19296148602858	1.12412933927231	0.275503758097746	0.611938160624411	4.70211387391827	2.55778286778648	4.6436231523133	14.8281089053043	6.62933314898777	8.05265079261856	5.74889024811385	4.42029180000698	2.21222071945826	0.717681638984021	0.392673683609184	7.7112607442811	9.25926286492206	7.84520789758123	5.26636829284442	1.62057236067497	1.53861062755553	1.59257132162614	3.79972085389889	3.70036101299183	2.87045239853881	3.95093600200424	7.08454155320904	2.63775619501556	2.87230201963438	9.62217711710418	8.86526570168871	12.048972950321	1.02694404060116	0.633934056729501	0.305953943705364	0.61229731117016	0.0826875923306847	7.89797757444281	0.659729184866176	2.94343944379967	2.91013477684802	2.055932572367	1.0488956823064	1.80085346187126	2.25625212793812	0.634763557179899	1.1551988501463	0.232193535959865	9.19368949150433	0.895591237259101	0.284569102431315	1.53274754618009	1.41586341064804	1.5976496779177	0.673882713694456	4.22738694603413	3.92489610179463	1.46800273295238	2.69534123557518	5.45948861355601	4.27894853753456	1.5315765994503	2.11817886009069	1.34537013447908	2.81627419324316	9.59617123575575	12.3422344149147	6.34389939637975	9.90540350915848	7.11101954477665	9.94328158795247	6.53895356457506	8.37864987615304	9.20509509280841	10.378133850368	2.35168836596937	3.24804875928215	3.99365808054768	2.39913158824607	2.10975019619474	2.14939952845134	1.62984922994287	4.1397117659301	1.21445670327296	2.3355256662657	10.2245734564848	15.0522985089242	11.3014601687942	8.95129027209567	10.4690079702362	3.09920106504228	5.76082409357942	5.04481091950443	6.01693220748995	5.38626396383122	13.5119494699441	4.66536385499324	10.5708717580106	5.43620680242083	5.0201521633626	3.07395252933279	9.15190549206586	4.37239344176897	5.1627732750967	4.73570809894211	5.88727798908205	14.11254049809	10.1646669441509	0.451054959279545	0.803558795758878	0.705736520797351	0.876635738788882	0.620435439031754	1.20430425183782	0.880148733681201	0.514562921335045	1.02410400151903	0.893146005913272	0.176018016911907	0.482246980621095	2.07398791509492	1.09752407284488	1.42435103058666	1.07342895489975	0.986156033625559	0.67408463318164	0.36260450424359	0.681320245629299	0.980943143716497	0.40209838136536	0.435436573363599	1.08754430460918	0.737117777740914	1.98524245788586	0.525872202000312	0.550386667154251	0.304902438507648	1.12452198698091	1.3328504709549	0.315762611995003	0.376142534357681	0.685744667148226	0.709054776497211	0.832984444152983	0.452436887846781	0.793782360036303	1.30658887930126	0.103324565512529	0.154147303470241	0.484883462670565	1.70946260399726	1.33225340169274	1.0555992130198	3.93945150432207
LOC110890906	0.990037278556494	0.151849824461522	0.740568470059781	0.251107543447818	0.266847715393333	0.125072573538251	0.138375017479235	1.381287550411	0.414231914141095	0.211807177920436	0.671847042563535	0.649059181634997	1.93412864718895	0.553556638766545	0.709693904074935	0.34040055153637	0.601235841148327	0.196674086767692	0.265046244139039	0.216406064849942	0.553989932233512	0.376626177353894	0.228570928116843	0.469030349386408	183.932940855462	191.444226093884	78.3780234497725	165.314995641739	42.399861412761	86.4655394549962	0.806735936808324	1.92196245021762	2.76193501374044	51.6511107644863	21.6436909829579	29.4880908925508	1.06133293453955	3.0412648628864	4.12037707785847	5.59736085212018	0.930058669149664	1.85661017797964	2.30294451338459	1.60901615831478	1.83924486596396	1.6312846185143	3.13578506518228	134.569287641221	6.02762766145066	10.1617318835205	60.0217503888621	153.914008549008	38.5552018874581	44.0466879398036	84.1118793759763	47.16519818926	233.005108966753	162.356891079168	4.62177439977986	147.69773901025	4.79372000195894	2.82150890701509	3.34500914683804	1.86102585127267	0.96044170428589	0.812390246263699	0.766231931749111	1.09546421858597	1.36058031189502	0.463961026804787	0.182654272235096	1.5108940553065	0.443112005250781	0.364038783755797	1.64166898830637	1.81503602751455	1.76437270732447	0.339637953227224	0.113565294251322	0.485457540907883	0.716337681863553	0.52480206334721	1.41057242161367	1.03553735903095	1.09709021260909	1.32044016074236	1.06072523629556	0.887618247260061	0.327732375724183	0.769892115507225	0.245477612516714	0.268045119328359	0.380306375289234	1.25006121940785	0.333380842461682	0.436960823237306	0.464435959879887	1.17656255251034	1.42732739693944	1.03475866784375	3.46198743161644	2.74551783347112	1.97731913756733	2.77640710313576	1.80677721583887	3.59978287439462	1.5835201495623	0.667179611748381	2.01419333858	1.67735783752403	3.18350675526379	2.57846480917792	1.65599860085228	2.74128212662464	1.80529030990602	2.56352988676718	1.53000797253522	1.85986386062783	1.7396411282843	1.65693392100826	0	0.120907528644436	0.199868588159409	1.05254526419859	1.03001339127739	0.880117463578972	0.0175625399129006	0.192624232275042	0.15984166827698	0.86437589644222	0.232592755366271	0.202555830271305	0.31057877992634	0.34723862995115	0.463433353487336	0.347473582409726	2.39518289978658	2.70880235074755	3.71013447895196	3.32635896604185	0.794760500851344	2.15317160157986	3.92768466951644	140.896994143426	99.3214604815731	76.1307702753884	226.385698017801	160.840617952749	211.018050860491	0.445047755649999	0.987705681317923	0.811292595971936	0.699670018607513	0.450191795318891	0.429572533973705	0.385305153628492	1.00784135158483	0.649240214239801	0.725188312496748	0.540593496559856	0.697939639090877	0.529168679873933	0.365717674599311	0.600619415399886	0.526576821460661	0.592492026044291	0.99073293780875	1.0806925455584	1.07137478130265	1.48541675674078	0.3105206156221	0.318163168363504	0.395223226108226	0.211991489077196	117.450176364047	98.1662188437604	127.335559218852	177.067742292158	130.670319506907	85.324348080323	100.247586270775	112.838349212077	0.646835968696908	0.421726760196923	114.673561682389	131.247785358178	110.434521881971	106.590189845276	80.2341475954925	60.5367697897078	76.0674372651919	66.5601915777894	157.739990617597	108.033257140001	0.868638189275882	0.993965792353192	1.82749052555938	1.31022023670531	1.36592502478346
LOC110891299	2.11960783465455	3.59088796478036	0.972927040714097	0.403204147935385	0	0	0.0740630624528319	0.23392310942559	0.146004903041746	0.529043559665357	0.377575395454463	0.0679693243305085	2.9734815297115	0.0740706318506857	0.0727377233009709	1.72604906275079	0.816882188529416	2.97754456014164	1.55604721151207	4.81131523349155	7.64526423421482	0.0788804088263318	0.146806814401103	0.322767197871051	511.002442836954	968.432467842325	476.656100423037	538.083472493317	353.425186994985	321.12454610483	274.283412424036	544.020938671597	153.245613506019	637.141199712436	708.822837803666	772.129329676047	311.036888416968	516.212719887503	599.041903116876	752.936585405569	661.322213426163	1309.51967625959	921.830097273245	452.78254766272	805.374276929769	636.215790545553	796.014002157632	438.949410197178	800.86338738057	568.190036736643	649.933381212766	367.275514674992	213.433219647012	262.486461316877	370.015596836566	168.589708873749	549.580341474576	720.928653686192	455.63148267657	696.695394968889	3.38772979171523	3.89340312321104	2.12950759689155	0.711489257650483	1.4300253232867	1.11810642406121	0	0.076477836302462	0	0.14899672699552	0.565627863261526	0.0727814157025224	40.822673820023	1.21404084521419	9.41440320938441	12.003412852729	2.43957826840617	0.311632969585648	0.625207334217984	0.150871094167394	0.690135359577099	0.326197266893517	0.331457624936344	0.867529822904982	0.148867698466131	1.00840435183825	1.29768361539216	0.344818869011248	0.263120437343949	0.296692347993699	0.139116759062917	0.0759530938509823	0	1.31507983096218	0	0.140325865161558	0	0.246418705688007	1.28917347301002	2.24304544856927	3.16549825889074	1.12900260286382	0.99059605832252	1.4121885265423	0.663821927433225	0.690552756741297	0.37762323727843	0.321387700880562	1.07806546112787	4.04000788890374	0.175260565742799	1.57329454541521	1.72055658899355	2.56016376325275	9.18719951865131	2.83296074784906	1.64513736511669	84.8076507802821	96.1085973666289	96.9063970842512	221.389166230503	354.890821570494	212.338694349807	18.9288415576071	14.9650879868573	24.3778258219488	31.8098525275524	60.5913443841471	49.9628067745147	0.442956705858955	1.28048535866202	1.04542879530038	1.3464826927957	0.464635105465609	0.930170435404154	0.218324109301686	27.8831555027515	38.582540950633	26.9478100478616	76.0242285369365	0.5153680102809	60.5166961406793	69.7919489228014	1595.59459898302	1389.24414447225	1166.49551454915	1708.0748772216	1010.71408104691	2017.98222090787	0.382829216696402	0.967705641273237	0.479940261064804	0.0864201755076068	6.0054175773104	6.03178289544538	5.91618162050916	10.3748158820678	8.02261727861513	6.77702382818863	3.28612350988615	14.5900344546192	11.8315012935714	5.75143873424387	15.6235461028887	6.76420805856645	17.0770242277477	3.29644744879096	5.45370984572708	8.5353830007137	3.89032252399778	3.93343075899411	4.24026722485948	6.83140225964232	4.084744562396	337.224740380028	355.608950947409	501.994899383745	509.969897196172	766.154080341486	569.459096194426	470.91239693814	528.369033358794	14.6816015225844	13.802276042145	183.990134888852	452.317093332101	280.205342316047	251.337898294458	696.154012811371	592.356858402886	506.482830273816	329.218390212243	1041.13479557427	706.993727524798	17.2752844977789	5.32753936491372	10.9054831305328	6.76694107107432	5.6398370808379
LOC110894233	0.801949839227557	0.128084071976067	0.624663384094846	0.232987851392208	0.364106215940268	1.1604745033407	0.14265555779267	66.7591301237686	26.341441399344	70.4572654997184	24.9866340939161	0.850968216831111	51.6732521288274	7.34751208048407	88.68505585219	33.8278646782549	18.8095984717761	0.521377895603314	10.7974578468407	0.772270769012139	0.0694614219392909	0.303868847637801	0.919002316854632	5.20668420827073	471.295989835396	970.509769472341	742.932129230367	647.310735827259	569.152879853442	493.631813822367	296.115542539797	428.575605416286	452.055292593838	481.389505494211	488.193134773049	485.545332287399	443.735484987156	512.563488847072	524.16685218344	762.766581213629	468.623817867428	759.242406803021	896.003566998855	737.831409925031	943.205660313033	828.021415985605	694.211675485274	757.02980046715	1039.03719333807	532.885812894035	282.668916890547	642.130646974647	599.380925409268	385.220029054054	468.296374806739	255.386814519527	648.44906317861	639.112171946079	325.400475651172	766.257885628781	59.3263216522376	37.427951893798	26.0459348207307	12.1967854503254	15.8784429445959	7.69151943499896	4.99171573622193	3.01978820104522	3.37118735531555	5.7397602785774	15.1921430735669	14.0186931381563	58.3301251201765	12.6014220685538	14.7243405831865	11.98825702842	14.9305677693337	0	0.0752646613280882	0.799145326917917	0.747728331700898	0.8639130740383	25.6171074488267	3.75970666148168	1.86380666801204	0.747047804355694	1.17164793754778	0.0664168162470528	0.760208763576124	0.928638620460391	1.20581031790045	0.804628087983843	0.588106354969053	40.7283448426084	1.85594630365884	1.89200726152487	2.0381478260853	19.301865208039	12.0017655427665	7.04067043578687	21.2657786995907	25.3187081276161	14.8972571996462	36.9609195604948	9.51855267537301	18.6952772371941	5.60062463788571	9.36292762955951	7.90667721610852	7.13313892884567	5.06363623183029	11.8025319875257	25.0811559480521	51.064127608365	149.401173851753	43.5833924142976	54.5026531166044	19.602132009897	21.6055376526835	23.7840348750236	13.3004213786938	12.9945251914841	7.83931885722658	24.9031611472303	21.0405626810842	29.8572661059769	22.1615304782743	27.7916819533805	30.5678522203064	2.47426555414738	56.804031154864	65.1076421891334	75.716062521068	0.178990114491865	0.627072285003993	0	139.822771064885	163.005315003754	51.4345142395945	149.116797995451	26.0930154296116	224.865236260839	231.950126362104	183.380201765037	113.611386145059	82.9752148972756	482.049956593739	425.756794988064	361.095142239939	0.368690637670682	1.08729426455558	12.6118717385085	3.32914085194076	147.910894758842	150.864866471802	132.77843411183	100.492992320967	67.9654904958024	116.808388911209	53.5620870099008	79.0532615374256	88.8866948796795	70.8097317813116	79.189383471564	36.948825952726	96.8913824380512	119.833216914832	123.428918994275	127.699164328595	114.406506896118	109.376508721309	118.475527753953	111.736950409623	122.209321475252	961.949192535712	783.29528848512	811.169607083871	1159.0991146799	1013.03320490755	985.721796420036	1146.37194099949	1041.37109343328	75.6813033359251	73.0801591945187	896.526767066336	698.987345716112	760.454529654375	774.993009854477	362.201041068973	475.280666242818	514.118378698722	510.168741127488	341.784616684447	214.174516288822	205.461733606305	255.370143174015	284.459314767642	218.946995812148	117.0800269755
LOC110894830	1.13949579375905	1.68914572626347	29.519245433026	10.697181350877	1.99183951765437	0.92107967055164	0	0.146715881767392	0.183147685961709	0.391067153559954	16.8983825822656	11.5740881727909	17.344116963407	15.121714775667	4.17431095321215	1.46147336460296	1.74663439940799	8.149122038958	11.7113784577819	6.7896960117404	0.0678550060757551	1.0389447371594	8.77031514395563	16.3975291144148	2.56940302526011	2.34717981687434	3.80412949291214	2.38336413207109	7.1826793473001	8.85651788269702	0.146242344289509	3.23931951562087	0.152644566146008	1.08369647289555	0.751889213033883	0.802226222913156	2.92492127014421	0.510472352872185	0.0554100838174035	0.596865012015819	0.142879550327355	0.0695371844398916	0.200706702680408	0.849544577701421	0.478254986946681	0.406945489451742	0.586697244774003	3.57874539427248	0.946305851227698	1.03876926468879	1.88461984661603	0.692447241243758	1.52064101403391	2.33090180966601	1.49432169195123	3.66316111114114	1.09369168681024	2.53153632808558	4.23752652199715	2.18604091393161	4.16282272051881	6.59321346655886	5.00857822858166	6.29203978287427	6.72680737179731	4.50818382425101	7.24052754338205	1.94265023776994	3.36329137060315	2.31289507617791	2.06943404181252	1.50639351982261	2.76120060718771	0.761442824287903	1.8422619771511	3.41571060569227	1.40670140790822	12.9733439459165	4.9996344131798	7.16791220147652	49.0203592803776	34.1409496049178	0.779584654394684	17.2755603448326	33.8230578312889	20.7984743014699	20.9071415875317	9.47259857697096	14.9763236162046	25.5401061875371	8.18002682510328	7.93165301161502	5.8168669262989	1.23722126557681	1.58639628545862	1.38618848392941	1.30837939473926	0.772765413767201	1.68451205423372	2.65734832359023	0.14527252224868	0.531080317813368	0	0.31260722239615	0.624520721738751	0.216556322419334	0.284213011886892	1.05826042672004	0.468110399473585	0.158367561787508	2.14349670646211	2.33707661427616	1.61869199908089	2.02828690567451	4.55256549153892	0.273357629978177	2.10492358227585	2.86413655876481	3.53133268926327	4.0637393136518	6.14927645808474	3.74427463706332	0.823443119496212	6.4395615046873	5.64669317970359	7.97723488265196	17.5898179004249	22.6095766423771	21.5706898154211	0.166692680798726	5.3457450446871	4.65539790454854	5.27818724396094	0.874253288174883	0.875100215361724	3.69717034678693	13.4039901833801	21.8142967205234	4.59758187177308	1.06506567726294	0.207795401000004	1.02715688944347	1.27142376080092	51.227668606011	47.3853888120343	24.2892792858192	2.8810602445206	9.05001124604952	13.1318956520558	0.0720328054357521	0.606942113583029	0.580532999805226	0.487822304299183	0.15694083862999	0	0.109135635269772	0.312839125455507	0.895483033701706	0.525838674252961	0.408320619742019	0.0596793027404082	0.226240322788333	0.0487470993051647	0	0.248583472896988	0	0.370302462387828	0.466438727870191	0.622484529234762	0.588213989397246	0.10424096316392	0.0961258934204628	0	0	3.6130318164341	2.74154710538856	2.36411177155773	3.30566524840425	0.664326596134567	0.792882474778222	0.673160246720869	1.92373412728729	0.0496848400044866	0	7.35110018950069	3.87392014594298	3.15240127934211	3.17981441319371	4.1735525868838	3.66617576348147	3.52142250198922	3.30630387504625	4.85736970699295	3.38491887820729	0.562370621020556	0.697890875482028	0.0412041369687888	0.306072505393981	0.943277099181769
LOC110896719	2.28836642021621	0	0	0	0.244902015307595	0.325228523229242	0.159919606187962	0.168365040541985	0.105086331488645	0.693557332655016	0	0	0	0	0.07852894330901	0.0931736675593181	0.240523794364336	0	0	0	5.99580375873421	1.95869601152519	0	0	0.387965788119647	0.523741143969336	0.295963437463603	0.468865628165395	0.145885733131004	0.142145054135606	0	0	0	0.310901243949067	0	0.0767167858252939	0	0	0	0	0	0	0	0	0	0.155664569744279	0	0.440016352503248	0	0	0.400502094478244	0.176583030852678	0.332385590166951	0.743012755440243	0.155892853599622	0	0.470653150255521	0.0785158309135398	0.138937402798875	0.278734398202414	0.0746419081887082	0	0	0	0	0	0	0	0	0	0	0	0.072014520757815	0	0	0	0	1.26166691906291	0.337492494108115	0.244324685936688	0.279405915879741	0.352168386869116	0.178923781613727	0.546350390061975	0	0.334981945392617	0.437813242056072	0.148909040248169	0.213052137562735	0.160157175111248	0.225289401221316	0.328001258795962	0	0.149450909385242	0	0.0757491533276562	0	0	0	0	0	0.261191002527867	0	0.269051279785222	0.0796304435243678	0	0	0	0.179061338227511	0	0	0	0	0.290947206082025	0.757149957899255	0.235270380578352	0.42626871345826	0	0.753936826562701	0.405511141701984	0	0	0	0.273695289241447	0.259196404554547	0.762861899163726	0	0	0	0.382579167608117	2.24645659857624	1.88110595332712	2.42281121474385	0	0.301268577326759	0	0.283101742570316	0.810791227378591	0.0753713376309782	2.25641547696469	0.794857850251252	0.420972322372002	0.937949785322423	0.361764558308658	0.616758037708561	0.633485594189601	0	0.268588352651536	0.094777465314481	0.99194219969488	0.261188067190786	0.370108618064077	0	0.3001646259006	0.0950659910528608	0.500958054040866	0.646202091625611	1.02761906521395	0.905145870808043	1.67347054117805	1.02728226532454	0.778871939280855	0.55940142620895	0.562248633638989	0.627580907901928	0.975756374314024	1.27483108866638	1.24895323913437	1.07150601290251	0.525007697307025	0.418679070202432	0.496395338156944	0.120906618253041	0.290129149901995	0.112667526122879	0.0662333762638291	0.0330848328032456	0.0784850457615856	0	0.104986030773549	0	0.0324646651616954	1.31137386096768	0.838594735127433	0	0.200249979809317	0	0.0629141844326524	0.059128336693945	0.0642313090602012	0	0.08431503866301	0.146687245872706	0.0547097471269113	0	0.0728064115417943	0	0	0
LOC110895309	7.37682082076917	3.18112635904323	16.4480180961838	1.85740837625565	6.89949562637476	7.13873775487112	1.70590200120016	27.4924858622992	14.9607968288412	29.5599138911552	17.1545432561736	1.9268237726586	35.5906054037106	4.06833590654455	49.230259714438	15.673141935871	16.0522395723153	6.11483622508974	30.8214958523627	4.54644143318087	2.23631895024059	3.35420386521447	6.04753280177297	3.07380930533513	2.86513410424945	2.57855831508248	1.33570258667154	1.09007174353087	1.37663775871791	1.98284921335156	10.4657543880217	6.64279966794123	7.76173685035459	3.12512622347584	2.18838582007027	2.45507079934638	2.32578234485063	5.34756474275697	2.92186832227381	7.13778805789335	0.807244567441836	1.96436488796662	1.76393451705302	3.46650695425031	2.76639205553043	3.64035427171138	2.76228101742464	3.36988133380536	3.86133453173718	2.67359422649661	7.8872398536273	3.91220627761935	8.86409829526238	4.14585584167946	2.36650240390297	4.78070627376891	2.57465312160686	2.25493636343154	6.04232471440475	3.83101977529337	15.6794820936615	25.0218055043704	14.2745642947383	10.3369225004363	7.45201759470474	3.11305539222815	3.54811850240165	2.30352841782799	4.6185441712678	3.76184288641258	2.67244384175132	6.96343168562914	16.6048673115289	5.07877278670833	2.06834766538162	3.87276197682656	2.92806974701306	2.69170262906698	1.45389297004502	3.07406425406753	9.55285905773505	10.8365403015257	10.8644764535973	19.7897683970209	10.946055135213	11.5446216790187	9.48422469864464	5.07081978259729	6.58494420296252	5.91381764195628	10.8452904783056	6.25759544383254	6.69457652154667	19.0694413394248	2.7742193876991	2.4862614088729	4.17815231804366	8.51368042134444	14.8468314343775	10.0090367170768	24.2809480729714	18.5745935944034	11.8132761645638	21.8564322737023	5.35799127142532	18.7604175759996	8.16258284705294	9.5379079051832	6.97918081793551	11.6317387411142	6.75386742001615	8.06915738105628	10.3231351599604	17.5473098497397	28.641241726241	12.6771386775398	14.9821570725848	7.55154053664576	5.10385021570734	4.90799177559078	2.33483472349865	3.61174379773836	1.93846257006839	7.26150794400349	7.30220393388777	11.5804828542912	10.7923337602746	12.0013286264506	12.9601239763847	3.29624612091627	59.057995259662	41.614258488328	81.8416342304459	4.28079493335248	2.1424709628011	3.99715690705822	2.01327754908019	3.82547968910813	4.76218171056217	3.93447707405407	13.8924258032677	3.10888793472982	3.16408263817535	1.11318231901162	3.5425979970821	2.51242152469099	11.0658364494464	13.2969951520883	3.81074759929078	2.7131520096184	2.92903761063953	10.1434263313819	2.52643511342403	11.7732514888518	11.9740915577269	13.6679073951576	6.48078404319065	6.86622425181658	10.0267770375138	4.44909927641002	8.37324530757388	12.9526132118455	7.43614070080057	8.04812228255948	2.62164618733311	9.69225087377941	17.2166049572398	13.2130891117009	10.5507874301829	10.0314624055133	8.34336315358605	12.8532377106515	9.17700190024279	15.2363294331807	33.9846871183009	19.5925596505314	19.3293812721847	26.8768894339378	18.3970015688426	19.2969445831578	19.3003405677263	26.5592068280228	6.64348633307379	6.35183254213381	37.0180402399856	21.0982541444951	25.9532472202897	23.2569297577257	8.61198043284936	12.1749663014964	14.0871736069705	18.9221895609947	8.78666824885235	5.74623908499517	2.75365656348497	4.65986401955129	4.07393342042018	3.11266139893175	8.60468174833413
LOC110897890	737.254222290994	431.526011913985	533.392474310371	468.565424447243	587.644293067141	917.783494357012	856.407976462323	1119.50426170848	979.967852568646	1107.80132144247	1164.75670364727	551.867876912109	1193.7018443071	1121.26461098218	529.74560978989	600.715887431178	680.308439691606	407.249736062933	695.622460071499	419.763085132063	959.850386965505	887.683260927413	735.931241375731	548.112999270668	1421.26697908539	1166.38796008551	899.198121061657	773.899600461786	1217.39360572561	1090.8626597632	487.991967017428	1071.23791814679	879.661270830411	1270.46742439729	1371.11214197923	1341.84003675304	1104.12674838323	1434.77657166585	2116.40662143367	1633.83122973034	859.233883843732	1356.50859408873	1059.19184760161	980.16564040136	1520.78269598062	1441.34989698402	1569.41391129227	1143.09051851214	1547.55385190999	1507.12422207029	803.144816506321	1726.89127476072	1217.67985414155	1097.9555039496	1581.90852671223	671.233481733989	1560.60593784641	1553.48818081046	1399.25384073217	1614.5670478417	731.930878231275	514.657116560596	638.355725660527	502.789842556269	1094.94932094846	1154.3834914858	1340.33010198268	1169.57698006582	1010.03964028609	1140.72103061686	1029.82332053929	398.455804366467	901.543728070947	959.665249613449	335.851355763267	174.654019618316	196.843517499355	207.27615309588	127.637611083641	241.565948166664	319.63949734301	300.997003739699	367.874401783541	273.306858910035	123.807143151914	148.560579441142	170.685379542475	126.507275567097	169.173684789087	146.168119423494	211.396203894597	179.996055270853	184.643410175985	397.733216288831	167.330037302774	169.27528786289	179.165439126806	1082.2588647443	1428.00510649422	1172.96253447044	1740.52219510496	1434.47807314489	1545.85808579712	705.267639998121	382.537208593537	612.712832524634	636.721480861474	445.602170006292	523.039424065397	439.121365647724	253.270149170637	290.415624171964	400.346803584489	540.086726194766	722.622858393874	354.012660929408	398.730559422931	377.405630051082	382.552918478571	372.173957047951	167.420014843171	196.288711599515	167.282918643244	658.340339254959	674.300657646807	732.607651788948	485.007348438494	521.66215549624	536.679605095214	196.895083710765	522.638289158157	488.818567294155	451.480680474558	65.5806397059727	45.3836240660834	42.481892866247	527.894351362134	720.639957005414	677.594664947715	738.380772177259	279.267362823346	927.706149181028	1182.34657860616	786.068319390631	646.143387953778	613.861848466165	992.630772655467	738.012181731537	1213.42038743398	102.367816975988	208.034668177479	213.475537836217	202.47399072981	980.834202198689	961.988311640006	922.856031637235	1118.83550929496	1085.62672085781	1191.42645014177	1084.67760436466	448.880106563952	446.275423265423	341.126126532645	400.666083165997	454.143032100908	453.28923154978	765.053539219945	856.336701065073	885.782977234357	811.331404536955	774.047604368646	803.861992050186	761.023261749572	787.636650881696	1196.65569412254	1144.60358060501	1413.3644228978	1482.17065132238	1385.42894009375	954.796110988617	1008.96208504044	1095.20169909555	526.342892103075	500.466525472214	622.387424221815	968.769539471029	693.036870306679	733.775629821684	838.932043908085	786.058258084182	674.456536059213	557.396082722449	1572.97429112079	1178.93944605223	738.692293607858	740.051657056612	824.506590030825	741.868025868101	923.193892251176
LOC110898014	31.3651492675667	12.2601174859899	43.7191308821469	22.8609678122382	13.8658460713627	10.1524553040801	8.58936621656921	202.552333286892	94.9390478305134	315.802873699163	189.751508605102	32.7433276630076	206.383382829175	111.820014656765	270.806372150741	172.545100189133	211.336020932439	24.6175738543927	346.762636169765	49.67823660312	19.3744560281662	14.9339988043747	20.8092220518195	57.9083991057597	0	0.206083608028035	0.067933128189745	0.143492989516505	0.870622167603445	0.39152234209281	0	0.151687433241766	0	0	0	0.140871758766914	0.0684825621188193	0	0.29190204973983	0	0	0.0732648112860846	0	0.0745904555308021	0.0719846339305712	0.0714600510229586	0	0.0673319369814911	0.132937833031467	0	0	0.648503762429718	0	0	0.214694543992462	0.0677110420495807	0.0720200239669754	0.14417526846112	0.318906026892155	0.95967764293375	273.027005082682	226.081909013942	145.436028922093	62.1323597077882	309.594579394262	217.068172349416	230.183289388043	95.8958272829423	142.03868943715	145.843616435198	282.20199505355	138.298096937685	241.861820808992	258.595433133333	55.542996955745	61.6205091146131	88.06849936289	3.01176863369287	3.87326912097764	8.07557382990737	11.1163250352934	14.4692809593315	263.086494104902	17.9149981703697	12.7640992864666	12.2253717877718	5.86874569263701	9.63859480694071	13.040618166608	11.0283668826605	12.8243686051947	27.32912242696	13.0140026152216	301.804749738456	14.4857875240741	12.3099018820014	13.9649734422901	19.296313909446	16.4702591464087	11.4462361470687	17.2192540077657	54.3562406040449	13.066911163392	161.141786866919	149.438867663847	96.0575037908003	39.6769397905353	38.9450004113097	37.5657074751043	23.1097015589503	81.3893156202336	152.255833858361	171.011525275572	210.362486502727	397.910197874507	156.534143778249	311.856279619784	33.6254896076206	40.2347646368494	34.1595708680214	17.6602711257474	25.3056747050115	18.1325224702397	152.531505084332	99.9497714405078	168.622592684887	98.9531013443412	142.837570654061	144.503099766378	24.1489116395913	363.006366852974	371.187747156626	289.475405892889	10.9613127424492	8.39030051514115	5.19381565286116	0.346565096167951	0.186102664763799	0.276802339369908	0.0863199877883666	186.53222014212	0.231904051271594	0.095684286092021	0.664292814672039	0.283131613801883	0.775495035382202	0.239644977248905	0.657596434562044	0.435089533753612	9.41088242868417	28.3768361108742	123.418021419281	52.0825591059177	262.637026268267	268.307359473389	305.115314085377	207.719751879033	167.334071767511	283.384763072808	186.464938162262	147.827319729881	182.160990159363	161.784780895694	122.916903857356	149.235803848047	235.283723092901	316.121455489149	251.045339781811	258.340726322499	304.432972161833	235.747796153308	275.883562675639	265.308715597009	251.139185478558	0.765480303213803	0.152026901658204	0.486018128665222	0.432356217002419	1.30443111231969	0.385562732899351	1.05164037602763	1.28168979243629	164.687617634599	205.869537557609	0.364808497058555	0.441252587088601	0.457071970460972	0.635396470849068	0.27143710119735	0.265376724275042	0.509242137227237	0.270942185645169	0.0336694409386182	0.0251152932717107	253.597359148478	276.874693492161	320.300639846722	256.565009161851	237.155698940957
LOC110898128	0.0816407047357852	0.358581071067675	0.262318876035588	0	0.0815474366983931	0	0	2.8311393932919	2.30944764980984	2.48600782540219	2.44322912307861	0.146606156615328	4.77459780730558	1.038481255247	0.706011008879943	0.186149723946718	0.800895773387078	0.218945542586333	1.07574028204297	0	0	0	0.870799487118314	0.348095694840784	1.93777185794649	2.0927429803568	1.99563469471083	0.156122807257618	2.4045619830914	1.5619374877552	0.167643662966022	0.247557751600294	1.22487956736675	0.543500212778406	0.626852204214501	1.14953147795483	1.71373435936362	0.804616483033292	0.508151012569359	0.342105555667603	0.0818943764071428	0.318853431090235	0.690235245803355	0.162311362406369	0.391602515444147	0.155499495969365	0.896740504207418	2.19774869596002	0.361596544778063	0.0793856186022324	0.800154767759292	0.705583096768707	0.498049670101699	2.1524520098745	2.80309567935863	0.368353813058694	2.11569321732042	2.43140964404792	2.77580134541974	1.87946200527047	0.0745627545214879	0.076344181554143	0.382769393078598	0.613857539792612	4.71745113821309	2.75622295596485	3.38780283264267	0.659834227101623	0.642580058611172	0.482066822972779	0.271117491192163	0.470956732361391	0.215814459874427	0.290957827166922	0	0	0.254614760609832	0.756197394119151	0.674269203499141	0.406775988250901	2.13984042893265	1.8469233905209	0.446835106787197	0.701705591114289	0.160549787211087	0.250970036500407	0.699758344037022	1.1156334775751	1.13507310616668	0.479962011521089	0.900201976460146	0.901046936278832	1.23483624903364	1.19433939886234	1.12577018631268	0.302675301949744	0.391265100017466	0.265755910588232	0.0772410405355948	0	0.0832659578742436	0.956684753691677	0.164358624898279	0	0.397729998939313	0	0	0.173303972320006	0	0.0907716512684497	0	0.178605855074764	1.09647540070779	0.363298340574321	0.302538816687634	0.078340296396185	0.567755571689898	0.281423870930898	0.188284329433209	0.101270279820591	0	0.732817582149811	0	0	0.258921540922994	0.952566157227241	0.547437219724073	0.700494464200213	0	1.05097702406026	2.15776380196061	2.17976892610775	4.43711025224033	0	0	0.313942197468808	1.31974046695558	2.22731142579453	1.88228526109177	2.72361072816019	0.158802989382117	3.11189169118849	5.41351859128474	0.0903452316878993	0.616103999492539	0.421875878208981	1.47751420755581	0.983779607697141	0.568061753931545	1.65148383194163	3.21790346195393	0.739432276174678	0.652412756562728	3.35827875832628	3.08636830973842	3.50298770768342	1.7931023044401	1.17317637864753	2.486511535873	1.4710924070148	1.09460574782407	0.778045988125732	1.00585478078462	1.12330479933813	1.25383078524627	1.64163644289345	2.70614329982812	1.82688501749158	2.21209746120743	3.59623512216853	3.28613280217967	3.69146876074436	2.29478966436153	3.30396491512995	1.46312462873889	2.08413889064327	2.11518388127473	2.84859933853238	0.692313747634693	0.629248192929058	0.691843415889741	0.810755953932055	1.36693901280636	1.6754109024179	2.1372498783543	2.20041388206166	1.98920823623736	1.75972908652772	0.620189160381558	1.02661112423685	0.976208150957954	0.926481898861198	0.915823075371746	0.792450091205177	2.77207567093303	2.90916817274105	2.07829646954769	2.38587250546137	1.48681176913712
LOC110898466	1.35362082753135	0.148633824183216	3.35258897573542	0.0901227732857772	1.60558837728034	3.19831874107526	0.24831472916878	67.6228009427841	19.0367931273661	13.3031200593874	21.4602711263861	0.227883965420199	94.0809556000719	3.7251016116996	12.4374313003894	7.42665802499734	7.30346536909376	0.378142209998008	5.43998314232598	3.76392891727762	0.0806057819427376	0.176310715992043	1.64068714555958	2.07413393554993	393.255083453414	386.326596264387	407.090390453885	275.195270463661	266.467345379446	306.279323332566	137.328069875699	201.636604802896	157.755642992677	333.741894238046	361.412413294519	364.43322747631	370.695807726918	249.683667681348	230.443901564563	178.886543930385	237.365090411609	795.146700383832	339.592285545131	168.954267050085	525.028549907894	327.836255220155	263.67743004278	322.031044691261	290.399774546624	376.853389279415	267.57360084971	243.662461186017	188.122390968353	218.43595212903	249.001316554035	134.896914280715	420.45669877761	391.673030110277	439.30770069441	373.942717391483	4.86780075095283	7.04103090691709	7.37769077002197	6.20215350026178	63.550806047642	13.6560814513617	12.462833134831	9.40173137050156	11.1535304074485	11.6561285657264	10.4653586084992	5.85642459714451	72.4595863234655	12.1357390642757	2.02010332777718	4.4716010517309	1.58308825882465	2.26379092906146	0.262020271524597	0.674443528651604	3.37436375331687	4.46576604425952	5.74168381393852	1.69668813441224	0.166371922351709	1.30035573857079	2.35668613723897	1.00194511366983	1.69083795327261	2.73551975027926	4.97518220543248	2.46163142521651	2.6445397852015	8.12208211389798	1.79476126068107	2.50921151418557	3.44635759251648	5.87505520726044	7.28383012250659	4.54935628158536	2.50227928569993	7.66064599721842	2.38446435813965	6.86997311768067	4.45125428703026	4.20174792755666	5.65513621206921	7.18354487462707	4.17055501509021	1.59907729833463	3.42769221846973	4.71961065280802	3.58351888567753	5.12003138263467	11.7566251704577	6.00740941002042	9.70768441506481	4.47165006345805	3.21935167452309	2.41368252640527	1.76729028301744	2.49514608151448	3.52144092728732	14.5437466006148	8.40707810640881	17.7679757722804	7.75295429530836	23.7472022073223	17.9751031237019	4.75239001169467	8.04964456581966	9.81416385988142	11.0352394756817	0.103853604891983	0.311862637188799	0.162663457259938	21.4908443700631	30.6345437043495	21.9241140808738	50.0242352088178	9.13317874043642	65.4535168535151	44.7707826100238	58.1389436397021	33.7312426139751	22.6237893687559	105.735577500278	77.6639455053889	77.8995776121269	0.770117762730146	2.07285738599105	2.06886650370148	0.772653349373504	25.5411729435006	20.8627018430995	18.9927786625829	22.669148100727	20.667242336372	24.2051920506744	11.9183468555531	21.2681295370488	21.0165326314874	16.0982206472412	18.0426204390393	8.91791843174685	18.1280748449913	26.558163814467	25.7189274275656	29.1346017345598	31.2106773700178	21.3605197841583	23.5229568156365	24.5310227926324	22.404729425157	92.6970956881768	122.109744862174	113.875449521633	124.358951278111	109.621719584815	109.873303559955	106.023249021664	129.384177079034	18.3556000504927	15.0913026501056	82.1990329431476	114.134830579995	84.6868974192776	129.536710650578	135.819608719428	103.092733302601	115.050030204185	99.3682379887938	115.554409286593	99.929998433758	9.48626539207664	7.91349688527349	7.1951931794498	5.74467821717375	9.17434157226851
LOC110899589	0.612088923226687	0	0.291362426503603	0.072448519160828	0.271728737832455	0	0.133077976174081	0.934039270851298	0.0874481663094555	0.543197678121825	1.01765241301375	0	1.84030137784088	1.99637365526892	0.5227863222409	0.387674888873135	0.266870923782337	0.303983578708646	0.322608048540591	0.360211100740644	0.194393802741761	0	0.131892694563535	0.144988622011863	1.74337841961751	1.43202620207466	0.554147089844616	0.130056366823263	3.03499029614411	1.36029803131716	0.558614749741905	0.687417431563833	1.16613975974441	1.61698858105135	0.913836439933729	0.95760440257191	2.9172845499061	0.97494808030889	1.37575602099995	0.512977005468366	0.409327192324747	1.9257254372846	0.830545139213127	1.21690506426047	2.21829679331629	1.48967692936376	1.99205252171401	12.5715626083569	1.5663646793054	1.9839391786724	1.6664000574139	0.146944536274932	1.7978771807352	2.65869917595958	13.945662384952	0.859188522968354	2.93742447575553	4.96564078335878	15.4927477742901	0.579875890253256	1.24227345430677	0.82676971879173	0	0.191762696562864	0.302293858612051	0.645761490373058	0.352771430121691	0.412250668831822	0.200735312037434	0.200790200558008	0	0.0653875439659587	0	0.0605947948362208	0	0.332839039153507	0.212103992274798	0	0	0	0.775030544048045	0.146529425985295	0.521123416943867	0.909296938937068	0.133744213197928	0.0696892651413085	0.145731474917604	0.433704156977221	0.236390004221551	0.133275670454767	0	0	0	0.559648767565409	0.216417766857744	0.126070145644262	0.977817109495947	0.81174501193514	0.193034367204238	0.0746360823581647	0.41618267637144	0.869406093219967	0.273834246076108	0.0746308320252294	0.0662649097172743	0.896132508527354	0.407112543087098	0.288737890278738	0.0745034366653335	0.302465254933385	0.0787279131450646	1.41346338576614	0.140524096611504	1.08950989980716	0.378039890640158	0.522084095417685	1.06416553377477	0.234437023222471	0.627392659560127	0.927982873302995	0	0	0	0.151838022653382	0	0.872877097960969	0	3.33450923645028	0.614891505998372	0.238774012292522	0.431400268250641	0.250459619510127	0.134410374810878	2.42111009991117	0.167134864453361	0	2.27731843449232	0.590366315518377	1.56801678552079	0.625896165871831	0.264578125419321	2.31207519668835	0.693795600921651	0.526827627536946	1.36863621088684	0.0878597511376037	2.17204723195562	0.223507268725925	1.73513091093402	5.64057591822963	0.289798774197551	2.77189122256824	1.55281481433279	0.0499567274908772	0.0395548425670472	0.0521093735541625	0.179246869938553	0.0610813452442923	0	0.0557035070597075	0.227962283612655	0.043209503345263	0	0.0519864755484813	0	0	0.0884048060603451	0.074237377035877	0.118887946307911	0.124825151656542	0	0.229487833011308	0	0.144859536682516	0.0562541393680662	0.248024100691141	0.881015194364873	0.152394108289722	0.720905326876673	0.116486267360051	2.32749646046217	0.432250382788934	0.0474463887321997	0.0536800924497174	0.0763033809422554	0.233294764463364	0.193326907647273	0.340303490531034	0.319825799979704	0.187076524709791	0.197810108327289	0.210489663658716	0.42723308272289	0.637378220061578	0	0	0.236086601042018	0.0584566039453875	0
LOC110899592	0.816118564302249	0.716908727950849	1.74817455902162	1.08672778741242	0.883118397955478	1.35320348446089	0.598850892783366	2.49855504952722	1.5740669935702	1.56169332460025	2.90757832289643	1.77086509052976	5.22408133064509	3.46038100246614	2.87532477232495	2.17097937768955	0.533741847564674	1.51991789354323	2.04318430742374	1.58492884325883	0.907171079461553	1.20473797544033	1.25298059835358	0.579954488047454	12.9784837904859	11.3939476078115	18.4099977626156	2.60112733646527	33.0813942279708	16.9741536951315	3.98013009191107	5.77430642513619	5.68493132875402	7.82622473228855	6.59267717380761	8.80996050366157	46.2420636102137	9.44480952799238	12.3288904958842	8.32162697759793	4.09327192324747	9.76143583727019	2.93885203106183	5.47607278917212	9.65611545325917	5.95870771745504	8.03046172815959	57.0602477612317	7.95231298724279	6.8115245134419	5.79907219980036	5.73083691472234	9.81917537170761	4.88458685815831	120.711059062306	4.29594261484177	11.8802501019446	41.7505850074508	122.381145664822	45.2883070287793	1.73918283602948	2.60750449772776	1.59430891198374	1.66194337021149	2.26720393959038	1.86553319441106	2.3988457248275	2.47350401299093	2.14117666173263	2.94492294151745	0.846942781120394	2.41933912674047	1.61803650260978	1.15130110188819	1.15028704655157	0.865381501799119	0.848415969099192	1.18989010847312	0.842538682287574	0.881036544163922	2.86761301297777	1.75835311182354	1.63781645325215	1.94849344057943	2.47426794416168	3.62384178734804	1.60304622409365	1.1771969975096	1.65473002955086	1.26611886932028	0.81239517295531	0.54589608796077	0.685777728409143	3.04697662341167	0.721392556192482	0.945526092331963	0.869170763996397	1.32831001953023	1.47993014856583	0.820996905939812	2.15027716125244	3.04292132626988	1.98529828405179	2.46281745683257	1.45782801378003	1.58546520739455	2.10341480595001	2.16553417709054	1.11755154998	2.79780360813381	1.3383745234661	3.05010520086377	1.96733735256105	2.05796314408019	2.45725928916103	3.32828610828774	2.54217321957307	2.26622455781722	2.43114655579549	2.95267277869135	0.852420931561416	1.30814042144234	1.02224789384101	1.59429923786052	3.81055350229397	1.66640173247094	1.29210336710786	4.08477381465159	3.99679478898942	1.19387006146261	1.0785006706266	1.50275771706076	1.07528299848702	2.00367732406441	1.25351148340021	0.326907566489716	3.455241762678	3.20484571281405	2.69698887109576	4.69422124403873	1.25674609574178	3.71333289165098	6.59105820875568	2.18257159979592	2.05295431633026	1.31789626706406	4.1992913151142	2.68208722471109	4.81104479849886	2.40756289192728	1.37654417743837	2.15591539533085	0.854048147883037	0.34969709243614	0.632877481072756	0.156328120662487	1.07548121963132	0.671894797687215	0.753222093905633	0.779849098835905	0.284952854515818	0.388885530107367	0.232754480339589	0.467878279936332	0.142430424488504	0.598301797677764	1.14926247878449	1.33627278664579	1.18887946307911	1.18583894073715	1.19453513618584	1.37692699806785	0.653985179826298	0.676011171185073	1.3876021044123	1.1298875698152	4.54273459594387	1.89404106017226	5.07517350121178	1.98026654512087	0.953165217141652	2.29633015856621	0.806588608447395	0.483120832047457	1.14455071413383	1.66639117473831	0.966634538236366	2.61771915793103	2.87843219981734	2.67252178156844	1.97810108327289	1.61375408805015	3.50941460808088	4.41612052471236	0.161110240633362	0.242345016510142	0.747607569966389	0.350739623672325	0.506688543393299
LOC110899655	3.44718736861995	1.64024080232038	1.30759760625824	4.97272578344564	1.07601538442049	1.7147309825482	1.68631644435515	8.21109392217868	4.29393337518388	1.11135103315363	1.53515795779793	1.48308812072288	2.50748815565224	9.83785127136253	0	0.163749244106115	0.774971255349268	0.256798067983722	5.4506315066858	4.10801943396905	6.29507095545335	6.73500356331543	0.0696373741818665	0.0765518284129802	141.276294110232	67.2589996327764	59.1014413023458	52.2562114331314	399.710033936685	363.043109192277	16.1479787055756	35.859079017719	13.160681295082	145.409990896046	201.750583819601	169.814466092601	450.942339635533	101.600367146126	96.4966092794971	93.0500304637265	27.1589101220893	16.6887945320209	23.0051944803342	58.3968119705459	95.0072269171683	148.209079068551	184.849280383619	295.534192010302	64.7618062456673	62.919249203411	36.3899490746693	165.565369843711	15.6261535332499	47.5317458372004	160.481367787709	180.353792541611	152.058725154662	209.673743244184	231.052771248744	177.331240157866	0.39354110548748	0.40294345077737	1.41417580058498	4.2524093495265	3.59114952371686	18.4871983554065	4.99171573622193	7.98094733876532	3.74481212095706	6.50220604692574	5.36607776993444	1.10475671297709	3.86016641024773	3.77519137828499	11.0749212679949	1.89792768520295	2.76236430735001	0.369555422188204	0.444847849043626	1.07347879735243	0	1.3925762984498	0.157225934962808	0.411510181853716	0.141229896772439	0.294359134850602	0.307776174639418	0.327127602410857	0.0624051970099803	0.211102694433016	0.857865052038629	0.936731206906564	0.506912567156161	0	0.457061403139863	0.532505242049643	2.8681824418258	1.09095445633888	0.747407941675116	0.394067375137325	0.512722563365561	2.14215605804571	0.5060313819746	0.551655515828281	0.909658965857656	0.509540327035789	0	0.152449296546423	0.708060646218673	0	2.24462680724417	2.35669759331393	22.6293608190708	0.639161073062658	0	0.206739457560455	0.374575679176941	0.660155995740887	1.15938886062371	0.356335350264244	0	0.368361929620081	0	4.89026079303235	1.67026936815561	4.02210396835204	2.24728425833246	5.98594176737399	4.54514952754767	0.420230382330744	0	0.132238940898071	0.141933343550293	0	0.088244713881159	0.0690409263556638	8.04357544328983	21.9974391370203	9.53728657366318	34.4508546784985	0	79.4591541646144	96.2489304892394	9.93418300859247	23.4851334881189	5.47385919680809	35.0923407076293	8.26059513705329	36.5616450104663	0	0.076504713710734	0	0	1.63533720252786	1.37836818930468	1.54072640314621	1.13567606401367	0.838501004305042	1.06050672923032	1.4117097759311	0.0601803416626691	0	0.196625426674937	0.0548961663441052	0.701877290825188	0.135383322555549	0.233382090625724	0.470354724652684	0.502168489628939	0.724963987139579	2.10232241007831	1.4539938076612	2.76235531180362	1.12176054152406	19.6226892390451	18.7117319977887	20.118294263484	17.402741051714	19.7621669658892	13.5306623243224	7.81803910575002	16.9454649831123	0.100203940382183	0.283422876180411	3.70640825785926	11.1210470130222	3.9371292679446	5.00326225472766	33.6947128898824	12.106822833391	21.9557738727882	16.9296260513964	73.8267193183992	65.0937796161076	2.041531258175	1.59943189534446	1.28805208391892	2.22222343655078	0.178349325597393
LOC110899654	1.84356284879898	0.129556302688436	0	0.706997618017735	1.76779845532379	0.586906645367712	2.88590553695517	4.88661790561561	3.36608430202278	1.8405764237126	0.0525443592196482	0	0.90115857854475	1.22663520504455	0	0	0.217024343190809	0	0.893936052767435	1.24983591122884	4.91818803616129	3.84201991266185	0	0.0786049425849758	84.5047458423966	29.5019344389098	33.3809336794437	28.2037944911751	437.546527457532	295.633120206114	23.5466283376601	45.4670004639327	18.0972268701524	94.5372064143747	146.152557831163	142.665444867765	296.733760927014	97.5200222053798	101.953333503785	100.798780478948	25.1503591605921	17.7123997216117	26.1160304885905	85.9860766766373	130.734024132942	167.844875014787	206.749149346843	68.8178831769447	75.5785961257951	79.3063850633593	34.4749440843462	42.5412877604219	5.5483560151719	29.4984604286276	86.0147779095316	33.6710668067932	94.0643599236256	131.275310604586	174.505377915387	133.233039938468	0.269397231853498	0.0689583938750544	0.207443412455815	1.94064828552252	0.983323701002419	8.48012119775978	1.83603337424255	3.20349833270399	2.03145161249633	2.83029558564334	0.612221729392264	0.85078965252259	0.649786193044652	0.722726422701744	4.18194283252724	0.360894437089818	0.536625809318486	0.227680122175721	0.304519089511346	0.293938511050268	0.0840358789140217	0.476641696021131	0	0	0	0	0.0790076770147164	0.738982507208587	0.384473397670683	0	0.609835103305975	0.517921527897646	0.223074824298606	0.13484938375565	0.234659877474106	0.341741869897759	1.35474916256048	1.60030538751407	0.627916389871258	0.242781739165064	0.225631604239689	1.25691915392721	0.074229014980401	0.161843106997241	0.215551372988375	0	0	0	0.161566839665053	0	1.28045973678467	0.967961616870701	6.70423774331971	0.328151662032169	0	0	0.128207256729783	0.508395996719994	0.765310873515155	1.00620365189558	0.513484724631504	0.472801710431905	0	1.7286846142319	0.311830157203555	1.63478236006135	0.906539955331706	1.89817896477242	1.50012324308223	0.517801114779951	0	0	0.364349962370484	0.181047472129703	0	0	2.55442376916895	12.9854738672258	5.10056034830327	21.0382646099371	0	50.5950666343233	60.558254721826	7.01802452052227	12.7067515642466	4.38221548011236	28.9681195774495	5.81632708500567	29.760124108747	0	0	0	0	0.595844033253259	0.857779344557422	0.960529487237838	0.453496870176594	0.596069679452921	0.476415379318984	0.724785861972286	0.247177495258166	0	0	0.112736954637703	0.205914738851834	0.417042878676865	0.143784828247573	0.523217069185808	0.515636610040443	0.203020217924145	0.755547287606688	0.995326540110347	0.98184512408935	0.523566396949578	11.5078870187715	8.09779155142856	10.2095230605602	10.2448544982815	10.755796993425	6.97835308381196	4.75894678582512	9.60804825957855	0.20578280476954	0	2.64752267361328	6.75763121519741	2.24595709623064	2.63968392787689	14.9917518961309	6.23025240611233	9.86625283603312	7.49362020347194	43.1148801371053	33.5678885245348	1.80513427979117	0.854010838832196	1.02394648421289	2.72551116249586	0.0610442136144332
LOC110899653	0.379247214610076	5.19705854213039	3.81813954179746	14.2207520881282	0.227288372827344	0	0	0.156256027773941	0.0487641991439919	0.416496150737252	0.216182506503695	1.22585857260521	3.64141629697675	15.5112660214372	0	0	0	0.135609620137217	8.03543015878902	10.6057504467133	2.02348307773493	0.553250867423306	0.147096088912238	0.727657182786633	625.789198469295	499.544229403506	488.71975885015	226.855206433018	573.052814068284	671.284149464855	45.4794960193814	105.108631142757	41.6179770019524	221.022297929868	172.459007154243	202.917788083908	911.897469312097	70.9483645870498	107.521875571674	89.8845777612401	54.4008609070286	69.6152853169965	73.6038606903907	136.094879124294	234.593595809614	222.698947855842	152.87923666828	987.642497255583	130.481560991396	95.2905859485138	292.60028014229	887.590168258536	67.4800055899285	326.375563345	548.123420159766	403.345538166435	662.04807931283	880.183195814363	922.407059791422	1032.29243181988	0.415641443431112	0	0.284493822796546	2.9941430690919	1.43284310717495	6.00165851479722	0.78687144610395	1.68582769402097	1.56711981535431	1.56754832435631	0	0.583398618872633	0.0668351512845928	0	2.03751801163733	0.0742411413441912	0	0.546432293221731	1.33118344843531	2.11635727956193	0	0.490260030193163	0	0.362183017198016	0	0.466334471763318	0	1.31289359722253	0.131819450629949	0.297276963457726	0.209086321133477	0.456616530717925	0.0764827969023793	0	0.0804548151339792	0.140602369329364	1.02994594718883	1.72832981851519	0.861142477537725	0.499436720568133	1.08303170035051	2.74726615072661	1.52699687959682	0.0832335978842952	0	0.0768792724253858	0.0756734644950074	0.161010488569228	0.415457587710136	0	1.3170443006928	0.663745108711338	9.01154034329338	0	0.140538967554896	0	0	2.70176158256911	1.13703329779395	2.72851068202335	0.739418003469366	1.75071719062785	0.35079488164548	0.169340533639043	0.160369795133257	0	0	0.743776247421028	0.514327969056766	0	0	0	0	0	0	0	3.50320974057455	23.5149426167067	5.80589497932577	22.250146211892	0	35.5532900673623	49.0376781358815	19.3053963554566	15.3594018907973	4.80138391734049	22.9322535470262	4.56997128107588	23.8374196063166	0	0	0	0.0865904615677203	2.17289616282487	3.44092057073892	2.38275886245891	0.732999022816046	1.29432273252634	1.2600700644845	1.05611654173105	0.0635599273520998	0.0481903032382637	0.467251752847239	0.289895026211236	0.582444547038045	0.428958389496204	0.246488276995839	0.331179155880248	1.25962657595594	0.974497046035897	1.99834547905769	1.63802310601017	2.86137721877468	1.777133941646	48.0368598362572	66.9098702655307	72.925164718287	75.8753213335526	117.577655904204	97.2404406962623	54.5857376784512	121.513354591611	0.158746735107931	0	30.5788868802333	102.513626905198	27.5983207984821	40.6973573691471	189.897556453095	118.210035552836	136.950943092962	79.3073899184561	279.660101373038	262.912729583255	0.479150850304017	0.270280353388651	0.570484469775752	0.32597475697625	0.251153336013668
LOC110899667	0.533574546495959	0.602629217851753	0.898030924461106	2.02999316064498	0.15227570852789	0	0	0.287887549520801	0.0490056060704473	0.266355099098845	0.162939537698949	0	1.33070658557386	5.07171150125349	0	0	0	0	0.682977919264591	0	0.726250114533577	0.873698152019974	0	0	257.706236346021	198.043490710473	178.389031600122	97.6633176766691	286.618233290804	291.996199795168	37.8002433304313	93.9181003123153	33.2468177393865	168.472151104765	129.05180108973	150.616318594885	350.132897284913	57.9138465606061	72.9454551941923	60.8159352718439	57.1169490327682	66.1642179023721	68.8126573330753	123.281184750969	210.673080537801	207.685973596117	140.240004446359	457.449713257475	119.108612990923	93.53873820543	141.794871831914	380.855504785844	28.7531635699818	118.63956858906	280.689095989479	141.625622282345	283.571784981478	370.761548617988	407.863126476744	411.269568826493	0.417699074339187	0.142559531100112	0.214426656043436	1.361198705503	0.169404281162793	2.65380266604796	0.553536794511739	0	0.149988365165924	1.0502056430506	0	0.219857524067719	0	0	0.985883761039772	0.373043358734426	0	0	0.314770227178064	0.0759583677070495	0.173729618982651	0.0821145100076008	0	0.291180801945336	0.2248491821882	0.312428705504797	0.163334682778939	0.277766962205496	0	0.149374315796827	0	0	0	0	0	0	0.304424908676956	0.496253116207333	1.08175694888712	0.334606119720564	0.699681370770995	1.29923128386139	1.07418938906291	0	0	0.154519725765874	0	0	0.334011446753099	0	1.14708907905225	0.333515487793073	2.04747782746029	0.20351901098708	0	0	0	0.875850529002761	1.84583889889398	1.2291805547729	0.955386628245072	0.781948492183618	0	0.085089426556252	0	0.266812837504541	0	0.654026019545347	0.603019838308304	0	0	0	0.0753230417257	0	0	0	3.52055236305265	18.5269809273965	6.2564180240653	13.1531149709204	0	35.1010890436571	45.0036355411698	15.773830199085	14.2849710654617	2.06792277628031	18.4203942215262	4.17508627389021	22.3642912856822	0.0770964976990575	0	0	0	0.615902149224161	0.576325805165017	0.642441504451912	0.200898472049942	0.205378463811501	0.281401785577946	0.187296148489868	0.0638745804578033	0	0.104347751185907	0	0.266058152674895	0.191591975946599	0.0990834063963471	0.083204664162983	0.199873002802805	0.419709123787738	0.780981552734042	0.617299549232794	1.24043007756239	0.487072263934478	43.0205665875381	48.9250867612846	55.7900691100876	73.2253043681018	109.853637911007	79.1827512338437	41.1668172635922	111.39616628549	0.106355073356139	0.120328444857584	20.2968000611758	93.2718407936636	27.301587615392	32.2144294978432	145.341022711081	110.288464614852	130.657558865886	81.7839178983937	285.593532143798	222.576801765809	0.120380721054103	0.13580918747004	0.132301996227507	0.196553096038154	0.315495836700338
LOC110908730	51.6302944112218	40.053719079373	46.4630574264833	30.5103138727892	35.245481703018	31.6850984929988	34.2984719664378	16.9141724508771	22.8819231677745	21.3506865150662	19.9180653127623	17.6240816775205	23.666907056424	17.7862104731459	15.4846922916522	18.9819163445549	20.2297691331432	29.4950923798446	30.9157511913607	39.6432328092898	64.3278920893014	48.6262505946109	27.9201656263455	17.3408117981213	10.6593600285873	13.1451901406453	6.7071833171625	10.2969031852156	13.4970354169952	13.3502127183254	9.48841511677185	9.10937210700104	9.08530463116351	11.6944207489592	11.2154773278601	11.3992924080763	11.5711071922905	17.7918352552401	18.7776418568351	15.8742408076683	9.4234591518731	11.633405392069	11.049089822096	14.804873450444	10.8439709256839	12.0741964782006	14.8907408180058	14.5292701157918	12.3133667845397	14.7047682457314	9.2072570791302	8.66360495120951	13.7450344719485	11.8736091936335	11.0721043401827	9.85558399546664	9.08995588211754	10.5659875315078	13.7630729605886	13.4149224801525	41.9225388747734	36.9961783139667	39.8908743023664	40.9169848975604	24.697228311784	28.1216601056772	27.0978854252048	38.8889797598019	35.8432017291604	32.3203168067513	13.442639972513	31.3551436523429	13.0560611502472	11.976609290486	40.4254473810966	30.1269520447765	34.6972391912917	49.8348419800335	45.4956957570834	45.5893381736983	51.4389617395507	38.0944526933079	28.6762635823833	45.6602117653665	44.2329794946887	36.3136380326806	39.6872491861424	45.7137458111858	36.7011897526473	37.2680026584763	43.7919683707338	42.1471855610585	49.4429414141839	26.6760977365194	21.1445311023989	20.6705011021016	25.3784066725615	22.8729362886832	23.8458724248728	24.9776165460058	29.1333378521865	28.0702592300038	34.0578626947576	30.0883676240763	23.8132945396681	25.9334073476605	33.1465539793236	25.9405787139311	27.443281765964	34.9863480795764	25.3744437839496	23.559494353478	21.9356999539949	37.8616699771831	34.6711584888034	30.3414765810153	25.8932870288187	16.4109017274555	20.3445140542779	13.0741136846952	16.0610686368668	14.2988745854906	15.7187775959546	14.4086450584193	15.5831552666812	16.0405336833087	16.3030026382543	15.7277685652572	15.4506741167458	16.2675850226701	17.0371721018853	19.5482739140275	16.075640839732	22.1265874867087	20.7403091815606	31.6459496884524	14.2865272232806	12.7862500478342	10.0019559591966	14.672856495669	26.7412891048814	15.0282107511538	10.2262580760847	26.3700522681418	43.7084428806657	32.5604053918286	15.0420016969625	15.478469648341	13.1971978934622	17.9991257971421	12.6111341569202	19.922418183792	20.3156857226766	10.4350088161301	10.9274961501297	13.0498827604351	8.25318028530567	8.16284311028583	8.74076379607687	6.25559226107033	13.5682789361357	12.0827145723438	11.3964721508497	10.1584048768187	11.3032483434025	11.134382887849	7.49564003447763	8.08686601988834	7.67700042180748	7.07912164642645	11.067225830198	11.8550500402429	10.4515854974987	11.4417956533374	12.6769744809259	9.06786173069168	10.8214973960616	11.9554214647901	9.58552340028653	12.0023613236927	11.1024923751555	11.1950919453125	9.9639299130823	11.0318980471366	10.511295376786	9.20720800023268	9.39772619265648	10.93583341549	8.45429628407888	9.87422561573385	8.88575565978138	9.92809580256942	12.4059865058473	10.9157343382173	8.56398959006919	8.02864035847191	10.2516546812267	10.109744893444	9.23075715869679
LOC110905693	1.11460246527594	14.8264929479969	0.511616753053897	13.4000541292958	0.318094034360226	0.0792050850263561	0	0.0273353788677267	0	0	0.680740157501295	0.786321438764632	0.277975936179855	1.86961321841938	0.0764987224375257	0.363059337501045	0.781018318825247	3.62969595987747	2.34985285684076	24.5414393210294	2.27563376115485	0.746631211982849	0	0	0	0	0	0	0	0	0.326965820428044	0	0	0	0.152823585463877	0.149466829880924	0	0	0	0.0667229656658842	0.0798618375924877	0.0777349497202925	0.0747893642183804	0	0.305506657343396	0	0.14574737943254	0	0.141048828014773	0	0	0	0.161896187144399	0	0	0	0	0	0	0	0	0	0	0	0	0	0.0825930214886773	0.080432222874461	0	0	0	0	0	0	0	0	0.165530313171369	4.83425880921604	8.7123320893701	5.71219493242672	0	0.0857659308248984	0	0.152064431212404	0.0782825487797596	0.081580401385689	0.597092144388364	0.290118543772028	0.622632203466691	0	0.512084905775028	0.319521391712302	0.481675525476205	0	0	0.0737907987948833	0.25436952038364	0	0	0	0	0	0	0	0	0	0.238289244454289	0	0	0	0	0	0	0	0	0.0763959663925568	0	3.56770965226668	4.49847673739415	2.96270549754345	10.3113255189084	10.4131765337069	12.2429046142015	0	0	0	0	0	0	0.465860361797887	0	0.146597874501274	2.12415651278163	0.293195802849136	2.93479834376223	1.91344035815077	0.091927556532657	1.28347328987567	0.51395925577939	0.0915866674983083	0.0774308267773195	0.24605331603377	0.101522313888742	0.440514754300357	0.700948379981084	1.02851332252086	0.847555141873066	0.174429664390036	0.553963013399635	0.885772584732708	0.0848118439481973	0.144216057173262	0	0	0	0.0610008385349658	0	0	0	0	0	0	0	0	0	0	0	0	0	0	0	0	0	0	0.0439018860838683	0	0.0322294855229135	0.0254853199267196	0.0675131193401774	0	0.0259489436474435	0	0	0	0	0	0.0646612673826897	0	0.0575996826946186	0.0625707271299995	0	0.123202843465184	0.035723729475721	0.0266476638022495	0	0	0	0	0
LOC110904303	552.000705498209	566.359303151063	403.601953167948	376.163200662561	390.969163427417	377.541038420175	368.36835145574	338.715739823898	288.558043704004	313.046353645902	374.297354521199	340.620030176364	436.974135407982	431.688131555	132.817429617498	144.952815722056	244.882377062211	245.858643215607	267.507124891913	324.628308147414	723.510170919655	510.972348905608	370.742815004604	339.237494485141	1611.54757419213	1200.24654554982	883.73897675093	912.031657753984	1405.18722264541	1140.74780094099	645.725500583918	1419.54615934308	893.450295997194	1533.55610801766	1539.31704393779	1520.16635863905	1096.5303332716	2188.06395391891	2495.40958916086	1732.56553863049	888.493597255098	1224.41817730652	1044.09333079211	1122.43717482751	1352.60108764188	1305.52965761153	1601.44631909611	1314.25513848432	1654.52614202332	1654.43271015717	961.347427492489	1415.86057804656	1266.33160254385	1153.8631595968	2066.17475011655	1084.41080507187	1818.26662963206	1811.3820291284	1421.10613789112	1465.727296509	188.625002724211	195.979755392905	195.971163130607	188.083263273932	338.95614938872	335.89719985911	454.867995572762	384.699739172721	415.381288319258	366.706906686889	121.752349802503	151.651107103433	122.998619196143	115.130518234576	110.251220130264	105.737695589291	85.6255008903467	419.439680429598	331.632823291852	354.271617250238	207.443840370155	176.69203962755	171.880239109746	195.380970046052	140.056309616768	144.16362517833	141.083769427976	232.78356129967	189.489073291382	145.470843041009	185.724562050939	204.359279235008	207.862923906284	187.532586182005	143.18282038968	155.44491405798	165.743475279368	229.93478772418	303.554233472476	318.110291507825	233.047818787123	241.6236631129	248.988859249259	202.529483229032	159.368669669263	214.917688608165	216.654466511457	170.44139332267	206.088295922451	160.387548036469	120.552050734093	120.648104761374	106.919201999437	185.137201324695	192.477461671175	166.467260913964	164.662795927478	150.264396565896	141.458824994483	151.606894040708	44.221926890992	73.1266645468013	57.7693174568382	174.484893789745	137.838378882674	193.339738988244	139.270010162488	207.241152458363	199.135046869154	162.675850226701	158.876584650239	163.179291076545	157.403600107229	124.97487549632	103.11855353399	91.9541453086102	298.557953869231	372.239166375737	343.882869931302	574.997056837353	117.670675862524	714.535032642993	854.791220517339	489.659292233142	391.399426970549	318.798959090756	519.484952954558	378.876427578949	590.618220632937	103.364468552296	151.047609577626	108.290417021748	115.262254384971	192.168728664074	183.137189728683	164.997050083153	279.31088185067	282.338338167534	287.146479858021	248.403881785047	172.089840846369	187.994510483755	153.961681317317	178.230292739503	153.857308925891	172.088461122439	259.957159983602	275.807353053186	261.572295794834	273.980910861814	192.218098578847	202.051287642401	197.972374599632	204.378109461366	713.090981724809	770.996139383129	854.281796861453	956.584854691966	566.107195050255	379.465291952932	487.764368782786	508.459618207009	174.510054287139	172.272249285837	564.275833927525	819.262312850465	590.405404510746	639.270551397572	371.044646896733	315.287652736043	285.513989349696	237.07089370984	837.596212659138	640.086081114341	204.841273839803	213.659975107275	219.408977200506	196.569089415778	252.935774199077
LOC110904457	125.695904897958	64.7284671310509	199.801312514609	164.952382761717	171.903382074914	359.347126667962	159.846245009395	681.491828446612	653.494911260733	671.178522981872	890.349883073461	401.662082545729	851.589232295381	1410.05744890932	433.910532628547	381.684119959318	510.217909744217	113.199746401718	248.779875257421	138.1629894635	144.269350219695	174.851445260167	372.350363659429	369.750781526685	487.935531738551	216.174701980359	323.910431568175	165.031217586141	1120.35321171576	931.779460521333	131.739978480799	221.422048940851	90.8482783742795	303.59091433558	360.9022321706	346.426563564728	1120.51467334472	591.945918984163	575.769991510656	461.461644775376	112.215703014301	110.321868311047	134.402961984225	328.84288589524	494.466294308769	499.345491875856	438.206830296922	495.259408759232	282.113118906727	272.066332873655	194.374942722855	389.879045338314	143.69747080333	378.725864765215	434.077975137458	313.633602441111	451.665189626482	532.154765229685	958.297129935835	614.994975723157	26.5094722665158	12.7559638689457	32.0067059295904	23.1828067728232	506.581162285108	736.916262823194	803.58546143244	962.030295417236	763.81453610937	834.700459075022	194.953985459581	12.4562213204278	109.385512425442	144.179137173508	100.516212037004	63.1004652189372	50.7010912019204	10.5771784913672	8.10227732821206	14.5863418893756	7.94995732173037	7.1126047260629	5.93184449772305	3.45011556997527	1.10241589325283	4.46778104352531	1.66836599521367	9.41958108482473	7.03623645251688	1.46473843645433	9.95866644427816	5.31210776533023	10.3004258676133	4.95473294003162	33.7614050901823	20.3213650946582	40.7968785382289	239.321009619076	271.081056339242	130.149869026584	194.711312066454	162.10367347988	139.566402904218	34.4490124058981	9.7102754433598	11.8058821219258	8.45142802499258	43.7652821943046	31.2514188994839	11.2191117133301	35.0423291849382	44.4909930550497	92.5353450039448	13.526220352658	20.1390862345504	2.74938946365187	5.19799518547159	190.663306420388	188.75686825999	196.017885121572	27.6713428401906	40.7343920230361	23.405837698787	329.090241464117	275.440637474939	333.290105049564	250.877131433668	329.672352741653	312.972314277613	4.81102589169333	8.56052635865216	8.54460418760802	8.55550309698303	2.52323928390474	3.06143473400008	3.17364827817427	3.73987479990949	13.5172869977104	7.69738932563359	11.6079432122006	4.11937010159338	27.9770848650566	35.821688483994	82.162702063247	59.5401044169786	14.162195743242	69.1608424389546	33.0933011531572	99.826435724001	2.20498478451592	6.76806748866221	2.25658458392467	1.49326511999673	95.624289996858	99.5507061065099	91.2497527270651	320.504038377691	328.993811524324	332.562383265393	301.711466124803	35.3883779982965	31.144543024467	21.9138719865096	20.8065353318972	41.6557520008373	20.9398714002316	158.086532765984	256.733511325419	241.995645208483	192.575517586475	114.32551731389	97.2284247538569	96.0174626528543	85.6168304572925	75.9416317290416	79.9079962923579	111.602207708665	93.074120384414	69.2994858894501	34.4058589200113	27.2039823620424	63.2170556293044	31.8953357936245	29.5963191918724	21.7569172140441	29.729928555807	19.4007082296924	17.3336213328515	56.3072548628943	22.5183744676103	27.9196769258309	18.9886880884095	94.6908896548862	92.2946794498575	152.915169245461	118.689648267961	99.3178383546492	156.384279790379	323.755395182498
LOC110904450	10.7171587325142	16.02822635322	18.0893710206426	35.4059423860159	9.68862580734944	25.3055012843017	13.5380752783825	35.1202057608443	28.0838823017284	22.7540003600212	45.5766531249955	13.9467663888151	40.8532783914724	91.1258679727034	15.2510818640691	17.3219288496534	22.6240707368603	11.0963915825495	90.377499958533	37.7940468962473	12.796079110522	15.6908770241024	8.02418885022135	10.4838909326111	142.70796822162	123.822294561676	34.5733535693991	113.628242419107	410.517440216906	250.754019767795	88.3760525244763	137.600014166364	64.6223796772727	271.32310471165	266.395341864089	264.236943459754	170.983882222956	170.408039661602	189.88025161462	156.669756029776	98.1149466120627	82.6535516137837	102.078191144561	121.70599322569	193.197497772249	197.732542556819	204.204470322535	121.974858991535	134.651735507899	148.534059511868	115.674885113198	84.343056624568	94.8976966717359	91.3285093515589	262.326467448622	106.012941388062	157.2902094535	184.872199460981	91.2117316725142	114.685452326109	3.9028182232309	1.71259841986787	4.89749222922116	5.10015559492893	42.1339044500887	119.293230136029	105.622066185996	158.571099848778	105.174220324455	121.691009197864	39.0816460728594	2.60858853813094	25.7006183067494	35.4146945763848	16.2639082531136	7.50227991759648	6.48732985946154	3.76966066601423	7.91293524842125	5.61021142280349	1.08217480723114	1.75370548245308	0.371247141586191	0.777337295061116	0.133390704264366	1.66812154657187	0.508711985571408	7.16810072510923	1.88612147861706	0.199385099940259	7.47921113481866	6.5334382897437	21.8868832016677	0.0620188355246248	2.8779431669071	2.89194917356299	4.93034244167383	7.43359477008958	6.80251976198853	2.60535822293435	3.1131197554128	2.74584232789648	3.89182398542177	1.11650354871224	1.12352592299491	0.206253202233744	0.0676727457818789	1.5838608853528	0.965984646667003	0.0754164468248	3.61191180025533	4.52596678478662	12.5436637216722	1.44884018394327	2.3879242196442	0.976320257730428	0.471712338417246	21.043562930313	21.0403176186493	20.782356692592	6.70687959975077	9.91558913987023	5.09772958514549	34.224691640053	26.6033708829757	31.1030894539435	30.5494888655682	49.386579001389	44.1551694316223	1.19071445777592	0.501970003761833	0.562044626336822	1.00541328823291	0.666127086884263	0	0.130417397450699	3.28946764847342	7.73859151206367	4.1286227340909	10.1439294900549	0.131939399988842	17.7489349126527	16.6070827188012	6.90571887252457	3.83911501005373	1.051530272646	7.14881025523649	3.49235850963116	9.59665676105852	0.411634163926245	1.30064753811658	0	0.154871045799535	4.48422149495204	3.82667835527053	3.79392968548174	11.6798418581517	11.9402997639133	11.7692887765507	9.22234133797688	0.852599025494026	0.603334104859672	0.789273518881949	0.881434128154162	1.18378297005129	1.15081788195237	4.23221457453296	5.7752100817267	8.30015935280959	6.16251325808163	3.47485184256116	3.06700884703254	3.06058858945209	2.74505631274674	80.9414625519557	74.4854130369287	102.20222583916	89.1320435553401	47.0225902058109	35.8991176099891	17.907514617386	49.4426839282395	0.757135676403172	0.85661130788483	11.7957631895402	45.3057551676218	13.7725651011147	18.7455445489564	75.7210503565367	33.957932975163	44.3019507731902	27.9561182246801	193.420703868904	207.485824234034	6.58806034209306	7.25113370985412	4.12059521290076	7.05455326485253	16.7326761110251
LOC110868884	18.8664246762151	99.0368320009729	54.5901479143757	91.3312377457456	36.7019065667791	25.2024788877687	26.9432931761461	183.674946165341	151.225876788065	252.992976693743	129.877194878112	23.7018839791622	216.742122443983	107.263131190992	258.252052195168	139.546717489103	185.079732359086	99.4925036436064	332.594446564914	154.722769722084	10.5822966293598	20.293154346594	20.3594359426257	31.4631040541317	1271.1783388129	1041.190592378	985.50253426878	575.729463604614	902.356597084485	918.648369993507	489.885263852711	626.446765862057	559.839557716567	831.94177537758	937.500211325801	1110.28716998319	1012.98296089696	474.800196804145	538.433636974664	677.40787585318	663.063402287914	967.178474859453	725.214136997249	630.917176804657	1371.59493038886	1077.38355894292	783.722328350444	1108.73424781143	837.503619084421	731.000818275402	723.603597421048	849.211351407253	490.622315741129	1046.48809233374	1013.88183078135	662.794084856134	1207.17928824941	991.177332328222	1134.84537391862	1055.65489020779	63.6427002002045	57.0533949514393	43.7279234374746	34.6062188058085	80.7306815195514	67.2573212507388	61.478996972599	78.7002278143027	68.2595271351958	101.294291177155	69.22122491029	45.8594118136904	149.551245902831	67.5766085289902	5.22242621669669	4.54213465051936	7.03855501110058	4.61929670801572	2.9058704025801	3.18394659894569	17.8587868209142	13.6040699089667	69.2005405606663	21.2868415809494	7.48016054051655	6.62598922124181	3.99379123059766	5.75227382452736	6.08167010860899	5.36684794700854	12.3726623923698	8.01447739809994	11.9666858315442	81.0335531060507	2.98565274936422	4.01904648100313	5.04346642181605	40.3646988741172	31.0210551660113	23.9605424711956	84.10618708552	105.191837235462	72.2879115688977	65.9494668611879	32.1691254596643	46.8040554719786	44.77969783877	30.7634244501229	18.5009996519219	31.6339204670547	12.8572328669082	14.3960378414238	30.3370973629396	50.8469054755632	104.659521897878	35.5504704123324	58.3933379599131	41.6955048772392	36.4929263956001	44.3517793668815	43.43715445282	45.9462348340747	66.8486096100107	111.841306840247	118.301644353081	120.627349351238	81.6179127588617	73.1993971762463	70.0699858700566	37.2141409883156	125.705434291856	107.020504453604	104.717635469505	15.0351696173167	18.6018461688141	6.07014373855884	106.198401309287	130.658966233205	74.2270636869442	233.837776247183	75.8374503270846	226.883282730724	210.701336359741	208.779617227854	108.79136418312	74.9860403296112	331.235772012078	266.09409045962	242.345042272909	25.8532287145772	40.8444454163489	61.5980696611515	47.1580038940131	126.680980418082	105.303433449047	104.627589426527	69.57399950528	58.6904813630503	99.9810533818243	56.451651395632	44.3688488919144	53.6981406138109	45.7181318165211	33.9019629022466	27.1905122354232	48.3291705925968	94.0420975076634	107.412535005698	101.866763734136	101.717943888722	97.4854380170582	114.847503503796	74.1099028149101	111.103065808339	692.820718212182	588.160234982834	646.507906251285	719.579594667644	660.78672363161	566.897800963788	689.749742895151	747.559738475653	48.9858646416962	43.7129935449035	631.001515302865	602.925224090046	509.889075569318	513.592360099653	744.587427067313	955.030517773995	857.528103514712	753.044104550622	1231.87195354967	1017.03268280533	31.0569175458602	39.1712882713735	42.7371181555594	27.3322747316825	54.9767083189306
LOC110904925	54.6684242193952	26.8200536902589	49.5539154926576	43.5436839136135	33.1894082960015	102.225707593141	20.2412902197027	7.49087325329961	3.94997955118312	4.72566497947475	8.80023882083599	5.4601839380133	8.97468399163087	43.6152369487107	2.40958516602891	1.71536667441455	8.42577572146986	2.46593063327691	10.44161873503	10.4928202987083	41.2152854086685	53.6986733617132	12.7660958272164	5.6802952809371	61.9026585187388	16.4722560768597	8.05970139431623	13.9670794331582	134.626633398302	55.0104832103838	6.05059836019306	13.2438693240085	7.72638812721538	72.6210113298913	69.8587348101316	69.2658866573464	18.7673450038453	60.4958062592482	73.5071164610473	24.2216862339556	18.7406077293785	14.1402279020112	15.783479212849	18.3846035631172	18.524202116557	24.2403200439084	42.7518722939304	56.7062116300928	24.4909810913746	34.7480161684739	14.5624909773039	54.5891772560902	67.4404407658041	67.0279793464705	236.779409462436	128.137633150326	51.4479850362784	66.1320685400398	80.8401847407297	57.08925360707	2.86289403557667	1.28976904765656	6.34898470174214	5.3031442795398	16.7893713671968	54.6333385691731	59.2502024195203	113.75343265245	100.046392337997	104.947870917715	13.8970344156869	1.26579209703483	3.48027178248639	13.2941427081395	6.17505119433518	2.39318858315131	1.62935477236069	4.77460790412799	7.89617007184061	5.62265116007394	0.57155346961719	1.0130576763967	0	0.299361370078165	0.184932959291598	0.192723733240948	0.604524538461137	13.4218217588507	6.37386761382718	0.429998539366275	7.60406767249275	3.45963868449079	13.9708783283039	0.0573219693163267	1.99499114074077	1.68511023664895	2.70412614319889	8.57127735729441	14.5913860760311	16.9251295817938	0.767294445688062	1.13537261522293	0.504854017195692	0.275185999519738	1.40494559397309	0.317721748826411	0.0625476925589842	0.798496641194296	0.41207438259849	0.069704940672759	1.66918562430367	1.44011878992082	5.37584772851403	2.06446944641346	1.16162094518094	0.0601587129491876	0.544985244405104	5.33070590697609	5.1328178780707	5.7547578716942	3.0558195175953	0.643133531844832	2.02963976717519	18.5457532718085	10.0740439711559	11.4843951257044	18.2867658564262	34.0426782137244	34.7178359677501	1.83423033330031	0	0	0.619513616799324	3.61711618992681	3.23544788093266	23.9272912069616	3.40229276616672	2.64332465701155	2.54396677697784	9.08721721606586	0	8.33154962052132	15.5092695772803	6.45210624902042	5.20427262763527	4.37352676509726	10.3449350520883	6.73045666758392	17.1581171571603	1.39501968963604	1.13535985558992	0.22712854606929	0	0.322359208988364	0.510476502445085	0.336249736191518	1.10156056878633	1.23873764003571	1.79370722851089	1.23237205195288	0.472817537753609	0.278820932009661	0.128735214207369	0.191689545019156	0.525183193879434	0	0.448215246361326	1.02650705380227	1.36992218261966	0.863001252087979	0.688219551181988	0.888499147613162	0.602859302576034	0.356093367045837	5.928917539977	9.88209524892712	11.9537009672717	9.19144250901071	7.41635464419563	2.68449622662008	1.92077123751248	5.37919409591245	0.262423348753339	0.148450809413062	1.47710421153037	2.94934953975834	0.941985132608003	1.809807463423	4.73984880766714	2.68531854710234	2.75545256941755	1.26122389674335	8.80499749523287	12.5064343440375	15.0000456287407	5.13818798848376	14.218514209119	29.7993487324078	16.9185927022725
LOC110906290	0.805867249468027	0.141580718778849	2.70440449052647	0.62953870243589	0.375641751323163	0.48103409280138	1.89225180915777	0.295138158996139	0.241779228833261	0.402280904331324	0.689053453213976	1.97775081410273	0.375160823846364	0.578247144810622	0.671085442960318	0.0612488449692098	0.685148728956886	1.24868732568777	0.453057065609613	0.569098347576286	0.0511872027689402	0.503832785755349	1.61492618200404	0.687203573415615	0.0510068070354093	0	0.0972775848188114	0	0	0.233601955679939	0	0	0.0575745903711914	0.0510936796580637	0	0	0	0	0	0.0900503946949197	0	0	0	0	0	0	0	0.0482083512512281	0	0	0	0.0580395028134064	0.218497715238847	0	0.0512390328300223	0	0.206259719721191	0	0	0	0.0981335345621257	0.10047810635807	0.0503770464303026	0.151483162951265	0.0596993454202446	0.283400018260953	0.278672197416437	0.108552630173906	0.264285151461242	0.0528714833755908	0.0892057900189147	0	0	0.191467711806286	0	0	0	0	0	0	1.1020252871963	0.0578755443877716	0	0.513071545646875	0.316954185638636	0.110102230481453	0.057560373205418	0.0489435854549112	0	0	0	0	0	0.196486750371107	0	0	0.0429126528630461	0.116588892153851	0.457463161915976	0.117917718394197	2.57531787783974	1.03018251659979	0.324473516983414	0.117909423381102	0	0.598993075107768	0.0535998370289132	0.456177657774643	0.470832604634515	0.298665970502959	0	0.17630005722488	0.166510757882996	0.143443266641278	0.0995443489659592	0.103105233079696	0	0	0.0619511942273259	0	0	0	0	0.359833862477939	0.0567953042778282	0.125369139743934	0	0.197557455809232	0.182150344938108	0.0628732686473911	0.170392569316024	0.148388148614164	0.0530888151730335	0.0659503003849999	0.198042567928686	0.154944605135949	0	0.0666229358156518	0	0	0.418007589636667	0	0	0	0	0	0.114387414122994	0	0	0	0.171695156520391	0.243295406989784	0.183997177581094	0.0394633744031214	0.0312463934304937	0	0.235993785497141	0.241256395033283	0.099168110060616	0.0880060990810731	0	0	0.220637603693858	0.0410667762183397	0.0750087185489584	0.10127768442397	0.139670956678731	0.175931704406028	0.0939156700771497	0.14790865841787	0.0786353671878559	0.217541013511906	0.0794794378188168	0.0762879718653676	0.296253481110263	0.326544873205829	0.130492306353066	0.498733305446615	0.296129596380101	0.0690138457701909	0.507806159598925	0.32011564461602	0.0374803294102233	0.169618603358214	0.502299530278164	0.236946172899287	0.174535786626827	0.144750918405063	0	0.0633348497571977	0.0694490323723318	0	0.0241066618304412	0.08991029622043	0.0424230733651934	0.0478601812089115	0.0621656274434901	0.184711446381518	0.0889464885044916
LOC110911072	0.074744839384316	0	0.160107896505863	0.0796230327087935	0.447956695960687	0.594884017246496	0.511898001555058	0.590258409123407	0.288324245424185	0.447742552160611	0.639102652722089	1.00667188607952	0.195730143412078	0.146271519596403	0.50273772056273	0.937345187621024	0.146649459088158	0.133634722756578	0.0393950712996708	0	0.0712148170562051	0	0.724769564300591	1.51379382632581	5.67710714421293	4.44780447229438	1.35338620432385	11.5777945502511	0.400265127988559	0.325001555814905	11.4345185205665	12.6167127118984	17.3819924237049	4.54942092116538	3.0847366539677	4.63071457119434	0.136433220842541	26.2516602517347	17.4461069728	7.70494782453003	12.7461043512903	9.41445711937713	8.49599916417479	3.12063292207119	0.645345737587276	0.854190435140453	2.53140557704701	0	1.65526962002774	2.18040694199724	1.758165311061	9.28603870498573	26.5989148247679	0.135906410800914	9.05343963472678	1.68620216366189	3.51527639312206	2.2978458320949	0.0635335113769615	0.382380295786419	0.682647354502554	0.489269847028056	0.280350708872325	0.632258366531541	0.830574388225344	0.709710686507089	0.155082430639905	0.453075492347207	0.661841863766142	1.32404567202912	0.0620543189791771	0.718628153101605	0	0.399572666531662	0	0	0	0	0	0	1.61838416906654	0.966240642031186	0.24545563438854	1.28487062605976	0.440966357301131	0.382952660873598	0.800815677702563	0.204280071719091	0.259799499785239	0.0732369218227164	0.206041374709203	0.0749944625693679	0.150737939526048	0.205023432001308	0.317132572275685	0.62349642904065	0.179108247241005	2.43308566684178	3.9601406491298	2.13270793783059	1.75335471877133	3.10538351160802	1.95618677925049	0.492128748655687	0.0728270658251985	0.681837042335824	1.04399993249908	0.793328378144495	0.573170128287478	0.831045312098524	0.605669887147079	0.817598647259719	0.231660112666343	0.332611975885033	0.207738425342067	0.430339220397684	0.194924819455185	0.0858843722614358	0.258571052410946	0.185432764797703	0	0	0	0.417186023406866	0	0	0	0.366472277248711	0	0.349892792123151	0.474121459863812	0.344078020977504	0.0738604583912204	0.642279090448479	0.918430420200023	0.0718561874303608	235.698417197372	296.051757741854	288.824429323027	207.997145409728	0.654252898488361	169.479533361439	211.975437308388	398.847532901655	533.416661782005	390.007558683779	126.041159451548	109.719645885107	176.827145189837	1.28519113154642	0.955491880752313	0.54158030014192	0.767964918855461	0	0	0	0.393995061690178	0.201390532475356	0.20695325492747	0.244879106763452	0.125268594684236	0.0474885027056677	0.0511607906299835	0	0.104356789981221	0	0.194318913515166	0.856684915969354	0.391983947244336	0.137186477354568	0	0.0504427625182137	0.0552883662108566	0	0.123649875271167	0.666320626063881	0.423614344669129	0.574236218310009	4.78546754693916	1.280218006326	3.58118096168976	2.93940751810621	0	0.176987955300233	0.16771927616822	0.29302598987243	0.151765644560828	0.201386471916947	0.270382976532506	0.352461513406075	0.458953593301329	0.192778559273193	0.100616057484531	0.150106548913254	0.0590216156624487	0.13317211586868	0.129733025426973	0.0642455103555133	0.185621822369325
LOC110886457	90.9164062232356	30.644975421247	384.120635093864	60.9573691974998	165.518234590212	241.634057832521	143.523350036651	470.413844309815	289.430624116556	355.026941293313	247.05458412867	102.137952368706	449.045147843166	355.898157731604	542.779383999656	310.662877256668	375.406480239624	166.642063630434	189.788886401365	89.7933762213351	38.4391696724972	109.184757576653	203.572235616485	143.46074680191	1.25097623807382	0.516972571728028	0.568047184373907	1.31985483266771	1.00800264505676	0.709335098999443	0.193261582123422	0.126838880608029	0.336203700089312	1.13376333826414	0.421541503669511	0.235589933976942	0.114528294594798	1.74270976131823	2.44084354550176	1.15685767854606	0.818209584657835	0.12252599246866	0.884123657691611	1.80877295343397	0.541732770753785	0.597538812954813	1.03377297734425	0.731926141368483	1.33392876958714	1.52527787982692	0.0614951871228209	2.84691566122875	1.21211028785821	0.285215165291242	0.239366044157855	1.07576124997109	0.42155485911232	0.783622547161539	0.213331757842772	0.427983379146983	21.7184228017247	21.7092488883912	26.3579932970753	30.9602202030183	255.741097122321	153.971807345826	190.913802827566	235.425706320952	291.617965531485	323.991925671053	261.550104044239	31.7309177495833	334.212523926727	274.652747349926	53.6855767562627	81.434726751209	67.6407179754167	4.71392487673352	1.03640726797015	4.68936133154768	38.1107847542504	46.3006713518815	29.7394073297867	32.6569829728627	22.6419033854116	29.3821755500915	29.7130680872754	37.5545686859619	42.3089943334037	48.9368275990291	34.9956880961535	16.5568459375844	13.349582883943	34.8227926980543	160.461456949751	139.105819253209	133.011107531365	100.079733989816	93.6746856830921	87.0357694947149	22.2696738385031	19.3170649677211	19.5158788236491	89.5083393710901	31.9121436117166	64.55008022367	69.8601142396697	108.550856892159	101.17797435142	55.3210676828813	180.055806234106	134.451998572228	160.304896056121	23.118565404547	30.0523740502321	25.7087058575259	22.9625779571724	101.077576697513	98.1094858683291	97.0544814318738	36.2628185483041	40.06769077002	37.288752588277	284.01630067845	291.854729040393	322.850056921754	283.781059197853	321.092585623221	312.715177763304	139.661975007494	37.411931331715	45.0004697134018	53.8796092031211	68.319082527027	48.9567576472555	24.7912631009736	6.23054560421257	2.80109536500232	1.21515550205054	4.11423433238733	25.7518396139591	2.58553172077865	0.800098431380714	0.833208347009183	2.91992456483214	0.162114487836622	17.8345081112522	40.896790485645	4.65684093633206	98.4925037271611	100.795178542497	27.7890943125999	28.2219979507311	105.174749320207	76.9258194007106	70.9584424077004	119.837221140706	132.483894622398	126.646284048402	114.087319789183	119.404860588319	113.771925284136	107.538564245805	100.335338346604	107.356090876647	80.5494358042973	141.79223067665	198.585528099409	152.843390219922	179.305073837241	116.725326471093	118.182007085562	108.556701894221	101.881156415316	13.5801557525811	16.6785033940447	18.8468680321824	20.8884079412416	16.3079948102674	13.9170235349465	8.73231652202303	11.0911678803025	108.775583073718	96.2250000170617	29.8242781866478	12.4834564430372	25.0976095662897	13.4034901235676	6.44600067606263	9.04876233921695	5.19096141559193	8.41501192719821	6.70063035364246	10.5845302461082	108.009075638518	97.1461823558105	73.7279021682823	101.389573147853	146.989690308162
LOC110911125	192.217188826451	74.1268835053153	94.676180006297	87.0205830359484	124.241105772202	61.497588582573	107.708198866054	33.2138431891991	33.9778853229324	40.2150960173844	54.2309133426137	81.6775968459516	43.88839366639	60.0552981333162	29.9993353170599	30.4477584708582	32.350058609439	50.1592708359736	85.2842340351661	160.646406978324	334.321670191765	153.844739375711	66.3836983015255	77.5193238339651	12.2614881296733	55.4432033806497	29.9684671563308	58.9854341726511	11.862363375079	9.15932723423635	21.820774937292	23.4460844492016	26.8072075022516	38.576185821379	33.5755159552571	31.9552901061505	5.0923588577507	36.1739082924381	27.5102944154152	14.5540283878649	71.0004903572763	59.5603538902897	61.0137480019088	30.4748174317434	16.4793226621318	19.5833127448324	19.7978469012161	10.069853057328	10.7182751715086	21.0926554285824	26.2370618029906	16.7966699249508	19.4417149655673	7.29556237784713	18.1172123906864	15.4444034658009	14.0805011678236	11.9254549826301	7.40724171322441	6.09379673333893	370.859293368602	354.217481179132	403.689610619105	485.532320704533	143.789470962217	140.353443636544	175.084022956475	160.432875784329	166.66174605257	141.041054037564	267.582973524518	450.682262358544	331.399213065649	300.514654494917	183.130811177455	150.03451502064	196.500185546699	490.945831655539	393.449326776386	463.306455590093	325.49970094699	356.39369055636	398.718825426531	334.686011747388	413.448452656249	373.305871287716	384.074590102309	465.880000369978	406.402157257699	372.685876905027	780.396248176206	619.652739653069	719.278975653583	322.780009220236	228.426485614818	226.734487703593	201.858008948791	142.718570600029	158.963067820176	188.928478990268	90.1570973683473	94.9037933077516	104.757208568106	129.337419774277	437.487841045011	165.469486788795	173.00691761815	124.898182960141	135.366434683604	176.771729546117	317.653281633789	256.684030032078	226.886681843188	334.834625619653	237.958050620316	377.315447617305	365.848594569146	65.1210559446809	73.4499009030962	76.4449592956135	23.4861557209468	37.140961464039	29.0673409513304	59.556362393619	55.2746886312106	71.6860332687282	34.1212834179293	39.3450366713925	41.5196977083705	172.41765133023	202.15154263873	191.399283239128	232.875168554866	203.174185987378	213.693629088266	398.145304063446	387.499429304052	387.324807095046	516.309620873002	460.130522527779	295.904994196067	364.133928375963	300.032416100686	554.326117523367	735.537198039118	638.372925231419	380.226419301594	446.133127679848	393.691544093319	141.023808625025	166.697541150143	350.516128721432	377.823869963547	29.4728419646504	24.7945729759041	27.8606924272972	34.2585336892548	36.2049228428619	33.7332682007048	32.6065105412532	57.158386786214	57.1582910619805	51.4082622068094	52.5708577215035	58.0327429236774	34.6675383186762	27.9930794772937	29.7002707566791	29.7547098064991	29.1694423205737	20.2336548047504	24.5395002674111	24.9491003681466	28.7545393889513	36.9909140978157	41.3828615951216	43.5764428042579	40.3379900504619	142.213252137802	143.110493841116	145.508638109855	134.728889161511	48.2421589458221	49.2856687251367	153.947083379499	175.271240878347	175.794792990764	173.427816528282	162.447545499137	198.294761336025	131.87677039955	119.94562648772	42.9560101444747	48.9765398640663	25.2971066544109	21.781449081616	29.4526365760323	30.4459892112304	27.0386098094601
LOC110911761	11.9707964339507	0.854391710440937	12.6608158782139	4.22412182271432	9.64042860257476	8.11317160061518	12.2242919960413	23.9158531398449	30.3034666109093	35.0699031562341	18.0188854485478	19.8842970280482	21.8777732375566	21.7424298152262	20.4884989408843	15.5238739174341	17.6884330560998	2.60840953019034	9.10910526174022	2.61536363056706	4.91859771446501	11.6161175808363	12.7683407790487	25.7595042749901	1.27859045740656	0.75343686433573	0.948291013913992	0.715373213041468	8.7476147909777	7.41723667323347	2.91901993135299	2.19305533949247	0.80179191449871	2.77499754621011	3.23135001042789	5.33752004937263	5.53091526476832	1.74287365765617	0.873153070067248	0.62702728667551	0.600399587575787	1.46102422506361	2.60047489054366	1.11559485968809	1.07662149289746	2.99257193263492	7.87552834295218	3.02110352811997	2.58473005389754	2.76453280562915	3.22643553196001	0.16165327022665	0.456424527605347	0.816230922011323	1.07034306188662	1.95789537914793	1.00534074272268	1.00628452681027	2.41661966500901	1.33963164850344	14.0078706417118	12.5934512896018	17.6091031984359	18.5642689803754	21.4496441134114	40.9664228146091	29.3390639190187	23.5072355788113	33.6395188093468	32.6915325954193	33.1070948264125	6.83360201953275	26.50218345836	30.2637140141781	20.1724036954621	8.27510953009913	18.2001303225418	0.692997223182079	0.540676750765042	0.745558322489018	3.92200101940426	8.30162534119602	6.46994654039374	4.57286857088107	13.2418468810544	12.0363993760679	6.17227321657826	8.92889863202361	11.7673519788537	7.55073375721281	7.8371811526902	14.9384013535893	7.24245260463347	8.07209197455102	8.17409975527877	4.50740588751447	8.36650769425103	3.73435694509114	5.94598377347477	3.77691941744835	4.95994838474418	8.52817813695945	5.42239708264994	6.81439694243193	7.07109052147287	4.24666457206893	4.47863361296983	5.87633517805378	5.32746634580684	6.15571172868314	25.2030314139378	32.5720495099756	49.1596717218879	10.0546434614965	10.812896075142	8.97411315617133	9.30044595320835	7.04936256676469	7.93721831113094	7.05329291951614	11.2529503734988	7.19540795467797	8.39103743255727	27.0599260896675	24.5191234395915	26.36321726454	42.8940204043566	32.6477294998924	33.5683554861142	4.46546850588657	16.4521836024009	22.800101009108	20.9228231452447	5.32691279513982	1.74671363686244	1.22274231477708	6.21998464142829	6.30904310750279	2.34596035145284	0.0860683260163889	6.9854796029078	1.92689955138205	0.477026615794041	1.90427379016409	1.59973489081064	1.06319691075359	1.27438028717785	2.78663678611059	0.433821051147916	2.57288020503949	5.49941755467014	8.80923253024818	7.00381352408296	5.16598198138898	7.09280984557948	5.9618389988187	11.2397716578379	11.6248069263957	10.8410789939492	11.0302688031934	9.34157979892596	10.3150196693331	8.75699713669485	10.580182419206	13.213963022938	8.60348515894314	6.51600982589	7.06431048065987	4.90456105031179	8.7198071441939	5.20166458314809	5.80655512175162	4.87010448333532	5.63070473780642	1.87717894544322	3.12262369551715	2.18070524785941	2.20337803883449	5.23423506138095	3.74827677216585	5.31602819683477	3.86357910175046	9.39521493495919	7.79503803129891	1.03527399008274	0.989923806894106	0.729183038589632	0.748733821732033	2.1381013411516	2.64603031201354	3.1432605055009	2.27699767677977	3.59212688544546	2.37899673002298	19.7323772791016	15.3963272733892	21.5998973367999	12.7972811055098	17.0318695128317
LOC110880175	15.4131646321815	2.07237150163524	21.2245176798069	9.04725858889294	3.61324280807242	4.85052264317687	2.38507269657858	512.925041882173	381.657562235	591.307153991415	171.180827561114	6.14285786255267	242.03228472629	53.8619844887673	815.530375685765	977.837559682791	519.259670273781	170.12150661034	786.131263392321	240.407022673514	5.69427566819176	9.58723285580836	7.54900433827695	46.3545952119196	2810.15136459476	2624.91617553634	3506.89737396128	2159.48301534514	3218.66381674501	3241.79059538412	1127.60809364423	1487.39971330324	1434.17740042557	1995.33814290719	2559.43891044206	2800.77892450651	3306.2417058682	1060.31006280411	1020.41252044647	1652.90028967994	1519.99534511425	2186.29411104242	1971.29141582222	1641.59954531835	2914.79400307052	2723.92517382843	2708.62423377984	3298.46325626318	2375.68353728575	1955.09377030218	1782.31613903789	2469.97164798168	980.898735392851	2689.71558568262	2250.09136557375	2446.97317613236	3017.8198267075	3343.2446615145	3045.04308896916	3385.01929005119	505.762895865086	360.845258069119	356.158514190227	162.529364708086	285.484282137096	336.504839496872	213.00706496058	339.950856776695	233.963464976697	298.64811121389	355.291718080922	183.648030377969	340.920713467824	282.570796909407	118.140278460105	78.20269111316	121.808499043261	14.082213235939	8.28080408679371	24.2143482918213	56.368074383804	50.8287978188009	154.945436212582	56.5504942041588	47.0123887634083	54.6335365055094	46.2550808243584	15.904215593901	21.3883454381417	26.4288785605184	24.7123373016901	21.776737302574	16.9691811186576	184.642553142915	23.1889021311082	27.9154586644247	39.8861930909021	81.7440568913673	53.8661185770661	14.9299610058157	192.168985360456	175.253560029137	160.5312010674	233.943797877721	189.86663247016	123.225930027774	105.83734030421	128.37009366229	75.2063107624132	134.47314818261	70.1854118605151	98.4058057241136	186.695807652187	477.596822705343	638.779036023569	299.498954159203	244.112640852128	578.836105585251	580.263551007481	621.37023141686	184.314476482785	260.264447000661	151.387788587543	266.072637804821	188.131051625311	311.77947635643	189.215235107962	252.061990591302	247.423800109269	28.8053976640916	478.03615016061	475.019565373321	480.935697949705	2.02721388098652	1.25615764315407	3.55317470225104	459.724264052015	512.752571206632	484.234591341208	963.351695870513	175.831487462658	1125.50592506247	1323.36762734307	649.801019252065	301.076200495631	115.50855968661	1266.38148440113	1009.1981012382	1088.32682670211	4.53365206591904	32.1685519812015	58.6174929299418	24.688010812145	1062.85871865371	1041.10107220877	984.536087340671	891.977587457669	732.404636167015	1044.76161655477	767.175100071313	829.645329564229	804.194267351317	679.768042504642	704.14050911011	621.758607470442	686.962912692983	788.174086893999	927.365275973069	1051.21766493523	891.90618173333	869.995557712485	876.884308520019	860.138450760709	838.441474223028	3063.47639123563	3013.64060759083	3326.12550550938	3282.17326370791	2734.37567234486	2329.37921997758	3258.32522876637	2988.35518438955	832.686351600341	817.452949418862	2408.10103240421	2595.84772917654	2192.32465019157	2043.16493742271	2852.67656054606	2755.76840549904	2336.62154377567	2179.96239642853	4140.05340512788	3760.38064071368	729.196688157159	712.457217025542	906.529944699151	664.22967228962	638.798825739698
LOC110916097	0.734376959292644	0.430069252803583	0.393269793484196	0.195576447591551	1.16143515367656	1.27855140034198	0	12.0189619243501	9.12797584612656	13.5945150227091	8.5467702392379	0.384637217733617	8.70724265433325	6.46710804447688	8.70285465848087	9.55837400095409	7.92466631861128	1.3129770852713	2.25785742504473	0.388959268081154	0.524770551757568	0.446382854081602	1.06814210827766	1.50036715528652	49.4450986200016	49.7510074910032	56.62382837216	49.1526224502801	105.526178337588	100.531920048074	15.0799339437481	24.4333728417688	4.72203174573771	31.8943156888735	50.1020219767345	52.6780871469717	99.8652133674313	17.9846145879556	16.8077107425552	17.9510236324471	31.6763281615253	25.3951676957847	36.7355488173864	27.1930237650616	41.2726015836046	46.1005944105711	78.4232123512608	91.981955723006	54.6986345947925	30.9439840522978	30.2298216838231	42.8414576156472	6.59566095972783	37.2213952665287	60.5848206193545	42.6327666918088	58.8555879803633	86.0145296583237	146.276566782016	108.324872664836	4.19193228420686	2.28911170764886	2.46755423210558	2.07067127989662	10.7446483258977	7.29581582781841	8.18990562763281	2.34941372157786	3.49217743697133	2.28860393937554	5.08075902611704	2.76540452238861	2.21092593061075	4.03490045615305	1.6439433877678	1.4376106543279	0.827059446294628	0.629830544651439	0.0631792387618928	0.30492031551717	1.95273196535348	2.7029903492963	3.68443605938282	2.92222386689973	0.661916908879414	0.501674074022011	0.78681095201937	0.947785918336321	1.75488573086253	0.359780744725268	6.52300568369253	3.31573291582531	3.02374555162149	2.68583955435736	3.57026236474912	4.25411580492759	2.68852204721858	5.97633919756844	3.18450442557919	4.83556379691562	2.80873682225241	4.4331878266892	3.26489654761173	1.61174121181354	3.33916149188986	1.30260865798656	1.16006578917823	0.779454590927342	1.87715495114818	0.544341285508096	1.27516689844502	1.33883403287363	2.33931290241503	2.12416900974591	2.43792656555383	1.76172256363122	3.29833041081296	1.89860444562045	2.39935300885832	2.42919869941666	5.45453026406655	3.60982978406706	2.26427220903124	2.86923169675374	3.81706883209661	3.99865768130812	10.3274016995456	11.101954281358	13.0718211372555	1.07429325085506	1.94095828163643	2.19739492888177	1.93516749489239	0.375623133750814	0.0751974032437221	0.0588329674509313	8.8328643846462	25.7269921471209	13.8274650332698	34.7076340088522	2.3212629334285	58.0648663574159	81.2377843475044	41.040147384661	28.633653763379	7.11538270739194	56.6804185458181	19.8439394664899	70.1894183073549	1.17605865726941	2.80330785628775	2.10626519749153	3.56308047937444	3.9109207871316	4.05760995516082	4.12633335132866	5.91410181365888	6.10094848381225	6.49539296400605	6.91715346489608	5.07696287756419	3.3438247771606	3.93751013417727	4.0698219856253	4.14399319834013	3.61481363202904	4.37526488498973	4.27531756080701	6.47230515965311	4.77371863767585	5.01616132439671	4.41915489438182	5.11527260992178	3.3022140063249	10.0058435766926	12.1014380504679	9.06734815201955	14.6729602324994	11.4171232181473	8.01866278286624	6.66211281507474	16.5792761090145	4.01325543101423	4.44392650881031	6.24814298698221	20.4829941986641	4.99523710547347	5.70038519078107	17.1125772722906	10.3648807396899	13.2509361031398	5.17713103854177	46.682224868949	25.0718506022678	7.78025002011436	3.97981374887363	4.7445024296319	6.15439304685446	5.72456913237036
LOC110937771	35.9660884877422	2.60305501145021	8.21444136186309	0.866538967291171	7.83501617274637	6.18511014535249	5.96892386718917	0.119698013728717	0.149420866811024	0.0870141186274395	0.0414009894530662	0.208678650095478	0.0507174962803622	0	0.167488900974538	0.26496481461397	0.227998404318193	0.103882086369264	0.612481863225071	0.369291139053654	30.2816151529332	9.4449317895209	1.2958332813797	0	0	0	0	0	0	0	0	0.058728794907944	0	0.0552582965660418	0	0	0	0	0.271237587652588	0.146085527091872	0.0582840731712722	0	0.0545821246786217	0.0577583451883796	0	0	0	0	0.0514695157321832	0.0564985949750228	0	0	0.118153670165007	0	0	0	0	0	0	0	0.0530661717085004	0.706342129563953	0	0.491491409454707	0	0.183899876000579	0.0602773220977743	0	0	0	0	0	0	0	0.11561597662121	0	0.0604029482402695	1.19596501912681	8.39783209867514	1.79491056068507	0	0.375557683506461	0.508818723864546	0.166467515074409	0.0571314903170019	0.119076600965979	0	9.26326614524933	5.60431637932949	0.341588058010858	0.907618734882554	0.757868568908556	1.69907254854455	0.265627842718676	0	0	0.0464104389077321	0.126091986759599	0.219889211245482	0.38258737462389	0.770382926475737	0.49517871573585	0.175460584844239	1.33896161426698	0	0.235569695129861	0.173906188216828	0.308350275278804	0.0636512379661566	0.129204025880978	0.067260375607708	0.0635567250322649	0.0600276518355556	0.361982240925448	0.96892337253885	0.11150928226657	0.202035284567387	0.0667629459843614	0	0.14414773414463	0	0	0	0.0648606194881619	0.307123286906143	0.135587907360798	0	0.284880336276356	0.13133154430003	0	0.184281171192349	0.160483182614413	0.97607292560775	0	0	0.335148104392173	0	0	0	0	0	0.119714997033789	0	0.128597061859153	0	0.450372399793664	0.0618555337502834	0	0	0	0	0	0	0.0853600234259215	0	0	0.051045901074325	0.156552640339333	0	0.0475897132011992	0	0	0	0	0	0	0.151055457298582	0.09513589902409	0	0	0	0	0.0429788809035338	0	0	0.0470881814645487	0	0	0.0492718387939257	0	0	0.0230805393074091	0	0	0.0651890016804779	0	0	0.0670926359270474	0.0630553507536183	0.0456648250073279	0.0751097836902275	0.0599432199400418	0	0.0194477667145473	0	0	0	0.0499417929556066	0
LOC110923014	302.360428538278	164.826152920238	342.708149557156	119.760928701962	286.188605099143	214.861210136036	199.979945521498	251.804943021006	179.13118369925	197.866712381555	165.131081438281	94.3898887683683	309.719969118939	181.92379724218	230.008793678903	184.908275382105	217.286032663555	131.178856630428	190.583329558186	140.121441446504	349.405070047564	274.300929640156	169.702534378584	127.054854300982	779.739273258681	537.361864001886	520.215768085576	441.294247161579	426.062460454694	379.918770032749	240.372022222097	353.858542760344	323.253742231252	540.469554278263	493.631991923201	494.761947555611	309.613698605438	390.421330697975	455.9125134985	408.229622273377	303.233965145175	491.908952481882	365.620995712305	252.332695365792	236.011980506038	242.681994762491	322.495823897726	457.62038845408	286.008538926555	352.311680531374	617.297195785771	911.680545068969	876.753709520326	567.166699424668	618.630502896783	294.616237167798	846.830015712525	836.319117278277	282.043758221273	327.649190682859	188.541253111201	214.317741532512	204.426182566022	188.033122273095	112.507010640738	95.788383319886	107.42206366592	107.467752777728	106.533367123211	91.0342645583697	64.2980250983729	166.93713585923	154.097544793571	69.5891115392545	201.071585643475	206.630341100803	160.477892630489	133.159623564264	98.1446041811434	127.492001190006	178.838397317124	157.868125734425	118.241422009502	266.278129560348	211.647533364364	265.094155790562	248.931262438162	113.319906792854	139.109764183682	187.457750451945	130.547416188154	97.3634342911688	99.7721677866371	124.011454718264	90.0997740994002	103.225072522887	126.873695159208	156.228617668517	198.859136649475	194.445159601492	265.465312871353	218.447128421611	245.522450881886	143.496926203878	133.432742491294	217.171470595087	184.511099452453	153.307491049271	171.340598664364	212.495660455894	237.069848654025	219.197429304274	175.646240505499	197.420971961603	154.950512579654	195.065063414991	145.335790022992	201.322209768598	198.855344887028	192.545243560205	70.0426490476852	113.305738816154	84.90936187873	151.257900267942	118.085100837051	159.172503330527	139.308046311816	186.154459704922	190.88075445409	113.872026539823	94.805397294601	103.021249437203	117.135370344792	79.5761618491724	81.3497195675206	84.3141235295169	682.304694395994	702.699982133546	804.098504049218	810.843672412583	67.714150686417	740.215155175713	877.764006612665	822.417196035024	941.022131214669	947.264371155824	871.728558103508	780.637023465806	910.034606392839	89.3713662140125	105.545406506017	61.570650219593	63.7966872054233	40.7109360231292	38.2757112448193	38.3345209794879	80.0540094175441	74.3992692987523	76.8183619016004	58.7485052611644	61.7036083807575	66.289651074049	52.3806106764303	56.2856816049415	39.9291714355986	61.4730462874947	69.2657317618119	84.108475715633	75.4504939387658	85.312181617737	41.2823590318571	42.2836133734017	40.5583367570026	39.8632992251679	625.920737106005	490.343388193143	599.391558861917	641.235960566407	633.645419343621	459.998400727324	493.238362917096	512.211074383421	51.8287981303847	48.8825315996597	688.495506177108	636.431305087338	714.607005906842	671.376603760079	352.077888311258	382.540887978499	414.250741824527	404.788220322694	413.948150919904	368.545974328942	51.5514246655814	49.0217817299521	70.5211443256065	47.5811795994214	104.384666940933
LOC110926365	28.5402810883262	20.3160241904351	85.7135437694536	8.72059583688581	14.1644722833744	22.2074766374333	3.98275086625347	219.03861323508	94.677350224144	74.5624033078738	53.2625774103995	11.2061708271421	167.630755537108	61.8483750451506	35.0313920084987	40.95234436794	29.7972783853821	25.7532203076389	37.5354224952634	28.0052933095526	1.70485209919561	5.22068221205955	27.0670479004809	24.9385484664194	289.228156897536	119.337856337852	176.739184123747	189.31219374249	92.4280635708232	98.3831264027394	198.275939721654	247.102001759318	288.16611056335	260.791225615068	209.563093337524	181.570845879067	72.1003195956319	219.437671315021	191.284753128382	199.936704178726	102.534757138392	104.390223327751	146.911863995533	122.421010867102	105.312724723375	134.664867540352	182.170801304248	141.617256005891	266.210443848152	236.67445277066	331.45655733512	138.311608806201	361.683419618413	270.979299134656	477.927270410701	293.790696747127	333.010212574634	342.132938505714	130.61286457133	84.2551245006745	14.0543643606825	13.7208371478342	15.6461270833321	14.4632826153693	146.094704869501	39.8797014656495	38.5182945828165	49.1704938741017	97.1338074202229	96.1037979566385	27.7055767677049	11.8275086790255	166.657585662828	46.1141528600084	3.2934766146745	16.3319726363766	7.39418426526367	1.1509686594589	0.138546453856702	1.20359365913494	43.2295014718945	20.4809142479736	6.70855017791339	22.0868505740552	7.34559588605148	13.1556811250255	16.6789291990533	3.62702966772981	13.1386690667102	7.36369375491159	15.085357360803	18.9407862291699	10.2845141540666	4.82636992551598	5.97871371730657	9.37035952947785	9.43310373615613	25.9199259824969	53.6658721402577	22.3370485644371	27.2834627360234	28.8311764963503	13.4637027310994	2.60171493212415	9.93765725647276	5.12357242930251	9.95253359739829	7.07449774513862	6.8117180432405	3.18317878986256	8.54433446672583	13.3096128423174	7.11716580885829	13.6558378803514	12.6401368044181	6.78223946615525	8.39954945426874	5.44849259936291	4.84889585404373	7.71307639049599	1.55746093118911	2.23714055106861	3.77573311381781	39.5495259098646	58.0259572074183	34.5006621046691	62.2919513419476	46.2785706068927	45.9555477174791	27.3276232732326	6.62098726635306	6.01306830849472	7.47059267411954	3.62431581046631	3.40795854933024	1.54818560715734	39.6174651232713	33.5062654749522	35.9330771889252	67.4138540306984	17.9248989607154	49.0337602609633	93.437456708203	45.1967114054515	59.2464006693881	28.9529787229352	77.3391850806855	80.3183738167938	41.2422405574443	14.4785520373826	20.6819669055732	10.6557733516447	5.10687498496433	13.9981014592566	11.7859180993675	8.22607472817831	14.5411115640255	18.601807288819	14.8631158100147	10.18574715727	5.32300542083564	4.803209567679	4.2866856530178	4.2401148168444	3.65370039530416	3.09207851941708	8.75140801236301	11.7680693224356	9.14932897199593	10.8788637402468	11.7202336613918	12.1663488051629	13.8314080118665	13.5300995726289	44.401872700512	62.2468274470569	57.0439421133473	54.9878726191107	59.6139863048616	48.959970088529	59.5895251065818	51.6388510030293	4.96210378566598	4.02516477074441	27.5872708690138	35.6226213356319	28.4661554883929	32.0775701084676	21.5545978200776	35.6671868594787	21.0635263158885	12.0913938420601	29.406275409894	35.1263279743374	14.1648448094487	13.270396287565	14.6488009226064	13.3806860731146	27.3658265606932
LOC110921506	0.178314266510354	0.861508152909088	1.67107402114545	0.0949759394210275	0.267165834881012	0	0	3.03057072975574	0.429898628817184	0.378303999630009	0.857626171212184	0.0400259425849028	2.41253174257774	0.828759015200232	0.47117365985406	0.0508220004869008	0.131194796926001	0.358654858122025	2.51403057784408	1.08609799871261	0.127419678461884	0	0.389033807820873	0.190071939915958	758.776434480986	436.02470510403	409.398151313289	466.862293208688	325.25887318526	241.94380441645	336.772239141304	717.237735079134	481.602047161163	986.079822683366	1097.40001818917	918.969454641424	306.968821886126	862.71896718474	1140.80770327314	604.077470758874	463.581967111011	556.438563124389	463.241684269404	327.567073603396	529.139078395573	448.059237022124	876.474272661839	327.732179641737	684.774786226474	966.38278586823	641.080061703194	450.286728674329	507.008892491934	649.460694868904	966.436487774456	619.048848859075	901.728649239555	931.568920380719	346.749865367048	449.345189393037	0.122141304308795	0.541924332178482	0.627014830931879	0.796068727595847	13.3747966048331	3.29216628045815	4.11592542465549	2.43196862423776	5.35077196170967	4.03611168633723	0.185049069335705	0.0857193975326755	2.31755821347877	0.794363726167943	0.221759075018968	0.654499928758141	0.139028210338779	0.229393985284166	0	0.0444226701703069	0.558811831759482	0.672321465841039	0.0975947899711237	0.468300334338836	0.175331151522936	0.411114205709121	0.191045778351741	0.0812231128626378	0.426104275125471	0.043679229575795	0.491540511755598	0.313092110668873	0.0449508042014563	0.0407593389232479	0.189141024576697	0.578448079956647	0.356073141590881	0.0967411015961023	2.23533871738766	0.391374847617568	0.136398028272284	0.569871278242618	0.0448726645278163	0.048918414506404	0.217173936884639	0.0903676450628449	0.133425419448348	0.0473148945853405	0.0488349104256847	0	0	0.0487623976072675	0	0.357071571100667	0.165196354450746	0.213882164162138	0.0387517012234782	0.102444589958632	0.2056191345171	0.165890921605357	0	0.171489861849766	0	0.447865018758732	0.188506476039671	0.936239603519119	1.44477568498304	1.47533208313356	0.856468742141913	3.96491137339321	0.188513840439964	0.492507740507464	1.27748227686494	0.109446184657446	0	0.25713447499689	30.3690960211794	24.655424141649	42.3038762303327	61.4360395773568	0.130067648222932	57.5430894471402	62.9847492204391	60.0858043663562	35.6598283620586	23.8420941813177	89.8364772094988	58.2592554024149	81.8877300317116	1.12720704510782	2.23197075599399	0.363379370462912	0.254456625626045	0.392942782997149	0.233343796220658	0.375718540530649	0.195818815644125	0.320296851495258	0.205714970638191	0.401632929882732	0.0747114374781486	0.0566452319476985	0.0915384151978281	0.102227024297998	0.0933591433242537	0.28012144717149	0.173840602999961	0.267632836957366	0.311710840117094	0.613645360488731	0.326243431326571	0.511437621131397	0.395694387009952	0.474756790748719	12.266420844069	14.2883456249151	14.7438045819555	15.4401490025519	25.5356939284993	22.6769826470867	23.5960791519945	29.7140226225409	0.404297079665924	0.10555737924681	8.9359639053224	15.9471802102693	9.39540945140493	11.7535135462819	31.7519168046484	36.7344695725205	23.2809885404625	14.0269564321189	32.6445798087622	29.6327884892852	0.422412952859216	0.39712588113706	0.232122205309407	0.191583311135433	1.6975027878515
LOC110925968	3.54546244711131	1.33477085532954	9.76447500400891	2.76519792047068	2.65605902785901	3.96813567836402	0.495540358648224	175.338066999038	51.1645125812976	370.311504123894	91.1715498208527	4.09291595787595	189.222974609167	8.92063807012272	383.437327101515	213.216597993382	108.317991919918	22.5821801033185	229.646699921764	20.1196858242636	3.4383403859949	1.78123120556106	8.2263729658526	25.6448625183484	98.5189347003079	98.4178030588882	89.7035728643024	53.3323084629547	47.9742114133985	51.6442439366797	48.4274427474649	51.642460670388	66.2884762153563	53.7087012429315	39.2541706475104	42.6115059057607	48.3058872545622	51.449557607271	61.1297623789531	108.189587830574	21.592907042482	36.5339560528766	39.1938706548154	42.3557239828189	43.9736132523377	47.5722958419402	51.6926161977176	121.12173813758	67.18761167556	51.5898149099642	75.0202342689464	144.112228675251	185.585553531485	99.5771518939759	88.8231583723813	75.8130914248258	112.479523056173	113.679946443023	117.64044699518	154.550086409212	554.464033453515	469.017340225675	290.482873985949	120.795780206579	36.3021115011518	8.5497310772199	9.91775100223042	2.49452337275045	5.35690353549021	10.0936705425246	67.2273833828935	282.500646077375	145.10345552516	42.5323635254686	212.590540893492	326.330722099744	264.388324081037	0.260633824069576	0.196084249249493	2.01889345747684	13.203308172929	14.3227693853718	317.063682332071	59.8584876367477	102.530117624618	95.8206764002654	63.8979785730007	20.0141832327632	21.2358316456857	42.1835033261764	4.77035485415003	1.77865156291165	1.34065034208406	413.491459985994	16.7218319925051	18.4257323721059	27.5103983262281	53.5152123493377	64.7518121910331	30.2239306536246	631.193279722162	411.418788027859	383.396769164034	420.117820643444	227.873253777164	415.060823238574	256.575984350659	323.222597355368	194.12973270077	473.462096402131	271.684071875452	318.775392313864	232.00366562948	617.113380047644	659.56665316905	540.392459758843	426.641698582536	316.887907350279	305.094704184787	302.043439890759	75.9150005288923	112.928377482904	76.7161865756435	169.195006617947	144.168621216197	189.331062376475	95.5201415254565	123.235344481719	124.786567667972	7.26113865890438	347.651379990216	319.368352178259	344.032418185954	0.310877567275345	0.155589363948359	0.426055190273767	106.804323035446	121.929231815795	109.886203693301	172.39450311146	174.3813536892	131.098258984473	157.188351111608	75.03654422606	54.945228803428	48.3381807796633	161.355958743903	143.844082588302	118.428651778147	2.04914375463284	7.01427427811045	90.3717588008199	10.6970552111044	336.236712341477	334.237248660026	354.80004001173	550.542216862345	428.1701838886	597.297274403688	454.773326337364	301.663464743339	362.826219767497	247.877396443759	295.114567086128	220.278646588979	293.563890299148	462.596468443591	483.383859969461	457.863683509406	476.429682457517	184.455970221368	205.901466079383	183.485537317895	249.297862165426	328.540396320311	328.557689359305	363.072628687757	424.425182646781	383.872600965422	321.984040686018	434.890744890351	370.752990437927	288.5108768725	304.279070618919	238.905718398226	274.390163452377	246.098975695449	278.682725990069	257.676088407585	289.443075957735	247.921351745723	233.898099138165	187.070570365051	158.763187005461	188.576003542039	251.886952941452	396.296340503632	267.521263795176	577.973843421487
LOC110884547	1.98344845732617	0	6.13696011702341	1.33034284611734	3.15521661324727	1.09624976937719	4.74356954003719	6.98666722149848	4.62841115348557	4.54720728068967	7.64219600161799	3.95752688038896	26.6109573159964	5.53473006640777	5.99982107896224	5.52747448425375	5.47696548541079	1.24772496390564	4.45262041550192	2.41231449373868	2.30972483944696	2.37296054300359	2.49312431231263	4.30677080460812	0.836939936813834	0.941534651944875	1.06411281714013	0.632163294463457	1.24573609331045	0.958258404072574	0.377118259009922	0.297006310126053	1.41706009926957	0.558910251526758	0.141011838877451	0.275829054379492	1.34089902163948	0.131636596721095	0.74301327088356	0	0.147378620137282	0.0717268095224455	0	0.365123126787228	0.493314542833361	0.209879806344147	0.87413659677789	0.461429362023921	1.0411772266434	1.14291050903672	0.359993294845903	3.49189573606002	0	0.133572140386395	0.140125064972179	0.265158508178892	1.62168752440142	1.34091253978105	0.249769147779658	1.31534443350195	0.0670922495360335	1.44259907186707	0.413303287411967	0.138088659356974	14.3670348375468	6.35519132552891	6.40158964645256	2.07803708640163	3.54147146567825	2.6749035496729	0.548896504710851	0.494399712200627	5.69629361902656	0.654516295368339	0	0	0	0	0	0	2.84631446367568	1.10791905678194	0.321653057786509	0.140311359716025	0.0722320846088048	0.828025505285853	0	0	0	0	0.540006656362543	0.663357507650802	0.370372322785854	1.07467753160991	0	0.408525013938848	0	0	0.278008783301778	0	0.0749234716368432	0.156515219072042	0	0.0806126926074043	0	0	0	0	0	0	0	0	0.303574956801951	0.326899174772504	2.17781758882778	0.775404479501552	0.766307496331452	0.0844092589974035	0.254129946548926	0.273371776347759	0	0.188398849500347	0	3.77218965439262	7.92131912697809	2.39995771139581	3.20182866249876	2.0710229599289	2.15857428489314	0	1.63092353321473	1.01450485192795	4.21032803844609	1.6232080611934	2.16637404459395	2.18928250443838	6.36168515031579	6.55905345965238	2.30342862752383	0.676063415808123	0.500123345854652	2.34603697669985	1.49881034397578	0.487760802376082	2.21750408977658	1.61333306382829	0	0.482843946942264	0	0.148602028007725	0.234770190165764	0.532278348421925	0.754774681699547	6.04361997920169	4.18707635020797	5.23460535332825	3.61412772873561	2.63908713040225	2.23738585718343	2.70757313895181	0.430909621981554	0.700092907254356	1.25705186900961	0.449226643670846	0.820515218936316	1.52332074386931	3.58090077982982	3.16741419540287	3.46726258678912	3.43817063713524	4.73102783580982	7.08942222453025	4.40143930627077	6.10234620749972	5.61045577506625	4.07809262421384	4.43103145286064	4.53850261759887	1.46393309202849	0.692026241014961	0.454923608429847	1.66331844579396	1.3324829324104	0.869740429194849	0.384623403680936	0.611985339058475	0.208822575817474	0.226202907387628	0.318886792933375	2.16504865701489	1.13954729072005	1.7431007897641	0.988879190926209	0.31964482982641	3.24844159485691	3.07579300057386	0.892533505084421	1.64169348026779	1.27703562908667
LOC110884546	0.281231724441445	0.0617610867610625	0.602415099181879	0.0748965513151208	1.8259178565947	0.559571267364284	0.963022724386685	19.6016884278123	13.0632386811898	19.7596216569571	4.8594175063519	0.631276738302531	6.81212398669797	3.30212964787495	25.4012086653012	18.8363970663071	10.7596507243312	0	0.407622061940886	0.44685914086401	0	0	0.545397370761358	1.42393391882701	0.133502747911857	0	0	0	0.0627508495933358	0.0611418452035347	0	0	0.0753464730611117	0	0	0	0	0	0	0.235693544470904	0	0	0	0	0	0	0	0	0.0622804642421395	0	0	0.0759548927229327	0	0	0	0	0	0.135090251544392	0.179286347173343	0	0.256849963520596	0.197239899193306	0.065927221492807	0	2.81257518862062	0.741757490717708	1.1670129940391	1.06545150026855	2.21352692336195	2.56009033795178	0.116741458536169	0.0675969860908359	1.85856653572224	0.125284580373702	0	0	0.146180650992433	0	0	0	0.320487516296762	0.227220972897745	0.461770417205837	0.13428886299762	0	0.504308435597926	0	0.0640512858053769	0.122188805835066	0	0.0646035360579846	1.90465388498093	0.567160101230429	0.514274910103738	0.372884188862963	0.130330050108954	0.0561587502764795	0.0762885308020405	0.0665189965525716	0	0	0	0	0.0771526044315613	0	0	0	0	0	0	0.162776251470709	0.384532697113018	0.798998196806596	0.125147154396926	0.130271280427598	0.877053601388887	0.611179799204993	0.484717279064542	0.567518200268773	1.04655204241992	0	0.721249294160232	0.487749047767345	1.02029604628638	0.594613121681299	0.902371575243668	1.49291212569196	0.258538661346693	0.715127244647422	0	0.52030680755222	0.323653298271077	0.833712571429665	0	0.259173515837267	0.0675907516468234	0.162363373821149	0	0	0	0.205138656147035	0	0	0.544629109015364	0.530580887234214	0.272485584350048	0	0.385099281883937	0.081534586599307	0.568894704482543	0.149795530772433	0.191036886693896	0.642113742401725	1.54934289094994	0.940502174498303	1.18514323195695	0.92651806744494	0.252581124443978	0.519115622710001	0.287928630098579	0.117832559383345	0.357356403922102	0.43311463848397	0.214972384733811	0.0981620946855319	0.088359769728797	1.23379200567506	1.07444196462519	1.22905164584982	1.09686539656552	0.823265615928383	0.759175092511564	0.520064083992532	1.14811655922861	0.155079904449683	0.0854682745760644	0.113848082194182	0.0450124280714847	0.0298105873981514	0.030105583253785	0.0687469274166518	0.0279285064678695	0.294297600245754	0.110987880644895	0.0788816687001216	0.0689079382576719	0	0.108246870749879	0	0.0828847851160404	0.0908862679356634	0.108801049891172	0.0315478049342669	0.0470653715009593	1.38795123589777	1.62846998308824	1.66777036949195	1.51079624808627	3.08465609836878
