SRR17624338	SRR17624339	SRR17624340	SRR17624341	SRR17624342	SRR17624343	SRR17624344	SRR17624345	SRR17624346	SRR17624347	SRR17624348	SRR17624349	SRR17624350	SRR17624351	SRR17624352	SRR17624353	SRR17624354	SRR17624355	SRR17624356	SRR17624357	SRR17624358	SRR17624359	SRR17624360	SRR17624361	SRR19745122	SRR19745123	SRR19745124	SRR19745125	SRR19745126	SRR19745127	SRR19745128	SRR19745129	SRR19745130	SRR19745131	SRR19745132	SRR19745133	SRR19745134	SRR19745135	SRR19745136	SRR19745137	SRR19745138	SRR19745139	SRR19745140	SRR19745141	SRR19745142	SRR19745143	SRR19745144	SRR19745145	SRR19745146	SRR19745147	SRR19745148	SRR19745149	SRR19745150	SRR19745151	SRR19745152	SRR19745153	SRR19745154	SRR19745155	SRR19745156	SRR19745157	SRR22540857	SRR22540858	SRR22540859	SRR22540860	SRR22540861	SRR22540862	SRR22540863	SRR22540864	SRR22540865	SRR22540866	SRR22540867	SRR22540868	SRR26867805	SRR26867806	SRR26867807	SRR26867808	SRR26867809	SRR26867810	SRR26867811	SRR26867812	SRR26867813	SRR26867814	SRR26867815	SRR26867816	SRR26867817	SRR26867818	SRR26867819	SRR26867820	SRR26867821	SRR26867822	SRR26867823	SRR26867824	SRR26867825	SRR26867826	SRR26867827	SRR26867828	SRR7882951	SRR7882952	SRR7882953	SRR7882954	SRR7882955	SRR7882956	SRR7882957	SRR7882958	SRR7882959	SRR7882960	SRR7882961	SRR7882962	SRR7882963	SRR7882964	SRR7882965	SRR7882966	SRR7882967	SRR7882968	SRR7882969	SRR7882970	SRR7882971	SRR7882972	SRR7882973	SRR7882974	SRR7882975	SRR7882976	SRR7882977	SRR7882978	SRR7882979	SRR7882980	SRR7882981	SRR7882982	SRR7882983	SRR7882984	SRR7882985	SRR7882986	SRR7882987	SRR7882988	SRR7882989	SRR7882990	SRR7882991	SRR7882992	SRR7882993	SRR7882994	SRR7882995	SRR7882996
LOC110875755	220.55375967268	236.000162309185	67.6678412577458	310.737373492449	51.9366747561334	21.7521333924285	44.3818411629128	93.6963956905119	72.9730114363654	44.981552684948	47.4381499288138	50.7666600983369	55.9528151537246	77.8091084397452	30.2031681966531	46.0988196212991	69.8950317742451	127.229334080506	142.677291278367	633.857171370394	621.807450110999	245.047332805252	6.37643050153804	17.0723046744718	345.015873726776	380.115938001875	263.41225013073	388.5897045818	290.215431360345	240.110890784942	160.500316496922	173.359005868962	186.679506008523	406.727025461213	431.741740685658	385.328463322199	324.178460103555	545.145949073489	471.123130912119	197.901011774683	362.786363134235	657.832637241204	418.14082900912	603.293961882934	432.834730585603	376.497913849827	321.552116038508	222.176380319401	298.370667061929	486.607030630303	289.418969237279	288.691817153396	421.556284686111	558.887374116435	400.080540209049	495.949529466275	368.579478036951	351.315540483015	191.281839873196	305.782922439701	206.445787601561	185.08946804476	182.704986031002	243.092560229612	491.270321134495	302.700118307296	35.7279907469313	18.5137727677168	35.2285768949753	58.3639138279931	72.5868178548495	61.0040597643563	116.046569609345	59.2457256962808	69.8429447679529	89.4328972996974	86.2361130791436	84.3721461882279	104.429952582663	273.638622279952	285.292873178811	273.740062492082	142.871214621164	76.3680157690494	200.674177986251	261.214296354279	324.442665570965	253.794539976745	288.750326553825	229.066510856015	155.643043994905	233.584925820129	179.277870423511	154.133762433981	76.0707682036401	42.2742188646299	39.4534881476468	40.7589818252699	44.4811740186918	73.4058666779267	78.0090718559605	59.9295928387518	66.8835375883992	56.6809273383078	49.8981896205747	50.1548008275718	66.3928209451584	64.1098707433535	89.1838126891985	69.7469035855225	69.1664793606987	43.674495922593	72.9791269183857	61.0508311966343	38.620633165739	51.2507399191158	52.949353845537	169.05676889573	79.1284078643547	119.228899697157	167.702640588923	202.90739219308	131.81193426379	118.325423109821	109.775350307789	65.1063335558737	63.6162601766213	155.186994863999	127.890440300631	147.632263114265	146.060085186296	98.5722774222881	100.559073985249	136.548250944301	102.476829265407	158.635013964549	96.2440852654932	44.7831304517639	57.1569936576096	70.4574725776949	44.2938912521249	88.3959345575608
LOC110875737	111.180788687457	14.3652272709938	438.901137046768	106.187231948858	356.285588827075	690.026009282037	103.946943776296	1542.7029360622	993.034794804147	1907.08553515743	1993.37042251893	214.530079770392	4094.23964730619	958.915068799677	684.257982937969	129.332799493089	329.089107937071	18.0528109168285	257.45934291577	50.3231200243387	37.4704815213469	48.4395890428986	337.950816581516	302.179792738151	89.7041271689618	1.91977746465594	136.89140557975	101.033323191268	15.9568622053798	96.4462155454162	0	3.09569653337432	0	29.58014730627	12.5282201538249	10.9832341089463	8.70277745244444	2.80521071564402	2.44105249177264	3.45678623187219	2.97365871421504	0	0	0	4.28549238203568	3.06927647160185	2.80423357010327	12.1187116537855	3.77684388685987	1.98615114542981	19.7095355394563	111.30286926396	3.97694608194444	1.89132783118929	9.41365976962467	6.48905926404472	42.0661360803042	77.8483299933955	6.20373534723878	6.09534064663856	0.893704708231864	0	0	6.60577609319598	4.97488932794425	3.27834063148696	2.67959930601985	1.60989328414929	4.63533906512833	211.569187626475	273.989678663376	323.418348591984	181.322765014602	1526.22141195854	2025.44539827063	1639.96228542337	130.991564170851	53.5042878266811	221.699653433687	96.4162930852181	174.554192142299	173.923244124803	158.562272874356	1057.88480860404	252.957105584201	340.923070609445	494.388823727184	719.529783513018	546.389506812289	343.993351354222	338.037236176435	268.665445815094	80.67504169058	123.085234749438	594.023204649013	552.383126497831	2801.19765848292	2127.85860999571	2271.83477673244	2228.22324335255	2144.06752040473	2302.67935561204	1763.49594108079	1573.84041576035	1929.93320500223	1671.33498051879	1962.73776919125	642.742550273108	2726.74763477401	3476.44722559089	1958.79469549499	1942.36573971532	2009.35862781955	2402.8980996624	3185.42982351015	2514.48942728162	2364.11709602235	785.894013026434	313.493463218321	285.367530422703	484.370196561304	256.629539840391	274.841905486199	304.090206541301	295.697686568517	1255.86690780146	1154.4480155581	705.395431199993	283.66011153185	357.301487856332	301.312763146554	77.1183111597901	99.5398941813442	129.814364596363	286.935121943139	112.102076534948	39.4922538323453	1209.14452219762	478.425206171102	1774.24726400195	265.763347512749	259.020645447736
LOC110875557	1835.83887661972	3879.63745083055	774.420849949758	1010.45534401861	632.588698529704	977.637550804147	328.192035967855	2111.45649586776	1117.91644324164	1581.63077161339	846.141694648638	348.816083901476	1702.25679948447	1636.18308310619	1194.58737660556	2224.26804672768	1444.4973233344	1092.62488929948	957.126828992376	1336.2394423484	3167.774762129	1730.52806345414	400.121013971512	525.826983973731	18138.9631212755	15947.5913988969	11205.3911915848	11521.6847408504	16159.3148946105	14324.2723046515	6845.8734996487	14272.1929177001	10399.8214185307	14655.1142310502	16562.3070433565	15657.515491812	12859.4415331682	23962.1099330312	29350.4014769103	23534.6648631438	11107.6065171646	16252.7455352286	12867.2480782694	16787.996897423	21544.2415775889	19302.679729904	16137.4294514209	14708.0763771444	15816.4779871974	15242.7169656011	11928.4183772741	20043.7917066181	16158.3319309403	10748.4160646487	19568.1745631188	9645.52309176933	19131.0777445212	20278.4919077668	17118.1737348142	14939.6799249111	1794.55905412958	1608.3016883501	1729.9277361567	461.08317130508	730.065008875819	322.370162096217	1397.85763797369	1128.53519218865	1374.84156671706	647.474669029298	896.600552939479	889.884617832435	13865.1474314499	4697.15568726818	5594.91875408994	4238.90383104831	6667.47061629632	7835.29138077263	3000.22117870684	14816.8886211722	17423.511458677	18348.9022551668	19259.5352380356	5171.7421826548	17595.5117364573	21356.1894203178	15665.1733693181	15962.3408038006	17085.8526560839	16005.5304647263	11470.5680860829	18023.6866754616	8876.24656230184	10290.3691754485	6562.22244533166	8089.87635006134	4235.72648753136	3964.41037929904	3607.91744818278	7650.78565278649	7711.07855739828	7415.13462162556	7218.96315704122	3714.49010490377	3827.67402960408	2237.78920163019	4145.40175776333	3212.06890852597	3478.16869487874	12770.2221283618	8264.01095401628	7886.69450054824	8959.40414801382	3778.88991047885	4240.54552159814	4279.43678324617	3181.25442158456	20963.6678068954	10830.9273390515	16615.1661206387	21438.7682938343	21582.7761947394	13480.4746266679	14496.0905011407	15389.8083538895	3418.08251168337	2845.89210966591	13863.3715411839	15849.5640477765	12383.8339857019	12955.7678825038	11845.778479992	10726.5277094941	15622.9904320136	14116.8237114927	30890.9962693167	16312.05604404	8460.11747012669	6096.74599014502	9263.55633777193	7374.93289347879	10297.0985162517
LOC110878958	1993.11901671418	3762.66345733817	499.050329275875	3177.79263611163	1685.86446258409	824.164165202013	1806.80811260595	722.03757556241	656.004803840316	656.862967884608	714.476625458461	941.639663114314	669.281750492629	1207.68503521971	726.959013836686	801.607252303702	899.898534093406	1257.67916053905	1340.34339979773	2951.93280653408	3681.22163054313	2255.76517601733	395.338691095358	780.204323623361	3639.42458799788	3625.49974200274	3868.2192637308	4460.03833433761	3285.11900653256	3191.76694570612	3000.28591638246	3656.01760591507	2685.4733406254	3991.47112713981	4505.34070916395	3710.50258980568	4535.23489990511	4465.89545930529	4599.75657866358	3302.09504799591	5017.55347045218	5629.8929332428	4551.5194292817	5951.86870248556	5792.91432741673	5239.25493702436	3808.14918820024	3422.5261495566	4015.72926270375	4390.38710697259	3629.66657118724	3992.99043484456	3544.45319553298	3762.79672015109	4865.92073491899	3296.44210613472	4396.91279506037	4236.74565156364	3206.29721863124	3585.07619033125	1698.03894564054	1752.95899104528	1803.0097305691	1191.68200721256	3063.28810368167	1658.8403595324	563.609054032842	286.561004578574	661.926418500325	412.195141410201	729.957576737501	859.866747154736	866.722816769797	642.687328748785	754.553242582348	794.121027829843	638.583875332899	958.961466432053	695.914356145125	1560.10744715986	1616.03397241419	1836.78069556151	1564.97659946304	464.467768037989	1965.22298441708	2175.18522515603	1283.86597661653	966.200266227259	1494.30724549909	1367.3145338725	1319.72331054013	1388.67521833725	829.658144793249	759.580052282569	362.454836734991	421.333048017478	288.799533240774	286.511666359985	304.778414572518	279.415879612753	255.302416983143	292.733011173903	227.404027800557	364.64729920978	450.693325605191	272.901122150023	429.478560488993	263.014854331707	396.5833372775	481.689552887515	304.332509187074	333.305363619789	377.058822411659	306.81956191129	301.240938692764	304.30126826975	260.453578375344	1357.48186176497	819.371643267154	1111.82577777704	1264.17186052879	1455.9088502692	1538.87428421646	1367.4863017951	1307.25434767938	327.244992346628	359.244763350332	1343.67141834035	1140.83583077864	1258.40798745005	1154.86202552894	944.554352475925	1113.62379906637	1494.92276924227	1252.13875758669	1503.33114900405	1174.52888249531	315.429005790685	425.502063895538	574.868923986192	475.152651613703	271.354961897628
LOC110937325	1665.90401260963	16.4174025954215	16.9169603144365	1.11776033630377	1261.02246307892	3752.24301019391	1806.80811260595	444.646930426026	381.415637095229	664.800888946657	95.8444253663789	44.2161233114548	191.530790333903	54.795146788553	238.500879897709	157.504300372772	174.737579435613	3.43863065082447	22.4076515148717	2.14140936273782	1563.63306672864	2040.16151498326	41.4467982599972	75.1181405676759	8045.77017530842	4728.41189544757	4629.41844324244	3015.45610755476	4986.51943918118	3671.988727276	1616.77318817899	4208.08348770016	2911.78313282568	5439.97396554372	5876.69896138648	5426.63291932854	4181.68456589956	8062.17559676092	15457.5580620683	8223.69444562393	3987.67633576237	6623.11074257218	4468.64467037899	3692.41173529398	6525.73352474483	5123.64552326069	6349.71954723717	4126.42131811397	6615.14206783506	5966.39804087115	2217.84142017671	6716.43251714708	5032.82526670069	4102.29006584957	6240.31506128419	2150.65964179768	8082.70757542988	7926.55688214804	9391.4213598283	9733.24312257401	94.7326990725776	79.9658381358431	70.1971788434902	6.60577609319598	4.97488932794425	5.46390105247826	436.774686881235	255.168085537662	479.294059334269	48.3326161388068	20.446990945028	23.2396418149929	132.970027677375	77.277033516888	84.8092900753714	105.595469100848	298.005808488686	330.286084468551	307.297975222755	1386.55811960647	1805.60357893432	1910.1309333011	2517.17608188039	120.185729734897	3047.78713232758	3997.92321956935	1219.74992603941	911.879329600657	985.834448234272	1832.53208684812	1047.34798354905	2127.07738310931	119.518580282341	150.80713446778	173.396603993591	284.646407021841	194.111161686422	143.855229971541	118.616464049845	125.500352707423	186.748990200633	154.433950776783	78.0307938531324	100.136304964344	114.282950421316	87.0333308478452	128.636090581244	39.452228149756	100.568980266543	244.114162549329	178.449516750603	195.3859028116	218.937380755157	144.017345386932	182.289388542288	153.752219757347	147.399552597035	2358.62473481664	922.057363396469	1329.76056984643	2287.25165674725	1667.31902842085	1015.63298893224	903.38088576332	2025.81905268705	89.0928774975113	41.1634624672256	986.6985789149	2306.01067268716	985.131245089601	1078.93801854399	1458.28986892385	1191.42119076442	2193.00232064518	1580.7050914189	6508.79462296546	1821.03170449148	1236.40381899435	734.573214784834	387.516099177322	386.564869109454	363.86233527182
LOC110937328	107.565153282987	11.2869642843523	21.6161159573355	0	14.5422689317173	47.1296223502617	22.1909205814564	151.229270237317	22.5689726091852	72.1027829802842	97.7806763838815	6.55053678688219	190.45477465787	17.534446972337	110.39778720156	39.6962057850076	11.6491719623742	2.57897298811836	42.5288079772054	8.56563745095127	34.4323343709674	21.8453048624837	22.3175067553831	11.9506132721303	209.966803153724	186.218414071626	123.40967624235	100.061848929813	156.576710390289	94.43691938822	27.8200548594664	56.7544364451959	47.9735043373858	132.186283274894	136.846712449472	108.917071580384	122.926731515778	183.27376675541	481.701025043134	187.530653079066	138.770739996702	233.873933058522	161.040724685945	133.714368515066	245.344438871543	142.209809850886	249.576787739191	117.147545986593	351.246481477968	324.735712277774	33.1950072243474	224.924548304252	62.636900790625	98.3490472218431	69.6610822952226	99.189905893255	133.209430920963	181.646103317923	254.35314923679	294.608131254197	37.5355977457383	55.7065389260929	60.5811269471217	3.96346565591759	13.6809456518467	3.27834063148696	91.9995761733481	57.9561582293744	91.7797134895409	0	0	0	14.5058212011682	73.4131818410436	123.472348786202	136.843107916404	2.18319273618085	9.26035750846404	3.42393287156273	40.4030180547581	45.0462431334965	36.2970248608286	174.253331127547	71.3602770300953	126.862986083262	183.426215454659	23.9469586492855	42.7443435750308	48.6111660865026	55.1019098279075	122.40676897516	72.7279073066337	0.995988169019507	5.54437994366838	16.7803165155088	4.22742188646299	355.081393328821	400.397056754122	257.002338774664	241.52898068221	302.580642350392	260.463230414575	140.455428935638	215.387523885569	225.346662802595	150.464402482715	263.496508126097	92.0551990160974	210.625600180873	503.485460257991	340.299078454637	319.51341753897	360.030359464036	250.464948499012	264.165130853655	345.942494454031	246.142942200875	82.6429929731916	25.9734468562386	33.8792501871702	71.2033557807719	49.8572449388711	27.6444482194574	20.8448931903311	110.548416155027	173.045781293243	140.329985683724	30.7808915432724	64.1664838878599	24.3436178539479	28.2587111199593	29.5716832266864	39.4082857509759	55.7416147690434	38.4288109745276	149.645696506558	41.8325355409287	455.619675030989	256.148008613732	48.0391858484283	26.1736630126193	224.073415506375
LOC110927047	10968.9339083114	2703.74098993348	6697.23662225968	4000.4642436312	5908.31612025773	8256.14307428174	6665.45177675641	6638.47182449355	5189.35910193864	2983.99682590883	10296.0147855701	7379.17969042278	10539.5735467449	10447.2426867055	2061.10585728195	2237.07327440027	2906.46840461236	3939.81106818214	4459.12265145946	5094.41287395327	15181.6213104462	9173.12845051597	3581.95983423899	7032.08229541493	858.596645760063	1294.88989991043	580.751417611059	670.317240403604	1483.98818510032	1403.49336580153	338.120666753515	263.134205336817	1047.07387727686	623.031852638313	393.193370981581	320.3443281776	500.409703515556	870.550392088195	1121.25677788757	762.221364127817	457.943441989117	670.770344176356	485.005691305623	1038.12887681775	441.405715349675	503.361341342703	699.188903479082	935.160582617116	814.854068590016	959.311003242598	435.68446981956	832.452709703367	2498.5163759816	512.549842252298	862.29123489762	1396.07475023591	1000.57309391009	595.839141103296	1111.50258304695	569.914350460706	2976.03667841211	3130.34809062109	3041.55721482136	636.796815384093	1570.8213052984	629.441401245496	1838.20512392962	978.010170120694	2293.5657694255	1259.38382806966	2182.71628338174	2129.33218129872	2602.58608717625	2653.17815074649	3685.4625319518	2844.61263700242	370.051168782654	341.604299201118	764.393013576379	4469.12474710244	5774.36529167509	5526.22203506115	3110.13291481679	3724.50568709708	2335.04781051435	2259.69573280007	6634.85251092623	7988.73971274169	7595.00858935516	5392.90263187134	5691.50943691786	3789.55178189507	1572.6653188818	2628.03609329881	1493.44816988029	2129.21149014853	2596.03952011516	2638.54467639468	2461.29162903428	2256.63841755046	2505.74594446419	2434.0634629893	1718.90691602186	3021.0934271318	3084.03004235552	2385.30332171128	2736.62908833325	1711.24039599567	3142.30625134708	2040.09692987653	1766.51188287224	2025.11741620023	2055.57874153453	1988.06552871091	2409.92750954211	2389.56574872877	2100.80139041212	5137.37753657304	4540.21891383528	4317.64982673802	4462.3892576818	4135.83238830124	3088.16531703736	4460.80714273086	3733.13497631207	2688.20624603068	2529.68187525859	5636.32325147922	4664.68211490987	3792.89271724414	3895.61653776596	1613.68616509546	1830.10720121127	1775.87547187013	2080.92011427067	944.935899848832	828.459724838532	3130.92494636679	3454.82272774885	3638.16767492097	3072.38536594284	1920.04192736655
LOC110930503	7158.0541919998	1592.48805175589	2320.44305646353	2549.61132710891	5605.00593968191	8189.67822224932	5832.70828335754	7965.01553190132	5919.84151538927	8021.26923320116	8430.43693020634	7727.99577432426	8231.51992165371	5921.16356197104	4883.53985083126	3917.11914504317	5042.14993104763	1711.57840644788	2518.34565086527	2015.06621033629	13020.4859708096	7832.01669113219	5424.74824918348	6144.3224523424	8969.42695725696	7227.00226569727	6834.19971795871	5051.6661595634	19220.0405263799	16959.4642148143	3590.92708109113	5310.15145358142	4179.95229096179	6585.28029405837	6841.37191323099	7408.19140648426	18226.8795269633	6586.63476033217	7921.21533580221	8035.2995959869	3791.41486062418	5550.27627518032	5496.1033290478	8754.60609608481	12743.9829710786	10037.5571542953	7913.54713483143	9054.69739065342	8955.84106671646	8436.17699021312	4349.58329036528	7340.19234698052	3868.57430121146	4952.44192596916	7210.8633835325	3602.35490001111	8562.46184167906	9054.35961153953	15481.4215590344	10910.659757483	2394.23491335316	2445.69675736814	2391.51210662685	943.304826108386	1202.67949503052	1002.07945302451	5874.57487856418	5245.03231975839	5680.14449040825	6216.66875883483	6627.89211483084	6697.85843476274	1888.17439301872	1921.62223345328	1964.33282159867	1518.20424452137	1806.59198918965	2888.20261402873	5887.45257265211	3272.6444624354	3644.05337682015	3576.01313680955	4438.91779531073	1368.3646104192	3649.80966628633	4550.12255928887	3270.69106197015	3724.99144113237	3115.97574614481	5125.26478413579	5328.34233426308	3433.61284731201	1245.9811994434	1594.56367179903	1278.66011848177	1431.68687888213	3939.03625666105	2959.82135666445	3441.52490833508	10508.8785908593	11186.0281218911	10510.7285901811	10674.6125991085	4757.41916792863	5620.78961790473	3733.58237925248	6103.9899756455	4083.30561349975	6747.60931750617	15756.2614381169	10769.2208364608	8118.85892624203	10900.6489240429	3448.58925964578	4799.77228983804	4172.13054654052	3312.91227438968	17287.4686631944	7300.95470119431	8099.42112888089	15632.8841389205	7972.1348166984	6554.93938142815	7771.77319197742	8421.00627396301	4576.28991915102	3848.78374068559	16451.9590174966	11403.0479780853	11095.9780734285	9627.70883193025	3919.98753831399	4532.29258796353	8501.53151427189	9343.96538845638	8598.54654025846	4118.31073667968	2659.72853030911	1958.15626419588	3686.2068607694	2063.69266061036	7978.24702367194
LOC110930648	144.625416178806	205.217532442769	80.8254770578631	401.275960733054	105.950816502512	215.104430214015	433.306922932649	327.11548670898	333.268495528968	252.690487141914	309.800162800417	361.917157475241	381.985564991774	659.733567334178	352.023132774785	591.601518473339	199.977452020757	55.0180904131916	127.586423931616	526.786703233503	239.000909163185	256.444883168286	522.867301126119	244.133956844947	29470.270174102	25340.102644726	23063.0906718792	13872.6524535702	30398.8198051363	26476.4954633739	6499.19281601535	13067.9669662175	4311.3579767555	18454.3144006992	21438.6758109222	22560.4781292847	34481.4921137664	7985.49983719999	10765.8551728813	12836.7756720574	7467.84825096538	10606.9292703733	18549.8196148483	16465.8189701347	45766.91589395	20514.0208440296	19549.2469617133	26223.8821261541	38645.6108613219	22578.5662212461	12116.1776368868	28593.243351956	2155.50477641389	11804.722658368	26293.2931025387	7240.86313020762	32966.830216267	37530.8795009185	44130.271392583	43907.7863480609	421.82862228544	415.103564255725	409.643810785299	445.229308681409	776.082735159303	441.483205040244	236.69793869842	156.964595204556	244.745902638776	214.304996087162	315.906010100683	281.780657006789	570.562300579281	9.0156539103036	58.618185787389	708.998149677119	8.7327709447234	1.02892861205156	2.56794965367205	1381.04861714446	4426.73185126465	2342.67047955931	5755.31499823637	10.0154774779081	11256.2067652058	12217.5304346292	3123.91937992614	1793.48141583567	765.13975420155	6311.5301857166	2283.57528611275	6447.97069956225	369.511610706237	579.942142107713	7.83081437390413	7.04570314410498	303.002788973927	359.638074928852	291.598807455868	324.406572092773	328.583666302379	497.87661742963	267.534150353597	205.940702662518	189.935044362187	123.911860868119	145.234295817534	267.946382850426	239.088519124234	132.955034959902	130.032981198114	183.892614410918	121.631878197309	291.165502630102	291.971986732987	459.65507364957	224.67698793917	1035.39415150824	1245.81939862772	1179.58427815138	1161.73896273891	1500.7417216871	572.520529066733	229.293825093642	948.551794560967	217.592220041999	232.01224299709	213.32867889018	886.825060077733	407.166640557161	566.876554394365	1955.21011451738	684.549101622555	1077.04771087299	893.469855157766	4395.77623695766	3111.98960198881	486.77315708439	527.114497064622	634.117253199254	652.328216622203	439.923953379488
LOC110938010	1.80781770223508	8.20870129771077	18.7966225715961	7.82432235412641	0	0	0	0	0	0.66149342183747	19.362510175026	76.9688072458657	25.824376224796	13.1508352292527	2.08297711701056	1.28052276725831	0	6.01760363894283	5.48758812609102	8.56563745095127	0	0	47.8232287615353	47.802453088521	7.88607711375489	3.83955492931187	0	1.942948522909	0.997303887836236	0	1.07000210997948	0	0	1.84875920664188	0	0	1.08784718155556	0	2.44105249177264	1.72839311593609	1.98243914281003	0	0.941758623894414	0	1.07137309550892	0	0.934744523367756	1.00989263781546	0.944210971714966	3.97230229085962	5.18671987880429	10.4346439934962	3.97694608194444	0	7.53092781569974	11.1241015955052	7.0110226800507	6.98638858915087	0	6.09534064663856	5.36222824939119	4.4924628166204	0	0	0	0	0.893199768673283	12.0741996311197	4.63533906512833	0	1.0223495472514	0.968318408958036	4.83527373372272	7.7277033516888	12.4719544228487	6.46502872046005	0	0	0	5.50950246201246	5.63078039168707	1.51237603586786	7.43260654098541	0	4.6131994939368	7.68277342218467	1.54496507414745	0	1.9444466434601	0.787170140398678	0.810640854140132	3.42248975560629	0	7.76213192113574	0	0	1.57813952590587	0	1.64745088958118	0	0	0	0	0	1.60961902001854	1.47514120081094	0	0	0	2.17959073704758	1.38332958721397	0	0	1.56540592811883	0	0	0	0.314231912445595	0	0.977286063091448	0	0.386490270843962	0	0	0.773065847237952	0	0	0.855024765090901	2.65516485053214	0.392638997644321	0	0.869755389020189	0.339726601301516	0	0	0	0.292535213572928	0	0	4.80391858484283	6.04007607983521	8.22287763326147
LOC110941540	100.333882474047	27.7043668797738	88.3441260865015	26.8262480712906	74.7888116488321	169.183259718888	8.17560231948394	288.486270941839	369.378851703664	328.762230653223	301.087033221655	173.589224852378	305.588451993419	108.494390641335	442.632637364744	418.730944893467	233.954203577682	124.650361092387	187.035295297602	50.3231200243387	39.4959129549332	49.3893849064848	132.310932906914	182.673660016848	796.493788489244	881.177856277075	837.941331124528	662.545446311968	932.479135126881	844.90903410099	456.890900961237	545.874488718339	577.767856585038	574.964113265624	619.665042993031	694.689557390852	1061.73884919822	521.769193109788	711.159959269762	553.08579709955	816.764926837732	876.778446913011	817.446485540351	592.765271448677	1034.94641026162	960.683535611379	805.749779143006	687.736886352328	710.046650729655	660.395255855412	357.883671637496	430.139213509678	240.605237957639	810.433975664611	485.744844112633	723.993612174132	823.294377571668	687.660248274993	482.857401193418	794.426064278559	137.630525067707	118.601018358779	127.893490221701	173.071333641735	160.440180826202	116.927482523035	256.348333609232	340.492429597575	288.318089850982	336.504440664523	273.989678663376	252.731104738047	286.489968723071	356.7623047363	371.664241800892	298.468825927906	174.655418894468	59.6778594989905	63.3427581239105	44.9942701064351	47.8616333293401	55.9579133271107	94.1463495191486	458.208094614296	88.4196569671221	78.7484275773929	169.173675619146	146.933681039168	152.639061511618	209.387257346048	176.719706202549	132.621478029744	205.173562818018	219.557445769268	317.707326026967	345.239454061144	795.382321056559	599.396791548086	619.441534482523	729.322804412949	659.531243873121	845.929252762381	755.783974748911	1207.30375230596	1084.88321949249	724.294329598169	1012.49051941367	716.715478053901	874.760375525968	1307.75444222855	1069.3137709164	958.54025261691	1133.60910479892	491.537461429312	763.143711355002	613.407293406917	542.373111012392	265.840197928974	146.176142772319	184.055541882223	221.105157424502	273.248621486681	243.992303849993	304.090206541301	342.081637402794	786.415976372264	793.332185731984	356.972839425451	363.757584522903	330.209397018874	335.018936651084	203.522761030724	275.51827365553	306.765933628293	276.04695883369	298.762609633235	201.84929736532	737.948106139935	785.379431369376	863.104039076762	708.702260033998	672.220246519125
LOC110864409	812.614057154669	623.861298626018	680.437737091777	433.691010485864	508.979412610107	647.730194352315	631.857264977259	1233.66920992507	692.115160015012	889.708652371397	891.643593559949	833.555806130758	1513.95405617866	747.405802195863	750.913250682307	568.55210866269	545.569553571191	665.375030934536	662.168967214983	552.483615586357	702.824707454452	602.17057751368	862.412225333019	1128.47933898259	6982.13552459073	8273.28098393476	4538.15750618927	4799.08285158522	6618.10859968126	4636.45088273017	2739.20540154746	3646.73051631495	3751.31945872993	5703.42215249019	5897.90056472372	6502.98986200527	7613.84242370733	4735.19568800711	5666.49651756822	5291.47552443835	5112.71054930706	7842.24081915383	6240.09264192439	5937.1285358776	9941.27095322726	7226.09990630796	6954.49925385611	7056.11986041662	7813.34579094135	6630.76559901742	3917.010852473	6492.667373731	2991.65769014271	6142.08713178722	6092.52060290109	5368.30602829757	8564.46499101622	7655.08578268389	10233.0614552704	8677.73330059777	302.965896090602	299.198023586919	293.28958283924	188.925196265405	129.34712252655	187.958196205252	602.909843854466	528.044997200967	534.918128115809	465.999374470382	379.29168203027	500.620617431305	378.360169663803	662.006587128007	607.384180392733	788.733503896126	276.173881126878	249.000724116477	341.537303938382	1055.06972147539	1065.15595742747	958.846406740221	1357.68946148667	522.056763535961	1293.23359146695	1458.76660353731	1527.19797579475	1053.46996769295	947.9177386868	1764.04828463344	1481.04084051402	1506.75111490567	263.936864790169	303.832020913027	427.338727261625	287.464688279483	1548.15487491366	1340.25122590152	1426.6924703773	1051.36144532256	1101.5826510569	1168.62706035566	729.030559713551	988.137499931165	1163.7545514734	741.996024007901	1230.34196313997	621.372593358657	1571.15312567354	2397.54981075234	1410.99617895825	1372.29863504148	1586.07969169292	1086.39171411447	1334.72908220794	1138.72737757785	1184.92067524607	5110.35359210272	2583.1498949001	2854.00106624806	4965.49717944857	4515.36583427001	3329.75375582479	4611.31953326692	4779.09306762502	892.642099542373	750.297656788975	3939.09909277378	4373.05650882643	3229.45575562454	3112.88428638299	2402.55430293677	2884.61857165117	4454.46581916107	5319.82839924043	5902.280086241	2949.9250936694	1094.26605712571	1060.57977120231	2115.32548352579	1167.74804210147	1243.7102420308
LOC110872387	355.236178489193	383.756785667978	1692.63586257223	605.826102276645	212.940366500147	357.701749119935	263.955160600482	2007.0754234757	488.994406532345	888.385665527722	406.612713675547	546.969821704663	776.883318095945	603.842517609854	635.308020688221	355.98532929781	241.720318219264	1258.53881820176	971.303098318111	729.149888012227	105.322434546488	131.071829174902	615.32554339842	645.333116695034	6381.80790430614	4478.8408250423	3935.6279104178	5599.57764302373	3204.33739161783	2330.78354234756	5251.57035577928	9162.22983994354	5446.03564456149	10290.1937441687	12100.3332501096	11197.4071740707	3210.23703277044	12300.848988099	11920.4730014897	11889.6162445244	5383.31349230063	7375.48816126257	5950.03098576491	4056.70442431927	7162.12914347713	6064.89030788526	12809.7389482317	3050.88565884051	11515.5970110357	12708.3881040326	6517.63219970547	4231.82784180681	5326.12504024409	7736.47649347979	9064.4129921716	5841.08034610654	7282.44941523552	6909.53831467022	3793.58416483651	4855.95471515539	36.6418930375064	51.2140761094725	30.7713660683793	7.92693131183518	50.9926156114285	9.83502189446087	73.2423810312092	66.8105712921955	54.6970009685143	18.2387230712478	34.7598846065477	35.8277811314473	739.796881259576	159.705869268235	258.169456552969	230.586024363075	135.357949643213	166.686435152353	239.675301009391	1223.10954656677	959.10959338403	2925.69144138637	1717.75795613885	348.037842357307	1614.61982287788	1706.53604640277	3082.20532292416	2407.93135472673	1092.77901362458	2012.00687885902	1498.06429845096	1850.7113353441	436.242818030544	548.89361442317	284.14669299595	270.555000733631	151.501394486964	128.27091339129	93.9047007061271	198.90621938535	229.299393031157	163.653888136591	151.602685200372	153.038503813431	173.838854162002	103.259884056765	99.5892314177376	101.918256053536	146.109650575921	248.473344023424	189.516153448314	126.426172407506	260.292219342242	106.44760311208	132.854978090142	144.142706022513	124.502534717884	227.818136523057	243.123543247349	314.686112315446	295.119171986094	406.201274657004	215.546567276349	263.626590348305	345.946966638984	121.646044275448	102.908656168064	164.164754897453	269.499232329012	159.411433043594	258.754463267098	648.257683283048	496.000837900214	478.105930703607	334.971135661299	756.6890166109	520.420144946239	138.243576611967	112.197061624197	132.908414180652	138.92174983621	228.184854323006
LOC110865440	7.23127080894032	35.9130681774846	48.8712186861498	25.7084877349868	23.8908703878214	30.2112963783729	19.855034204461	16.8489132601359	16.5505799134025	31.7516842481986	87.1312957876172	32.7526839344109	39.8125800132271	15.3426411007948	35.4106109891795	37.135160250491	21.3568152643527	66.1936400283711	58.9915723554785	31.0504357596984	16.2034514686905	9.49795863586246	15.9410762538451	47.802453088521	11.8291156706323	13.4384422525916	15.5558415431534	4.8573713072725	10.9703427661986	18.0836654147655	11.7700232097743	8.25519075566486	6.25741360922424	18.4875920664188	11.564510911223	9.15269509078856	4.35138872622222	14.0260535782201	3.25473665569685	8.64196557968046	4.95609785702507	7.96166580624755	5.65055174336648	9.47582139083142	3.21411928652676	11.2540137292068	4.67372261683878	16.1582822050474	7.55368777371973	2.97922671814471	18.6721915636954	12.7534537698287	15.9077843277778	8.51097524035181	8.4722937926622	25.0292285898868	11.0173213543654	2.99416653820752	7.23769123844524	9.14301096995784	8.04334237408678	2.69547768997224	6.73123632745796	11.8903969677528	12.4372233198606	14.2061427364435	15.1843960674458	22.5385059780901	12.9789493823593	15.5029146105607	14.3128936615196	11.6198209074964	3.62645530029204	41.2144178756736	44.8990359222554	28.0151244553269	13.0991564170851	8.23142889641248	17.1196643578136	12.8555057446958	8.4461705875306	15.1237603586786	9.08429688342662	32.5503018032014	8.45753240555081	15.3655468443693	16.994615815622	19.5911574718891	11.6666798607606	11.8075521059802	15.4021762286625	10.2674692668189	10.9558698592146	7.76213192113574	19.01769205091	5.63656251528398	23.6720928885881	25.1746652450196	28.00666512288	26.0472430147482	26.0030239519868	32.2697807593279	26.7534150353597	22.6723709353231	33.8019994203893	17.7016944097312	20.747756545362	36.1645424706097	34.1555027320335	28.3346795816185	24.8999325698515	36.7785228821836	21.8937380755157	32.8735244904954	20.0827292461843	30.430126826975	24.3280814965981	14.768899884943	16.6109253150363	12.0531947781279	9.99345344291536	9.66225677109905	8.01288354187171	10.7289891420822	4.25186215980874	25.6998685088975	37.4213295156596	8.97776003345446	10.6206594021285	5.10430696937617	11.2353911681766	11.5967385202692	9.17261823514094	5.98567675372278	14.7310442069022	11.1044509775185	9.94619726147955	29.2063894250634	33.8708110563612	16.0130619494761	32.2137390924545	30.8357911247305
LOC110889695	28.0211743846437	2.05217532442769	15.0372980572768	7.82432235412641	59.207809221992	114.802926237817	99.275171022305	221.090617901296	109.835666698034	288.411131921137	60.0237815425807	36.027952327852	85.00523840662	12.0549322934817	242.66683413173	107.563912449698	95.1349043593892	6.87726130164895	126.671825910601	12.8484561764269	5.06357858396579	17.0963255445524	11.1587533776916	30.7301484140492	316.428844189415	611.449122492916	260.3010818221	290.470804174895	660.215173747588	349.617531352134	312.440616114008	171.295208180046	71.9602565060787	181.178402250904	210.088614887217	183.96917132485	215.393741948	80.4160405151287	87.877889703815	96.7900144924212	88.2185418550463	373.203084667854	176.108862668255	211.626677728568	232.487961725435	154.486915737293	664.603356114475	242.37423307571	468.328641970623	531.295431402474	93.3609578184772	211.011689646257	146.152768511458	631.703495617223	320.064432167239	769.417027022445	413.650338122991	283.447765616978	315.356546817971	583.120921861756	68.8152625338536	55.7065389260929	79.8132307398587	60.773140057403	36.0679476275958	15.2989229469391	359.959506775333	94.1787571227335	268.849665777443	196.978209169477	292.391970513901	291.463841096369	438.801091335337	1850.78495272947	1788.47826423651	1384.59365096519	469.386438278883	362.182871442149	1116.20211612945	82.642536930187	50.6770235251836	48.3960331477714	313.821165063829	1444.73262618825	79.1932579792485	265.055683065371	232.517243659191	127.342523567279	105.000118746846	171.603090606912	148.347276307644	153.156416563382	337.639989297613	364.82020029338	1344.66269677611	1014.58125275112	3298.31160914327	2652.93019939183	3024.71983327104	1096.35213780258	891.19454817264	1286.18126169321	943.057879996429	1728.76828381839	1978.22177560278	1306.97510391849	1823.72780033732	1346.30728561042	3073.99524588301	2495.63139391948	1658.61217506955	1717.09728706195	1554.45540336162	2825.55770025448	3457.31908099695	3121.49037819864	2729.03831847133	948.666143673252	682.558022036037	248.556422046258	599.607206574922	701.093351310947	587.344363619196	872.42008852474	1348.61337050661	1732.17113749969	1388.33132503097	629.725739489449	425.711431035319	154.307126074218	174.659262705291	268.464496744232	692.702540053791	855.951775782358	1231.0029115507	561.567949434505	203.311973433185	3202.96737361528	3158.45313100568	4723.85327509545	2806.6220184301	1539.73383682821
LOC110868334	373.314355511544	1288.76610374059	495.291004761556	2871.52630396439	196.320630578184	408.456727035602	308.337001763394	890.937657267675	756.812881494676	367.790342541633	1299.22443274425	671.430020655424	1808.78235141175	3157.29635795642	70.8212219783591	84.5145026390484	142.702356539084	193.422974108877	694.637196961022	759.129619090556	313.941872205879	576.526089196851	521.273193500734	587.28728080183	1350.49070573052	103.667983091421	199.114771752363	68.9746725632694	5094.22825906749	5305.54650307649	146.590289067189	383.866370138416	84.4750837245272	677.570249234248	610.027950567012	577.535060228758	3081.87106534689	1670.97051628529	1672.93464102818	1941.8496657542	29.7365871421504	14.9281233867141	43.320896699143	77.9123092135028	198.20402266915	143.232902008086	413.157079328548	1628.95682479634	293.649612203355	518.38544895718	813.277676996512	525.210414339311	517.002990652777	535.245776226569	2420.2519267705	2671.63839985384	1293.03289713506	2231.65212647734	3531.99332436128	885.856173978138	145.673867441794	191.378915988029	151.933619962623	6.60577609319598	11.1935009878746	7.64946147346957	1206.71288747761	1094.72743322152	787.08057325879	736.844412078413	858.773619691177	962.508498504288	29.0116424023363	7.7277033516888	3.74158632685462	14.0075622276634	3.27478910427128	11.3182147325672	60.7748084702384	13.7737561550312	7.50770718891609	6.80569216140535	0	0	3.0754663292912	0.960346677773084	27.8093713346541	40.0728221015914	46.6667194430425	47.2302084239207	28.3724298949046	19.6793160947362	5.97592901411704	23.2863957634072	0	0	271.43999845581	266.13217544735	233.938026320527	1202.90904104473	1498.71974414179	1223.94668451451	1273.01666543253	141.702318345769	96.5771412011123	131.287566872173	141.084744508462	174.247340994756	132.826955069019	1098.51373147198	828.61442274117	930.956360455272	678.705880340987	333.43146268931	423.282139496499	301.098097024805	194.624651972785	678.112467057595	381.447248598015	416.975386919018	430.030793465452	114.401120169813	87.3404306064016	65.293562493243	124.850134328929	92.519526632031	134.716786256375	509.167247611631	281.004946681318	202.994361782114	132.781895623905	52.7651602672248	46.8822709796092	81.9289505665806	66.6099390225145	272.852224019025	215.890987616821	948.234110000391	836.185647953918	606.895047885145	1032.85300965182	1130.64567457345
LOC110868323	1.80781770223508	0	0	0	1.03873349512267	1.20845185513492	0	2.46569462343452	0	1.32298684367494	0	0	0	1.09590293577106	1.04148855850528	2.56104553451662	0.970764330197849	0	0	0	5.06357858396579	1.89959172717249	0	0	2.95727891765808	3.83955492931187	0	3.885897045818	9.97303887836236	8.03718462878468	2.14000421995896	1.03189884445811	0	2.77313880996282	8.67338318341723	6.40688656355199	4.35138872622222	28.0521071564402	17.9010516063327	23.3333070651373	4.95609785702507	1.99041645156189	6.5923103672609	3.15860713027714	9.64235785958027	1.02309215720062	3.73897809347103	2.01978527563092	7.55368777371973	0	4.14937590304343	2.3188097763325	2.98270956145833	1.89132783118929	4.70682988481234	1.85401693258421	1.00157466857867	0.998055512735839	2.06791178241293	0	0	0	0	5.28462087455679	3.73116699595819	18.5772635784261	0	0	0	0	1.0223495472514	0.968318408958036	0	0	0	2.15500957348668	0	0	0	3.67300164134164	0.938463398614511	1.51237603586786	0.825845171220602	2.50386936947703	0	1.92069335554617	11.5872380561059	6.23355010469199	8.75000989557046	7.87170140398678	2.43192256242039	4.27811219450786	0	0	0	1.409140628821	0	0	0	0	0	0	4.45890250589328	0	0	0	0	0	0	0	0	0	2.43263756394619	0	0	0	1.43106361744695	0	0.302016823909751	0	0.312295420091105	0.386490270843962	0	0	0.386532923618976	0	0	0	0.442527475088689	0.392638997644321	0.340466399035655	0	0	0	0	0	0	0	0	0	0	10.2785970415768
LOC110868317	215.130306565975	42.0695941507677	17.8567914430163	125.189157666023	86.2148800951814	160.724096732944	98.1072278338073	484.098044400978	367.121954442745	223.584776581065	101.653178418887	162.125785475334	63.4849248859567	170.960857980285	67.6967563028432	76.8313660354986	104.842547661368	14.614180266004	39.7850139141599	44.9695966174942	113.424160280834	170.963255445524	57.3878745138423	155.357972537693	557.939955798158	212.135409844481	186.67009851784	61.2028784716334	1216.71074316021	1860.60824156365	0	1.03189884445811	2.08580453640808	27.7313880996282	20.2378940946402	39.3565888903908	227.360060945111	25.2468964407962	31.7336823930443	61.3579556157313	4.95609785702507	2.98562467734283	3.76703449557766	0	2.14274619101784	6.1385529432037	4.67372261683878	349.422852684149	13.2189536040095	18.8684358815832	270.746777673584	151.882040349779	187.910702371875	71.8704575851931	167.563143899319	429.204919893244	682.072349302075	606.81775174339	380.495767963978	129.018043687183	4.46852354115932	4.4924628166204	3.84642075854741	9.24808653047438	1.24372233198606	0	7.14559814938626	4.02473321037322	32.4473734558983	6.38355307493674	21.4693404922794	5.80991045374822	165.608125380003	137.810709771784	204.540052534719	164.858232371731	17.4655418894468	6.17357167230936	116.413717633133	245.172859559555	220.53889867441	104.353946474882	128.831846710414	66.3525382911413	220.664709126644	131.567494854912	765.530194240062	889.616650655328	894.445455991647	966.644932409577	589.335900959876	471.447963834767	77.6870771835215	130.847366670574	41.3914474049218	21.1371094323149	2676.52463593636	2458.72563893025	2418.45790590517	4927.66479215373	5181.69350025047	4492.41447856643	4273.85805189871	1299.88260029186	1163.7545514734	983.919180940894	1074.73378904975	1101.37470251402	1417.45336337939	3068.86375776299	3133.24151503965	3818.07040670668	3028.63376711301	2495.25704942141	2579.85829547136	2351.12769378944	1984.88523739891	4996.28740788497	3302.55396945312	3146.2095991124	3808.44264801103	3075.3030851054	2536.47828517949	2918.28504664635	3825.51634505701	1180.48062684203	1100.18708776039	4613.28612004796	3137.51979837881	2690.75505085653	1830.00689481664	2099.00967216872	2067.57609552103	2434.29991477963	2071.95339170994	3705.18514283199	3006.67692510255	1841.94962640733	971.668892179363	1447.58080023264	1195.93506380737	3145.25069472251
LOC110868358	188.916949883566	172.382727251926	411.646034317954	459.399498220851	280.45804368312	1415.09712236299	170.519705520665	2785.82397537711	2355.44844131196	1692.10017306025	2728.17768366117	1251.1525262945	4295.4545787244	2666.33184273099	255.164696833794	238.177234710046	810.588215715204	125.510018755093	447.238432276418	329.777041861624	126.589464599145	278.29018803077	1463.39080010298	1678.20754950058	493.8655792489	51.8339915457103	52.8898612467214	162.236201662901	2054.44600894265	1377.37251575798	221.490436765752	158.912422046549	321.213898606844	387.315053791473	503.056224638199	248.953306469449	596.140255492444	404.885413291287	620.02733291025	694.814032606309	297.365871421504	226.907475478055	169.516552300995	121.079939993957	172.491068376936	254.749947142954	180.405693009977	534.233205404379	178.455873654129	392.264851222387	165.975036121737	201.736450540927	287.334354420486	249.655273716986	539.402704799494	694.329341252785	421.662935471621	413.194982272637	952.273375801152	330.164285026255	149.248686274721	141.961825005205	148.087199204075	22.4596387168663	23.6307243077352	12.0205823154522	711.880215632606	520.800477422295	914.088863643306	930.17487663364	1378.12718969489	1318.84967300085	1225.74189149871	42.5023684342884	82.3148991908016	93.7429164466708	81.8697276067819	107.008575653362	344.105253592054	8.2642536930187	22.5231215667483	24.1980165738857	12.387677568309	31.2983671184629	19.9905311403928	7.68277342218467	1.54496507414745	0.890507157813142	25.2778063649813	36.2098264583392	31.6149933114651	29.946785361555	629.464522820328	912.604938727816	13.4242532124071	54.9564845240189	113.626045865223	94.7046930645976	67.5454864728283	383.604851671746	529.516124113186	405.677243831551	468.184763118795	137.923589856549	152.913806901761	109.160448860009	72.617147908767	195.617297909207	130.929427139462	416.301830776088	359.665692675633	317.214759858833	291.916507673543	114.274632752674	88.0550436178848	108.907822328121	64.3978627851126	93.955341821233	89.0949630533765	56.3568296382735	57.4623572967633	32.8516730217368	27.2438040423638	39.8505310991624	49.4762142232289	68.5329826903933	76.7137255071022	35.4835277512724	39.3849452828933	36.1227877832775	12.5972567643192	48.1264648591171	32.274027123644	58.7344531459048	46.7550533523419	186.131749718405	218.231269325404	628.910918953031	336.59118487259	280.228584115832	718.76905350039	495.428377404003
LOC110908794	2321.23792966984	1218.99214271005	8402.09028950344	4126.77116163353	8948.68906048178	19305.0183857803	11818.4171244083	25548.2948407168	27514.5868069446	24490.4709566887	36356.0172301376	34333.0009342463	26518.4063358374	24319.1820476956	10584.6482200892	12284.054906309	13092.6985213784	8243.25732768897	6878.69171605509	7142.67092941199	1197.02997724951	3496.19857386097	33410.9017204339	27288.3717916757	4086.95946420347	2942.05896458522	2241.07823831696	1339.66300654575	5039.3765452365	5379.89046089275	192.600379796306	574.767656363166	183.550799203911	1473.46108769358	1141.99545248327	1176.12131916633	3387.556123364	586.289039569601	869.014687071059	1301.48001629988	349.90050870597	555.326189985766	480.296898186151	462.209510063888	947.093816429885	923.852217952157	1317.98977794854	3537.65391026756	941.378338799822	635.568366537539	765.559854111513	4164.58235829317	2061.05230696771	1307.85319526739	2576.51867894627	1288.54176814602	3966.23568757154	5479.32476491976	3882.50437148027	6754.6533265833	2544.37730433612	2558.00832778366	2505.94312419364	1433.45341222353	2058.36045943693	1459.95436122219	5405.64500001071	4004.60954432136	5490.09558873799	4813.19901850231	5834.54886616375	6236.93887209871	7404.01290476291	7421.17111873848	8599.4125745542	6010.32170045436	3064.11100522982	1455.93398605296	1021.18797894358	328.733646900077	522.724113028283	409.853905720189	555.793800231465	6911.93139444134	1287.85152539069	1647.95489905861	444.177458817392	236.874903978296	126.389031824907	501.427379433958	226.168798305097	728.99031794414	6112.37939327271	7742.17215333853	6375.40158812566	6848.42345607004	15364.7664242196	12839.07927496	14736.4482073036	24858.5415608024	23256.1590581497	25142.7691801963	23344.5840696043	10253.5797554999	11761.4861792755	7986.4144611904	11641.5661976026	11184.7066804558	16747.5815062737	27850.810437994	17663.7354991352	18773.1372736746	20091.1536406316	13140.0173606294	17039.423352724	13200.2687004173	12766.5185312442	1021.56794736063	266.68085551231	532.94666640587	839.137793784799	743.993771374627	554.491541097522	560.359775763607	779.250374015856	12586.0822710907	12414.5260668201	264.202652413088	881.957257851758	326.675646040075	272.032652829488	270.204007522272	240.866160322775	312.0034007878	296.542324686771	1522.89613405967	488.826341880362	13051.3618877467	13810.8232082313	16916.1986434266	12325.7819202504	24236.9318240382
LOC110908807	3.61563540447016	0	0.939831128579803	0	0	0	0	39.4511139749524	20.3120753482666	8.59941448388711	0	0	6.45609405619899	2.19180587154212	0	1.28052276725831	0	0	0	0	1.01271571679316	0	0	0	4779.94849057468	4302.22129829395	6401.74732305905	4239.51367698743	6485.46718259904	8501.332041097	1203.75237372691	3138.00438599711	1712.44552439103	2232.37674202007	2104.74098584258	2092.30609775427	6553.19142169067	3156.79712533807	3302.74402136838	4043.57569473249	1503.68008982141	2683.08137670542	2238.56024899702	3609.23508086335	5213.3014827464	5781.49378034069	4117.54962543497	6573.39117954083	5621.83212559091	2727.97859824784	2673.23542553573	5790.06801150225	1979.52491228785	3489.49984854424	5156.80282180039	3790.53761866841	5617.83231605777	6975.40997851078	4702.43139320699	5180.023659535	0	0	0	0	0	0	0.893199768673283	0	4.63533906512833	9.11936153562392	2.0446990945028	0	0	7.7277033516888	0	7.54253350720339	5.45798184045212	1.02892861205156	0	978.854937417548	1299.7718070811	1289.30057057735	1773.08958261063	2.50386936947703	2779.45269509692	2686.08965773132	846.640860632803	546.771394897269	906.112135852408	1753.02790266786	1361.06599410128	2249.43139187223	0	2.21775197746735	0	7.04570314410498	1.57813952590587	2.39758716619234	0	0	4.72782253672488	2.30498433995199	0	0	1.60961902001854	0	0	4.9315285187195	0	0	5.53331834885589	34.4798652020471	38.922201023139	1.56540592811883	0	0	2.86212723489389	5060.39071802387	1016.28661245631	1491.99005631961	2762.56528612592	1976.12475482518	2546.49438960683	3248.43136967557	2624.55855137285	1.71332456725983	5.61319942734894	1975.10720735998	1504.15088782645	1007.11902895768	1069.06449297196	615.20697850028	1232.5281095219	1578.72224379438	2132.79900908628	1325.13114998387	416.277608914276	27.2592967967258	10.5846284551129	19.2156743393713	24.1603043193408	10.2785970415768
LOC110868941	863.232952817251	217.530584389335	577.996144076579	614.768184967075	390.563794166123	1076.73060292521	192.710626102121	1292.8458808875	1162.30208937304	1317.69489630024	2390.30188110696	594.461213409558	2157.4114304465	2647.70149282288	194.758360440487	185.675801252455	185.415987067789	224.370649966297	761.402852495129	465.756536395475	650.163490181208	508.140787018642	867.194548209173	787.03324549315	2138.11265746679	1352.48322385011	1436.32270248449	1393.09409092575	7468.80881600557	7982.93363254039	35.3100696293228	49.5311445339892	32.3299703143252	446.475348404013	378.737732342552	450.312598466797	4291.55713123667	723.744364636158	634.673647860886	625.678307968866	94.1658592834763	57.7220770952947	113.952793491224	201.097987294311	227.131096247891	309.996923631787	343.051240075967	3699.23673231803	149.185333530965	207.552794697415	1908.71291539998	1493.31349595813	957.449769228124	1005.24074227711	4534.5599110282	2563.17840929766	1789.81393275009	2358.40517659479	4514.25142100742	2168.92538009555	70.6026719503173	60.1990017427133	81.7364411191324	1.3211552186392	34.8242252956097	5.46390105247826	573.434251488248	239.06915269617	766.685081372226	355.655099889333	1045.86358683818	1096.1364389405	1338.16200580776	476.541706687476	594.912225969884	501.039725835654	36.022680146984	17.4917864048765	103.573969364773	229.562602583853	248.692800632845	207.195516913896	270.877216160357	38.809975226894	365.980493185653	692.409954674393	117.417345635206	205.707153454836	174.027974589679	76.3555036186718	25.1298664783441	92.4072234013699	579.665114369353	978.028622063103	6.71212660620354	23.9553906899569	2278.83347540808	2017.56960035086	1968.70381304951	4271.7478544187	5124.95962980977	4022.19767321623	4177.991648022	867.218188276109	972.209888091197	911.637262101158	863.106672287059	1254.25208659433	1225.80304249409	3432.85541084994	2776.34248153844	3192.83551770956	2396.148000487	2703.45603786122	2691.08571898869	2836.40813739856	1920.4873746138	331.514667630103	221.680348749757	221.843936321759	253.896176534068	341.657399426062	152.645431472656	106.063721233155	210.273910448723	1050.26795973028	982.309899786065	151.766895803635	87.1779125924718	54.5768206725606	63.6672166196674	256.577839760956	96.8220813709321	276.463445062571	214.560861274446	360.101481699527	277.615917680708	2794.0779216644	5262.67726788213	3114.5405491731	6042.08943852849	4064.15727023948
LOC110873151	69.6009815360506	6.15652597328308	5.63898677147882	13.4131240356453	22.8521368926987	47.1296223502617	56.0612730478899	65.3409075210149	51.9086370011259	31.0901908263611	19.362510175026	55.6795626884986	18.2922664925638	29.5893792658186	15.6223283775792	16.646795974358	5.82458598118709	1.71931532541224	5.48758812609102	2.14140936273782	92.1571302281774	75.9836690868997	11.1587533776916	34.1446093489436	25164.4720699918	29672.0804937222	21682.76899895	22243.8461645237	28530.869623219	23156.1335636073	5690.27122087087	16467.0417598625	2473.76418017998	22211.9174881988	28992.228854436	28670.8173718952	24666.9348417722	11084.3226077481	12935.1371539032	14098.5026466907	15375.7979916346	23057.9793831187	24089.2438405952	14609.6108465752	31785.4969975586	26250.4985694534	23413.4808213156	24070.7910223315	19838.8167267032	14070.8877897975	26437.7485662412	30451.7693876865	5688.02713370104	22683.6403433688	31033.0707965447	15148.2453476793	36648.6186979622	46699.0174409099	26676.0619931267	39500.8550605412	5.36222824939119	11.680403323213	14.4240778445528	9.24808653047438	16.1683903158188	20.7628239994174	13.3979965300992	9.65935970489574	18.5413562605133	20.974531531935	34.7598846065477	22.2713234060348	7.25291060058408	5.1518022344592	6.23597721142437	9.69754308069008	15.282349153266	9.26035750846404	6.84786574312546	5085.27077243751	7825.84628104641	6520.60927864426	8680.45859469974	11.2674121626466	16183.8726913126	25961.0517402398	6753.81482163558	4877.30770334258	3717.78198229572	10831.4611318858	4666.0487564306	13349.4212917423	4.97994084509753	34.375155650744	3.35606330310177	15.500546917031	47.3441857771761	41.957775408366	34.5964686812047	68.6700043116089	66.1895155141483	124.469154357408	60.1951838295593	39.6766491368154	38.6308564804449	32.4531064178406	43.5702887452602	72.3290849412194	56.9258378867225	78.4652665337128	70.5498089479127	209.177848892419	153.25616652861	61.0508311966343	55.6137117586641	33.6332980719197	24.3280814965981	5122.6086366881	4197.73183552162	6441.61820385676	7428.25886228702	14297.0480990598	8764.09137392218	5394.22919809201	9510.25605272129	41.119789614236	48.6477283703575	4392.6897306545	7181.77839321434	4209.09005474712	3907.87332813125	14556.8060275679	9343.8404421969	12339.4726277995	7225.897423577	24951.1725631041	16414.7359040041	89.5662609035277	84.6770276409031	104.084902671595	98.6545759706418	127.454603315553
LOC118481678	0.90390885111754	0	0.939831128579803	0	0	0	0	1.64379641562302	0	0	0	0	0	1.09590293577106	0	0	0	2.57897298811836	1.37189703152276	2.14140936273782	1.01271571679316	2.84938759075874	3.18821525076902	0	0	0	0	0	0.997303887836236	1.00464807859809	0	1.03189884445811	0	0	0.963709242601915	1.83053901815771	0	2.80521071564402	0	1.72839311593609	0	2.98562467734283	0.941758623894414	1.05286904342571	2.14274619101784	1.02309215720062	0.934744523367756	0	0.944210971714966	0	0	2.3188097763325	0	0	0.941365976962467	0.927008466292103	1.00157466857867	0	1.03395589120646	1.01589010777309	0.893704708231864	0.89849256332408	0	2.64231043727839	2.48744466397212	0	1.78639953734657	0	0	0	0	1.93663681791607	0	0	2.49439088456975	2.15500957348668	0	0	0	3.67300164134164	0.938463398614511	1.51237603586786	0	1.25193468473851	0	0	0	0	0.972223321730051	0	0.810640854140132	0	0	0	0	0	1.57813952590587	1.19879358309617	1.64745088958118	2.36793118315893	2.36391126836244	4.60996867990398	2.22945125294664	1.88936424461026	0	0	0	1.64384283957317	5.69258378867225	2.17959073704758	2.76665917442795	0	2.43263756394619	0	1.54482532662956	6.40634248988947	0	1.25692764978238	0	0	0.312295420091105	0.386490270843962	0.801288354187171	0.306542546916634	0.773065847237952	0	0	1.7100495301818	0	0.392638997644321	0.340466399035655	0.28991846300673	0.339726601301516	0	0	0.528783379881831	0	0	0	0	2.0133586932784	0
LOC118479416	571.270393906285	192.904480496203	441.720630432507	720.955416915934	918.240409688438	2541.37425134873	4218.61079685371	8989.51164793837	8303.8773220062	8319.60276644986	6254.09078653341	2969.03079865435	7355.64316136272	4006.62113317899	7394.56876538749	6019.73752888131	5643.05305144009	574.251318687687	4578.93499221245	1053.57340646701	370.653952346296	1179.64646257412	1205.14536479069	2026.4825648598	2697.03837290417	3060.12527866156	3769.6989339575	3099.97436830131	9507.29796274284	8864.00999747091	966.211905311469	1937.90602989233	910.453680142126	1696.23657209392	2254.11591844588	2078.57705511808	5997.30151191578	3369.05806948847	3017.95456399491	3954.56344926178	1511.60984639265	1939.66083204706	2773.47914736905	3401.81987930848	4232.99510035574	5098.06821933067	2720.10656300017	4388.99340394599	2775.980256842	2072.54872025601	1133.81696550662	3668.35706615801	1017.10396045729	1863.90357763705	2463.55476171078	2014.38939725274	3249.10822486921	4619.00091294146	6656.60802758721	6928.3705350125	2513.097639548	2319.00930593945	2635.75982479461	560.169812703019	1072.08865017199	464.431589460652	11966.197300916	7864.32869306928	15422.700137495	7138.63621008641	12045.322365716	12470.0044705616	1885.75675615186	2927.51161973144	3603.147632761	2414.68822709183	299.097404856776	390.992872579593	136.957314862509	1183.62477892234	1468.69521883171	1333.15947561752	1702.06689788566	1815.30529287085	2397.32600368249	3330.48227851705	675.149737402436	579.720159736355	481.250544256375	1245.30316211071	994.656328029942	1367.28465736471	935.232890709317	1378.33285399596	1114.21301662979	807.437580314431	39156.7979167765	36403.7647378815	36601.416413825	27221.736881595	25438.0491588482	28261.4129921514	26434.6035061883	13263.336997164	15682.5181120406	10715.4256826906	17025.6090211241	15659.246889774	17453.4618960691	26913.5864210635	21816.4909199516	27195.4190136946	23122.2200453085	36486.4813725936	40794.2024003068	35766.6101210529	31861.2003788388	2338.51389242012	1444.24445193643	1966.62532096102	2900.28756638609	2550.06280702846	2070.52910721965	1999.27049099029	2686.01728622826	16946.493294767	16585.1332413403	2815.59655144434	1758.16165852736	1690.70352385645	1398.97643363751	428.20956986094	670.280584367891	614.654181647908	738.473650893838	1363.73233671524	552.013948012115	48038.6693263443	42634.8834171947	57060.9449507632	43838.872187444	25751.9970279666
LOC110884851	115.700332943045	280.12193178438	163.530616372886	267.144720376602	173.468493685485	291.236897087515	234.756580888039	302.869489578541	295.653541180326	335.377164871597	274.94764448537	379.931133639167	337.868922274414	327.674977795547	174.970077828887	177.992664648905	231.041910587088	180.528109168285	76.8262337652743	119.918924313318	124.564033165558	127.272645720557	242.304359058445	297.058101335809	658.487438998533	484.743809825624	455.267629162955	469.222068282523	432.829887320927	427.980081482784	602.411187918446	710.978303831636	450.533779864145	557.400900802526	716.035967253223	638.858117337042	464.510746524222	677.925922947306	711.973643433686	587.653659418272	458.934661560522	472.723907245948	458.63644983658	372.715641372703	423.192372726023	341.712780505006	669.277078731314	470.609969222005	668.501367974196	695.152900900433	591.286066183689	551.876726767135	572.6802358	596.713930740221	624.125642726116	548.789012044925	726.141634719537	688.658303787729	556.268269469077	585.152702077302	172.48500868875	165.322631651631	187.513011979186	116.261659240249	167.902514818118	100.5357793656	156.309959517824	140.060715720988	157.601528214363	114.903955348861	166.642976201978	194.632000200565	475.065644338257	255.01421060573	274.382997302672	266.143682325605	358.043608733659	410.542516208572	320.137723491115	297.513132948673	260.892824814834	310.793275370845	409.619204925418	244.12726352401	354.447494450811	437.918085064526	296.63329423631	363.326920387762	308.194792988426	351.865052758209	353.439412405097	326.847771660401	385.447421410549	428.026131651199	293.096195137554	381.87711041049	217.78325457501	176.222656715137	161.450187178955	229.689324766416	241.118949372969	237.413387015055	218.486222788771	219.16625237479	149.694568861724	160.790390888392	213.701892417229	249.864111615121	204.933016392201	366.171243823993	358.282363088419	314.916102178697	340.569258952467	231.680077361587	230.178973667804	249.847357105689	253.298260288109	266.468661753865	245.237661014718	264.844523097782	275.132265100264	143.001400212266	135.017087680538	168.598400804149	150.361307287782	205.59894807118	261.949306609617	280.02061056727	214.183297942926	251.288958492365	240.369277719172	118.866569832759	108.712512416485	169.469473089776	190.222614323911	198.293767455687	193.073240958132	334.89993207406	230.744900321461	212.973723928032	231.536249727016	265.187803672682
LOC110881936	0	0	0	0	0	0	0	6.16423655858631	1.50459817394568	7.93792106204964	0	0	0	0	3.12446567551584	2.56104553451662	6.79535031138494	0	0	0	0	0	0	0	0	0	1.03705610287689	0	0	0	0	0	0	0	0	0	0	0	0	0	0	0	0	0	0	1.02309215720062	0	0	0.944210971714966	1.98615114542981	0	6.95642932899749	0	0	0.941365976962467	0.927008466292103	0	0	0	13.2065714010502	0	2.69547768997224	0	0	0	0	0	0	1.85413562605133	10.0312976891863	1.0223495472514	1.93663681791607	0	1.2879505586148	4.98878176913949	3.23251436023003	0	0	0	1.83650082067082	0	0	0	5.00773873895406	2.3065997469684	0	0	0	0	0	0	0	0	0	0	9.86398440174697	12.625116207247	16.7831101633464	4.94235266874353	14.2075870989536	11.8195563418122	2.30498433995199	11.1472562647332	39.6766491368154	9.65771412011123	26.5525416145968	29.0468591635068	100.274413213963	22.770335154689	26.1550888445709	12.4499662849258	18.3892614410918	14.5958253836771	26.6119007780201	16.9930785929251	20.8206130921408	18.6038270268103	0	0.604033647819501	0.651524042060965	0.312295420091105	0.772980541687924	1.60257670837434	1.8392552814998	1.15959877085693	29.1265176434172	9.3553323789149	1.28253714763635	2.21263737544345	0	1.70233199517827	3.18910309307403	2.37808620911061	6.35978155083046	5.76432164617913	4.75905041893648	2.04774649501049	3.89418525667512	6.35077707306773	9.60783716968567	6.04007607983521	4.11143881663073
LOC110886572	4.5195442555877	1.02608766221385	2.81949338573941	7.82432235412641	7.27113446585867	2.41690371026983	7.00765913098623	671.490835782002	322.736308311348	1469.83838332286	187.816348697753	8.18817098360273	172.162508165306	4.38361174308424	1073.77470381894	950.147893305666	310.644585663312	24.9300722184774	371.784095542667	10.7070468136891	4.05086286717263	2.84938759075874	3.18821525076902	71.7036796327815	14733.1635677726	16991.9503396697	10738.7159452902	7921.40112789998	16641.0126724354	17586.3646158595	2586.1950998204	5280.22638709214	2306.89981726734	7811.00764806193	9840.43507620815	9602.09241974628	17724.2941290847	8208.04655397441	6114.83649189046	13032.9482907161	3555.50460262979	5103.42778180468	6974.66436856203	13752.5754452267	23658.060695028	20912.0036931806	9963.44187457692	16599.6052877727	14177.3277403002	10857.2952364921	7181.53234419242	11977.8118996455	3032.42138748264	8943.14364977856	7886.76415499155	5955.10238746047	13108.6092623576	15160.4632384574	24975.2045520921	23140.9607649633	343.182607961036	405.22014605916	369.256392820551	34.3500356846191	98.2540642268989	29.5050656833826	683.297823035061	635.90784723897	834.361031723099	590.022691354868	597.052135594819	676.854567861667	177.69630971431	12468.6493579499	15056.143379263	8805.36911726659	184.479786207282	162.570720704146	21.3995804472671	1112.00124691618	2037.4040383921	1427.68297785926	2232.25949780929	10878.060475693	3624.43706906968	2922.33494046349	4600.13350827403	2226.26789453285	1111.25125673745	4856.05259611945	3715.16703452422	5148.28021487076	64.7392309862679	180.746786163589	7019.7657423212	4692.43829397392	13095.4017859669	13378.5363873533	12894.5981127519	6741.50007845346	5058.77011429562	7530.38383862316	6046.27179799129	9367.46792477766	11238.3599977694	6816.62748894733	7790.78258278343	6549.0698728595	12113.8183022945	7523.94722428824	5394.9853901345	7438.45625292163	6091.32446012126	9871.44978271733	11172.176762185	9486.19164190383	9590.98836412943	12105.4701950541	7919.18313973757	7754.11338658858	11265.4326889464	12888.6775521044	12546.1724056856	15561.0193091291	15578.4364206156	9467.83155867784	9142.03080067564	9219.30452959264	6739.69344560074	6542.15097874967	5828.44428509137	4483.87894886208	5767.19878369454	7096.01979153836	7092.67754553197	10786.6521662095	6014.81652627297	10966.0256827971	11293.7985616054	15681.591567122	12416.3830614479	2507.97767814475
LOC110890809	50.6188956625823	9.23478895992461	30.0745961145537	24.590727398683	37.394405824416	19.3352296821587	12.8473750734748	71.5051440796012	70.7161141754468	108.484921181345	56.1512795075755	14.7387077704849	43.0406270413266	35.0688939446739	78.111641887896	55.0624789921073	97.0764330197849	56.7374057386038	34.2974257880689	24.6262076714849	26.3306086366221	33.2428552255186	31.8821525076902	18.779535141919	41.4019048472132	14.3983309849195	2.07411220575378	41.7733932425435	5.98382332701742	5.02324039299043	6.42001265987687	1.03189884445811	17.7293385594687	49.9164985793307	46.2580436448919	39.3565888903908	6.52708308933333	124.364341726885	58.5852598025433	19.012324275297	69.385369998351	121.415403545275	60.2725519292425	76.8594401700771	16.0705964326338	30.6927647160185	14.9559123738841	4.03957055126184	8.4978987454347	62.563761081039	35.2696951758692	64.92667373731	188.904938892361	89.8380719814913	103.550257465871	76.9417027022445	60.0944801147203	29.9416653820752	11.3735148032711	6.09534064663856	84.9019472820271	93.4432265857043	104.814965670417	29.0654148100623	41.0428369555401	49.1751094723044	25.0095935228519	20.9286126939408	22.249627512616	17.3267869176854	44.9833800790617	13.5564577254125	31.4292792691977	162.281770385465	265.652629206678	160.548213224758	103.70165496859	114.211075937723	35.9512951514087	59.6862766718017	49.7385601265691	64.2759815243839	50.3765554444567	226.600177937671	45.3631283570452	103.717441199493	49.4388823727184	46.3063722062834	30.1389229736316	88.163055724652	42.1533244152868	49.6261014562912	60.7552783101899	79.8390711888247	227.09361684322	163.460312943236	12.625116207247	21.5782844957311	19.7694106749741	30.783105381066	21.275201415262	39.1847337791839	31.212317541253	15.1149139568821	33.8019994203893	25.0774004137859	6.2243269636086	14.7945855561585	81.5937009709689	47.9509962150467	47.0332059652751	36.7785228821836	34.0569258952467	18.7848711374259	10.8137772864069	19.2190274696684	25.759145114045	5.97040633646631	4.22823553473651	11.4016707360669	9.36886260273315	23.5759065214817	6.41030683349736	6.74393603216594	3.86532923618976	35.9798159124565	41.1634624672256	4.70263620799996	4.42527475088689	8.63805794817506	8.17119357685571	8.69755389020189	5.09589901952274	11.9713535074456	21.1358460359902	1.58635013964549	1.75521128143757	15.5767410267005	52.9231422755644	48.0391858484283	32.2137390924545	127.454603315553
LOC110890906	56.946257620405	11.2869642843523	41.3525696575113	16.7664050445566	17.6584694170853	9.66761484107933	10.5114886964794	105.202970599873	30.8442625658864	17.8603223896117	58.0875305250781	75.3311730491451	151.718210320676	39.4525056877582	48.9499622497482	24.3299325779079	37.8598088777161	12.0352072778857	14.6335683362427	13.9191608577958	37.4704815213469	21.8453048624837	23.9116143807676	47.802453088521	12152.4448322963	12773.2393610883	5713.14207074879	10688.1598245224	3014.84965292894	6356.40839329009	53.5001054989739	124.859760179431	171.035971985462	3194.65590907716	1382.92276313375	1829.62374864863	80.5006914351111	201.97517152637	274.21156324246	367.28353713642	58.4819547128958	120.420195319494	146.914345327529	108.445511472848	130.707517652088	111.517045134867	203.774306094171	9637.40544267294	408.84335075258	660.395255855412	4042.52947354006	10511.1647161152	2399.09272393298	2915.48185177829	5282.94586271337	3083.23015888753	15472.3254802033	10733.0889839612	357.748738357436	11198.1566579828	92.051584947882	86.2552860791117	81.7364411191324	0	7.46233399191637	12.0205823154522	53.591986120397	49.906691808628	44.499255025232	0.911936153562392	10.223495472514	8.71486568062233	56.8144663712419	18.0313078206072	17.4607361919882	21.5500957348668	19.6487346256277	24.6942866892374	19.6876140114857	121.209054164274	130.446412407417	193.584132591086	151.955511504591	65.1006036064028	102.259255448932	188.227948843524	6258.65351537132	4474.79846801104	3645.83745648769	10651.9863398749	7573.81750023125	9907.25222004131	27.8876687325462	65.4236833352869	63.7652027589336	54.9564845240189	61.547441510329	56.3432984055201	52.7184284665977	172.858976370602	108.739918344672	115.2492169976	93.6369526237589	100.136304964344	85.3098080609825	50.1548008275718	103.73878272681	78.904456299512	113.851675773445	211.420301493615	174.299527988961	179.295299050645	250.561669086458	42.2659600592084	46.3447597988868	54.4539111640605	27.190208731492	8517.88445066275	4655.89135739272	6520.45261294614	10992.4864917868	7579.46070152094	5080.16816554666	5999.65072825236	6986.96912733661	101.08614946833	63.6162601766213	8341.62160822683	7541.99575793653	6794.61785423497	5999.69888380631	4091.90918687698	3330.33987255876	5603.34165107874	5258.9827818641	11828.8842079566	6008.38075157436	136.296483983629	150.301724062603	321.86254518447	195.295793248005	215.850537873113
LOC110891299	25.3094478312911	55.4087337595477	11.2779735429576	5.58880168151887	0	0	1.16794318849771	3.69854193515179	2.25689726091852	9.26090790572458	6.77687856125911	1.63763419672055	48.4207054214924	1.09590293577106	1.04148855850528	25.6104553451662	10.6784076321763	37.8249371590692	17.8346614097958	64.2422808821345	107.347865980075	0.949795863586246	3.18821525076902	6.82892186978872	7008.75103484966	13413.485145551	7212.72519550877	7221.93965965274	5216.89663727135	4900.67332740146	3776.03744611758	7336.80078409714	1970.04238463743	8180.75948939031	9401.94737082428	9945.31848565085	4897.48801136311	7116.81958558889	8275.98163127317	10256.2847499648	8632.53124736627	17632.104136161	12208.0170415433	6335.11303429252	11881.5276291939	9028.78828729544	10738.3450844488	6525.9262255635	11276.7116351918	7665.55034578635	9087.13322766511	5206.88735275462	2757.01787130798	3606.76217407798	4824.50063193264	2287.85689480891	7575.91079312907	9893.72429775037	7321.44166563296	10965.5178233028	871.362090526068	989.240312219812	992.376555705231	2774.42595914231	4547.04884574104	2651.08479066245	200.076748182815	150.525022067959	255.870716395084	342.887993739459	667.594254355165	565.497950831493	6.0440921671534	20.6072089378368	18.7079316342731	19.3950861613802	5.45798184045212	10.2892861205156	2.56794965367205	292.921880896996	385.708456830564	291.888574922496	720.962834475585	8.7635427931696	596.640467882493	694.33064802994	14713.4748836432	12993.3899396515	11596.6797815961	16684.07112575	9880.09073025992	19668.1930030305	4.97994084509753	13.3065118648041	7.83081437390413	1.409140628821	170.439068797834	164.234720884176	168.03999073728	369.397264572792	278.941529666768	223.583480975343	118.160916406172	434.553776260359	395.96627892456	163.740673290014	560.189426724774	210.411883465365	681.212526711112	146.032579382188	182.599505512244	296.526840737605	136.227703580987	111.143820896437	128.220502110253	195.393445941629	108.760834925968	5077.04500938348	3501.28103958574	5336.30766650034	6572.25711581731	9225.52276504537	7038.51690318011	5850.67105045087	6791.77000090903	476.304229698234	432.216355905869	2778.40297416288	5395.73750375639	3578.90446352798	2936.86315808156	7370.30716655708	6764.97581171709	7745.09161452017	5399.88842210403	16207.739376758	8162.6100643254	562.709769589555	167.237129590784	398.725242541955	209.389304100954	185.014746748383
LOC110894233	9.94299736229294	2.05217532442769	7.51864902863842	3.35328100891132	5.19366747561334	19.3352296821587	2.33588637699541	1096.00126011665	422.792086878735	1280.65126467734	465.668369709376	21.2892445573671	873.72472893893	112.878002384419	1318.52451506769	521.172766274132	255.311018842034	6.87726130164895	128.501021952631	10.7070468136891	1.01271571679316	3.79918345434498	20.7233991299986	114.384441318961	6712.03738344463	13957.742056781	11673.1034939823	9021.10999186648	8723.41710690356	7822.18993996469	4232.92834707882	6001.52367936835	6034.23252382857	6417.96758585728	6723.79938563356	6493.83716691449	7254.852853794	7337.49616188622	7519.25535882365	10788.6298296731	6351.73501356333	10614.8909361795	12321.0280764106	10719.2597311172	14448.5375660333	12201.3970667746	9724.14727659477	11686.4776048005	15191.4103239221	7464.94908009794	4103.73276810995	9452.62805321943	8039.39650465069	5496.19867743608	6340.09985484222	3598.64686614594	9281.59245371855	9107.25655371453	5429.30238472514	12522.8773585189	209.126901726256	230.912588774288	252.902164874492	173.071333641735	172.877404146063	101.628559576096	273.319129214025	219.750433286378	325.400802372009	248.046633768971	317.950709195186	359.246129723431	35.0557345694897	949.219561699108	1209.77957901633	1132.45753086725	2.18319273618085	7.20250028436092	0	1525.21393156712	1692.04950770196	578.483833719455	1468.35271443023	460.711963983773	2301.98654747447	2396.06496104384	1755.85280676858	1103.33836853048	856.528746444175	4889.11374201619	4321.52639342104	3654.36343654862	4.97994084509753	15.5242638422715	213.669363630813	56.3656251528398	4358.82137055202	4265.30756865618	3915.99076453446	3715.28402637636	2453.73989656021	4001.45281415666	1999.81777389314	2444.83733252567	3088.85889941557	2093.22536395072	2948.25620509594	1193.42990153012	4013.27157101393	5512.18497399333	4291.08837953775	4606.50999099349	4159.81023434798	3209.0821526436	3719.93938652398	3318.48540976275	3378.74120079224	15037.8824019964	8007.97608596704	8953.56914802282	15510.7766296649	12666.0591560983	12650.740535907	14788.8386334461	13899.3374004148	2549.42695608263	2376.25442424439	14057.4621628595	8658.05005011021	10085.325293492	9403.00100856671	3981.74017093443	5636.06431559215	8163.34077768655	8688.75416134068	5524.72875300537	2567.58156952959	6949.17359053675	8323.75181710077	10799.2089787267	7034.67527431474	3988.09565213181
LOC110894830	14.4625416178806	27.7043668797738	363.714646760384	157.604207418832	29.0845378634347	15.7098741167539	0	2.46569462343452	3.00919634789136	7.27642764021217	322.385794414184	296.411789606419	300.208373613253	237.81093706232	63.5308020688221	23.0494098106496	24.2691082549462	110.036180826383	142.677291278367	96.3634213232018	1.01271571679316	13.2971420902074	202.451668423833	368.761780968591	37.4588662903357	34.5559943638069	61.1863100697365	34.0015991509075	112.695339325495	143.664675239526	2.14000421995896	46.4354480006148	2.08580453640808	14.790073653135	10.6008016686211	10.9832341089463	48.95312317	7.48056190838406	0.813684163924213	8.64196557968046	1.98243914281003	0.995208225780943	2.82527587168324	12.6344285211086	7.49961166856244	6.1385529432037	8.41270071030981	56.5539877176658	14.1631645757245	14.8961335907236	28.0082873455432	10.4346439934962	20.8789669302083	34.0439009614072	20.7100514931743	52.8394825786499	16.0251946972587	36.9280539712261	72.3769123844524	36.5720438798314	31.2796647881153	38.6351802229354	44.2338387232952	81.9116235556302	50.9926156114285	10.9278021049565	72.3491812625359	60.3709981555984	88.9985100504639	201.537889937289	264.788532738113	259.509333600754	2.41763686686136	91.4444896616508	88.550876402226	80.8128590057507	10.9159636809042	10.2892861205156	46.2230937660968	149.674816884672	231.800459457784	52.933161255375	10.7359872258678	3.75580405421554	10.7641321525192	13.4448534888232	502.113649097921	471.078286483152	256.666956936734	29.9124653351498	94.0343390802553	136.04396778535	0.995988169019507	8.87100790986942	10.0681899093053	8.45484377292598	4.73441857771761	0	3.29490177916235	11.8396559157946	33.0947577570742	18.4398747196159	15.6061587706265	1.88936424461026	8.04809510009269	1.47514120081094	0	8.21921419786584	0	17.4367258963806	16.5999550465677	22.9865768013647	21.8937380755157	3.13081185623766	3.08965065325912	0	0	57.8186718899895	28.6915982714263	26.7124857244996	45.2828359132102	8.50278595856716	10.4167486044332	8.88973386058238	26.2842388060904	1.71332456725983	0	117.993417582544	49.1205497348445	42.797650743231	39.4941022881359	46.9667910070902	44.5041847704986	57.2380339574741	57.6432164617914	80.3750737420383	41.5400003273557	19.4709262833756	23.2861826012483	1.60130619494761	10.066793466392	32.8915105330459
LOC110896719	25.3094478312911	0	0	0	3.116200485368	4.83380742053966	2.33588637699541	2.46569462343452	1.50459817394568	11.245388171237	0	0	0	0	1.04148855850528	1.28052276725831	2.91229299059355	0	0	0	77.9791101930732	21.8453048624837	0	0	4.92879819609681	6.71922112629578	4.14822441150756	5.82884556872699	1.99460777567247	2.00929615719617	0	0	0	3.69751841328375	0	0.915269509078856	0	0	0	0	0	0	0	0	0	2.04618431440123	0	6.05935582689276	0	0	5.18671987880429	2.3188097763325	3.97694608194444	9.45663915594645	1.88273195392493	0	6.00944801147203	0.998055512735839	2.06791178241293	4.06356043109237	0	7.18794050659264	3.84642075854741	0	0	0	2.67959930601985	2.41483992622394	7.41654250420533	0	0	0	4.83527373372272	33.4867145239848	31.1798860571218	32.3251436023003	0	3.08678583615468	0	2.75475123100623	7.50770718891609	0.756188017933928	19.8202841092944	12.5193468473851	3.844332911614	8.64312009995775	3.0899301482949	5.34304294687885	5.83333993038031	0	2.43192256242039	0.855622438901573	11.9518580282341	3.32662796620103	5.59343883850295	0	7.89069762952936	2.39758716619234	13.1796071166494	21.3113806484303	33.0947577570742	27.6598120794239	55.736281323666	28.3404636691539	24.1442853002781	14.7514120081094	18.6729808908258	18.0822712353048	36.0530306615909	52.3101776891419	38.7332284419913	34.4798652020471	17.0284629476233	10.9578414968318	13.903427939666	3.20317124494474	7.15531808723473	1.57115956222798	0.604033647819501	0.325762021030483	0.936886260273315	0	1.20193253128076	0	0.386532923618976	39.4064650469762	24.3238641851787	0	2.21263737544345	0	0.680932798071309	0.579836926013459	0.679453202603032	0	1.28096036581759	2.11513351952732	0.585070427145856	0	2.11692569102258	0	0	0
LOC110895309	99.4299736229294	55.4087337595477	215.221328444775	29.0617687438981	106.989549997635	129.304348499436	30.3665229009403	490.67323006347	261.047783179575	584.098691482486	347.557057641717	52.4042942950575	654.217531028164	67.9459820178057	795.697258698034	262.507167287954	236.866496568275	87.6850815960241	398.764737162614	68.5250996076102	35.4450500877605	45.5902014521398	148.252009160759	73.4109101002287	44.3591837648712	40.3153267577747	22.8152342632916	16.5150624447265	22.9379894202334	34.1580346723349	162.640320716881	101.126086756895	112.633444966036	45.294600562726	32.7661142484651	35.6955108540754	41.3381928991111	83.2212512307727	45.5663131797559	109.752962861942	11.8946348568602	29.8562467734283	26.3692414690436	54.7491902581371	46.0690431068835	58.3162529604352	42.063503551549	56.5539877176658	61.3737131614728	40.7160984813111	124.481277091303	62.6078639609775	129.250747663194	64.3051462604359	34.8305411476113	73.2336688370761	40.0629867431468	34.9319429457544	109.599324467885	68.0646372207973	87.5830614067227	59.3005091793893	56.7347061885743	33.0288804659799	52.2363379434146	27.3195052623913	86.6403775613084	82.9095041336884	137.206036327799	131.318806112984	149.263033898705	165.582447931824	50.7703742040885	1072.86281532613	840.609728100004	1330.71841162803	56.7630111407021	26.7521439133405	53.0709595092223	23.8745106687207	43.1693163362675	58.2264773809125	42.1181037322507	266.662087849304	34.598996204526	35.5328270776041	11.5872380561059	37.4013006281519	28.1944763301715	122.011371761795	146.725994599364	41.9254995061771	39.8395267607803	45.4639155380808	186.820857205998	46.5016407510929	377.175346691503	368.029630010525	438.221936628593	260.472430147482	269.485884593318	373.407463072223	180.585551488678	281.515272446929	489.324182085636	238.972874531372	325.739777762183	92.0551990160974	436.431423798206	860.938341133794	499.381980984244	413.758382424565	396.519922923229	266.119007780201	438.730392762795	296.293340157388	457.940357583023	577.558255075004	217.75413003893	231.942558973704	390.993865954063	250.059205236043	269.232887006889	270.677068927388	385.373324848119	243.292088550896	224.527977093958	631.008276637085	284.102639006938	374.184964755038	306.760225531125	102.921054367389	156.9536898013	243.168118119988	350.34266005111	154.404746925495	74.8890146746695	101.248816673553	165.120203899761	168.137150469499	108.721369437034	318.636508288882
LOC110897890	11114.4632333413	8406.73621651804	7806.23735398384	8199.88982712448	10192.0530541436	18593.2402431058	17050.802608878	22347.4122703949	19124.9473890235	24483.1945290484	26394.0057450867	16787.3881505823	24541.7655389644	20944.8969084565	9576.48729545605	11253.234078666	11227.8602430683	6531.67892124109	10066.065819293	7076.28723916712	17015.6494735586	13494.6996298334	20178.2143221171	14641.208488827	24611.4609123898	20396.675673237	17178.8343441557	13113.9310553743	22687.6661443865	21018.2424523505	8481.90672580732	18239.8439746415	14277.3320517133	20595.1775619905	22961.3364142332	21820.940365949	21949.4925822464	24973.8559311402	36915.2231489137	28098.4868857731	14160.562797092	23059.9697995702	17709.7709223345	17314.4314191359	28326.0332721603	25824.892232058	26729.9543902244	21456.1789830273	27511.475082859	25671.0035546803	14177.3801167236	30909.7343185122	19858.8802601896	19047.5625879073	26041.0070207127	11500.4670328198	27160.7018625164	26916.5591229728	28387.2589930734	32083.8413836898	4895.71439169415	4971.35935287213	4811.87236894281	2648.91621337159	3175.22311356042	2636.87864792601	8785.51292467041	8563.02237839007	9708.25413800477	6600.59387948459	7256.63708639045	7669.08179894765	3391.94452420649	10619.152355779	11043.9156414325	8210.58647498427	972.612363968569	633.820025023761	630.859631585433	7001.65937880751	9095.58725937184	9266.32797176236	8840.67255791654	5995.51520521275	11547.6071999061	14850.801025083	9151.60061671242	7629.865328143	7704.86982471066	12241.2828533398	9108.36063711852	14931.4671812713	1681.22802930493	3611.60909530559	4397.56161483102	4168.23798005251	35145.1672419238	33069.919783291	33093.9934699067	50294.8583302956	47656.4511701868	49626.3128391664	49241.8898238325	16879.5801613481	18856.6868195172	12261.3736611405	18137.6887719555	17835.6948093689	22829.1585205053	42789.7253497181	36198.9686382153	38851.9121096667	35869.2408803866	27613.7605720161	30689.4999388228	27481.6076960034	26477.5390500034	22745.9912142869	14228.3145912123	18968.796722584	24116.3892256954	21062.1737999126	14899.5563019333	15826.4851547589	17773.9434267714	21558.7630298305	19786.527981405	11866.0336899315	14590.5733811492	11175.6837899503	10825.1291573386	11213.7562306373	11333.9588726212	13021.4656729268	11542.7338563823	30915.8490881711	17184.9811213416	30378.5391873226	29330.0054491178	38059.8456415148	28982.2983897426	38236.3809946658
LOC110898014	377.833899767132	190.852305171775	511.268133947413	319.679456182879	192.165696597693	164.349452298349	136.649353054232	3230.88185490704	1480.52460316255	5577.05103951171	3435.87743055837	795.890219606186	3390.5253951805	1669.06017117932	3911.83102574583	2582.81442156001	2787.06439199802	315.494362213146	4009.59772413051	669.190425855568	274.445959250946	181.411009944973	455.91478085997	1236.03485843176	0	2.87966619698391	1.03705610287689	1.942948522909	12.9649505418711	6.02788847158851	0	2.06379768891622	0	0	0	1.83053901815771	1.08784718155556	0	4.06842081962106	0	0	0.995208225780943	0	1.05286904342571	1.07137309550892	1.02309215720062	0	1.00989263781546	1.88842194342993	0	0	9.27523910532999	0	0	2.8240979308874	0.927008466292103	1.00157466857867	1.99611102547168	5.16977945603231	15.2383516165964	348.544836210427	417.799041945697	352.909104596725	223.275231950024	327.098973312334	228.391063993591	1626.51677875405	1014.23276901405	1785.53260788743	1076.08466120362	1587.70884688143	1650.01456886449	332.425069193437	5893.66175622133	6701.18111139662	4206.57868744601	129.899967802761	93.6325036966919	61.6307916881291	3.67300164134164	1.87692679722902	3.02475207173571	0.825845171220602	3199.94505419164	2.3065997469684	0.960346677773084	6.1798602965898	2.67152147343942	7.77778657384041	2.36151042119603	6.48512683312105	4.27811219450786	123.502532958419	393.650976000455	2031.53698614427	856.757502323166	7519.83484094148	7370.18294887527	8743.02187100731	7461.35115813378	5869.59167934394	9431.99591908355	6764.15510144011	4441.89533907872	6150.35427549083	4646.69478255445	4446.24422767108	4683.30824994395	9468.6643684915	14128.1071575424	8479.81036962166	9054.41260205757	10754.6906702061	6720.28764941413	8416.20837947784	7655.57927541792	6746.0338926449	11.626580760487	1.51008411954875	5.21219233648772	5.62131756163989	15.8461011046024	4.80773012512302	13.1813295174153	16.620915715616	5390.11908859944	6503.82706982164	5.55766097309086	5.31032970106427	5.88958496466481	7.49026077878441	2.8991846300673	3.05753941171365	7.85620073926115	4.48336128036155	0.528783379881831	0.292535213572928	8333.55644928475	8768.30621221551	11814.4371063235	8009.14088186149	7848.73670094807
LOC110898128	0.90390885111754	5.13043831106923	2.81949338573941	0	1.03873349512267	0	0	41.5058594944812	33.1011598268049	40.3510987320857	40.6612713675547	3.27526839344109	72.0930502942221	14.2467381650238	9.37339702654752	2.56104553451662	9.70764330197849	2.57897298811836	11.4324752626896	0	0	0	17.5351838792296	6.82892186978872	24.643990980484	26.8768845051831	28.000514777676	1.942948522909	32.9110282985958	22.1022577291579	2.14000421995896	3.09569653337432	14.6006317548566	6.47065722324657	7.70967394081532	13.7290426361828	25.0204851757778	10.2857726240281	6.5094733113937	4.32098278984023	0.991219571405014	3.98083290312377	8.47582761504973	2.10573808685143	5.3568654775446	2.04618431440123	11.2169342804131	30.2967791344638	4.72105485857483	0.993075572714905	10.3734397576086	9.27523910532999	5.96541912291666	27.4242535522447	33.8891751706488	4.63504233146051	27.0425160516241	30.939720894811	41.3582356482585	27.4290329098735	2.68111412469559	1.79698512664816	0.961605189636852	0	8.70605632390244	0	0	2.41483992622394	9.27067813025666	5.47161692137435	7.15644683075981	0	13.2970027677375	32.19876396537	36.1686678262613	59.2627632708838	0	0	3.42393287156273	12.8555057446958	20.6461947695192	18.9047004483482	23.9495099653974	2.50386936947703	28.4480635459436	49.9380272442004	0.772482537073725	5.34304294687885	3.8888932869202	13.3818923867775	8.91704939554145	5.13373463340944	19.9197633803901	41.028411583146	11.1868776770059	9.86398440174697	88.3758134507288	77.9215829012512	92.2572498165459	59.1982795789732	37.822580293799	76.0644832184157	49.0479275648261	30.2298279137641	24.1442853002781	26.5525416145968	37.3459617816516	36.1645424706097	60.7208937458373	111.159127589427	56.7165130757729	71.2583880842307	116.766603069417	86.0973260465355	103.50329688418	60.86025365395	81.5706261944759	20.4250743089637	19.0270599063143	20.8487693459509	34.0402007899305	7.72980541687924	7.21159518768453	7.97010621983248	9.6633230904744	41.119789614236	48.6477283703575	29.9258667781815	24.3390111298779	23.5583398586592	19.0661183459967	6.08828772314132	10.8712512416485	13.8418774929839	14.0905640239934	13.2195844970458	8.48352119361491	83.724983018515	84.6770276409031	70.4574725776949	68.4541955714657	45.2258269829381
LOC110898466	14.4625416178806	2.05217532442769	34.7737517574527	1.11776033630377	19.7359364073307	45.9211704951268	3.50382956549312	956.689513892595	263.304680440494	208.370427878803	344.652681115463	4.91290259016164	1370.84397126625	49.3156321096977	159.347749451308	98.6002530788898	85.4272610574107	4.29828831353059	55.7904792819254	44.9695966174942	1.01271571679316	1.89959172717249	31.8821525076902	39.2663007512851	4826.27919361799	4787.92499685191	5511.95318679067	3304.95543746821	3519.48542017408	4182.34995120383	1691.67333587756	2433.21747523222	1814.64994667503	3834.32659457525	4289.46983882112	4200.17177716287	5222.75431864822	3080.12136577714	2848.70825789867	2180.36791575338	2772.44114121982	9579.87438136736	4024.13459990083	2115.21390824226	6930.7125548472	4162.96198764931	3182.80510206721	4283.96456961318	3658.8175153955	4549.27919860698	3347.50900978029	3090.97343185122	2174.39527030312	2685.68552028879	2905.05540490617	1638.02395993815	5186.15363390036	4809.62951587401	6316.43653938028	5266.37431869572	41.1104165786658	29.6502545896946	22.1169193616476	19.8173282795879	28.6056136356794	39.3400875778435	137.552764375686	75.6649843550166	166.87220634462	74.7787645921161	234.118046320571	182.043860884111	58.0232848046726	115.915550275332	157.146625727894	142.230631850121	1.09159636809043	3.08678583615468	1.71196643578136	202.01509027379	274.031312395437	212.488833039434	424.484418007389	138.964750005975	577.418803324423	398.54387127583	479.711655522783	282.290769026766	201.250227598121	924.137744828048	679.31703576943	679.364216487849	8.96389352117556	25.5041477408746	30.2045697279159	11.273125030568	648.615345147313	508.288479232777	482.703110647285	722.219010863472	642.983864994584	714.545145385118	383.465615506822	566.809273383078	629.361036827248	410.08925382544	578.8624076156	248.220268775548	647.057023979079	1052.74232599398	770.514580078183	905.671125973771	977.920300706368	540.065045200996	636.468034571378	627.821564009168	533.786729307711	1248.7576200588	1075.78392676653	1083.15871992635	1434.06056905835	1181.11426769915	1215.15378912484	1178.65609289446	1488.15175593306	532.843940417808	422.861023526954	1110.67716985308	1218.27813891916	967.855129193251	1354.37533536383	1286.65813882387	1053.492190636	1574.23298622909	1458.37337648332	1609.61660836029	1032.35676869886	276.487153223933	222.277197557371	235.392010657299	159.055336768994	269.299242489313
LOC110899589	8.13517966005786	0	3.75932451431921	1.11776033630377	4.15493398049067	0	2.33588637699541	16.4379641562302	1.50459817394568	10.5838947493995	20.3306356837773	0	33.3564859570281	32.8770880731318	8.33190846804224	6.40261383629155	3.88305732079139	4.29828831353059	4.11569109456827	5.35352340684454	3.03814715037948	0	3.18821525076902	3.41446093489436	26.6155102589227	22.0774408435433	9.33350492589202	1.942948522909	49.8651943918118	23.106905807756	8.56001687983582	10.3189884445811	16.6864362912646	23.1094900830235	13.4919293964268	13.7290426361828	51.1288175331111	14.9611238167681	21.1557882620295	7.77776902171242	5.94731742843008	28.8610385476474	12.2428621106274	18.9516427816628	36.4266852473033	23.5311196156142	29.9118247477682	208.037883389985	24.5494852645891	29.7922671814471	25.9335993940214	2.3188097763325	25.8501495326389	40.6635483705697	202.39368504693	12.9781185280894	45.0708600860402	75.8522189679238	277.100178843332	10.1589010777309	2.68111412469559	7.18794050659264	10.5776570860054	0	0	0	1.78639953734657	0	10.1977459432823	0	40.8939818900561	7.74654727166429	3.62645530029204	7.7277033516888	4.98878176913949	2.15500957348668	31.6562946746223	2.05785722410312	0	26.6292618997269	6.56924379030158	18.9047004483482	6.60676136976481	5.00773873895406	25.3725972166524	7.68277342218467	5.40737775951608	14.2481145250103	0.972223321730051	23.6151042119604	2.43192256242039	18.8236936558346	81.6710298595995	4.43550395493471	50.3409495465265	28.1828125764199	1.57813952590587	1.19879358309617	1.64745088958118	7.10379354947678	2.36391126836244	0	2.22945125294664	7.55745697844103	1.60961902001854	0	2.0747756545362	0	0	4.35918147409516	2.76665917442795	4.59731536027295	4.86527512789238	0	7.72412663314779	0	4.29319085234084	0.942695737336786	2.71815141518776	10.4243846729754	2.18606794063774	9.66225677109905	1.60257670837434	32.1869674262466	6.18452677790362	1.71332456725983	1.87106647578298	1.28253714763635	3.09769232562082	2.74847298351025	4.42606318746351	3.76894001908749	2.37808620911061	3.36694317396907	3.84288109745276	7.40296731834564	8.19098598004198	0	0	9.60783716968567	2.0133586932784	0
LOC110899592	10.8469062134105	12.3130519465662	22.5559470859153	16.7664050445566	13.5035354365947	24.1690371026983	10.5114886964794	43.9715541179157	27.0827671310222	30.4286974045236	58.0875305250781	47.4913917048959	94.6893794909185	56.9869526600951	45.8254965742323	35.8546374832327	7.76611464158279	21.491441567653	26.0660435989323	23.555502990116	14.1780200351042	16.1465296809662	30.2880448823057	13.6578437395774	198.137687483092	175.659638016018	310.07977476019	38.85897045818	543.530618870749	288.333998557651	60.9901202688303	86.679502934481	81.3463769199151	111.849932001834	97.3346335027934	126.307192252882	810.446150258889	144.935886974941	189.588410194342	126.172697463335	59.4731742843008	146.295609189799	43.320896699143	85.2823925174828	158.56321813532	94.1244784624568	120.582043514441	944.249616357455	124.635848266376	102.286783989635	90.2489258911946	90.4335812769674	141.181585909028	74.707449331977	1751.88208312715	64.8905926404472	182.286589681318	637.757472638201	2188.88462168408	793.410174170786	25.9174365387241	27.8532694630465	33.6561816372898	11.8903969677528	18.6558349797909	14.2061427364435	18.7571951421389	42.6621720299562	19.468424073539	15.5029146105607	50.0951278153187	50.3525572658179	18.1322765014602	19.319258379222	29.932690614837	17.2400765878935	26.1983128341702	15.4339291807734	4.27991608945341	40.4030180547581	35.6616091473514	32.5160847711589	49.5507102732361	23.7867590100318	40.7499288631084	72.9863475107544	22.401993575138	21.3721717875154	14.5833498259508	45.6558681431233	29.1830707490447	52.1929687729959	34.8595859156827	21.0686437859399	39.1540718695206	15.500546917031	11.0469766813411	19.1806973295388	4.94235266874353	42.6227612968607	26.0030239519868	27.6598120794239	31.212317541253	9.44682122305129	14.4865711801668	7.37570600405468	18.6729808908258	4.9315285187195	26.5653910138038	56.669359163237	49.799865139703	45.9731536027295	46.2201137149776	37.5697422748519	46.3447597988868	20.8206130921408	20.0348906442572	23.2531615209741	12.3826897802998	53.7507334700297	27.1697015479261	68.0222876685373	27.2438040423638	13.1813295174153	32.855298507613	29.1265176434172	16.8395982820468	19.2380572145453	22.1263737544345	13.7423649175512	34.0466399035655	33.9204601717874	33.9726601301516	33.6694317396907	29.4620884138045	60.8100886864106	56.751831433148	5.84127788501268	8.46770276409031	30.4248177040046	12.0801521596704	18.5014746748383
LOC110899655	43.3876248536419	26.67827921756	15.9771291858567	72.6544218597452	15.58100242684	29.002844523238	28.0306365239449	136.846051600616	69.963815088474	20.5062960769616	29.0437652625391	37.6655865245726	43.0406270413266	153.426411007948	0	2.56104553451662	10.6784076321763	3.43863065082447	65.8510575130922	57.8180527939211	93.1698459449706	85.4816277227622	1.59410762538451	1.70723046744718	2042.49397246252	981.966173171512	942.683997515094	739.291912966874	6219.18704454677	5840.01928089067	234.330462085506	509.758029162305	178.336287862891	1968.00417547028	2820.7769530958	2305.56389336964	7484.38860910222	1476.4759066673	1405.23255109712	1336.0478786186	373.68977841969	236.859557735865	321.139690747995	861.246877522234	1477.4234987068	2217.04070465374	2628.50159971013	4631.3676370217	961.206769205836	894.761091016129	536.306835468363	2474.17003134678	212.766615384028	688.443330552902	2205.62048402306	2579.86456169092	2209.47371888455	3033.09070320422	3913.52304821646	2942.01775211088	7.14963766585491	12.5788958865371	3.84642075854741	0	4.97488932794425	0	54.4851858890703	17.7088261256422	44.499255025232	25.534212299747	69.5197692130953	54.22583090165	6.0440921671534	0	2.49439088456975	2.15500957348668	0	1.02892861205156	0.855983217890682	89.0702898025348	231.800459457784	108.891074582486	344.377436398991	0	825.762709414688	1009.32435833951	96.5603171342157	231.531861031417	57.361175982073	361.311094442993	85.1172896847138	375.61825067779	0	1.10887598873368	0	0	48.922325303082	39.5601882421737	46.128624908273	42.6227612968607	30.7308464887117	36.8797494392319	53.5068300707194	1.88936424461026	0	5.90056480324374	2.0747756545362	23.0137997540243	5.69258378867225	10.8979536852379	16.5999550465677	18.3892614410918	26.7590132034081	62.6162371247531	46.3447597988868	83.2824523685631	31.4833995838328	311.403825233585	194.19681777397	225.427318553094	236.407633008967	250.832185777731	176.283437921178	102.385210670156	229.600556629672	3.42664913451967	9.3553323789149	58.9967087912722	139.838682128026	53.0062646819833	61.6244182254535	376.024246519728	145.74271195835	353.90313806386	292.699443589318	1211.44272330927	792.185358355488	70.0953346201521	52.9231422755644	49.6404920433759	72.4809129580225	6.1671582249461
LOC110899654	22.5977212779385	2.05217532442769	0	10.059843026734	24.929603882944	9.66761484107933	46.7177275399082	79.3131770538105	53.4132351750716	33.0746710918735	0.968125508751302	0	15.0642194644643	18.630349908108	0	0	2.91229299059355	0	10.5178772416745	17.1312749019025	70.8901001755211	47.4897931793123	0	1.70723046744718	1189.81188453777	419.471376027322	518.528051438445	388.5897045818	6630.0762463353	4631.42764233717	332.770656203618	629.458295119446	238.824619418725	1246.06370527663	1990.05958597295	1886.37045821152	4796.31822347844	1380.16367209686	1445.91675929333	1409.50458604588	337.014654277705	244.821223542112	355.043001208194	1235.01538793836	1979.89748050048	2445.19025570947	2863.12247507544	1050.28834332808	1092.45209427422	1098.34158342268	494.813076437929	619.122210280777	73.5735025159722	416.092122861644	1151.2905898251	469.066283943804	1331.09273454105	1849.39686509951	2878.53320111879	2152.67113837119	5.36222824939119	8.08643306991672	10.5776570860054	6.60577609319598	6.21861165993031	0	18.7571951421389	3.21978656829858	17.6142884474876	10.0312976891863	21.4693404922794	17.4297313612447	7.25291060058408	0	0	5.38752393371671	2.18319273618085	0	0	27.5475123100623	133.261802603261	56.7141013450446	204.809602462709	0	512.065143826985	618.463260485866	66.4334981883404	121.9994806204	44.7222727995824	290.465781807112	58.3661414980895	297.756608737747	0	0	0	0	17.3595347849646	23.9758716619234	28.00666512288	16.5755182821125	21.275201415262	16.1348903796639	26.7534150353597	7.55745697844103	0	0	4.1495513090724	6.57537135829267	17.0777513660167	6.53877221114274	17.9832846337817	18.3892614410918	7.29791269183857	21.9156829936636	30.8965065325912	28.8285412045026	14.3106361744695	177.855262444207	81.8465592795424	111.410611192425	135.53621231954	132.952653170323	88.5423631376823	60.6954242894935	126.782798947024	6.85329826903933	0	41.0411887243632	82.7526378415849	29.4479248233241	31.6633751103159	162.934176209782	73.041219279826	154.879386002577	126.174596033032	689.004743986026	397.847890459182	60.3598714784643	27.5200339832935	38.4313486787427	86.5744238109714	2.05571940831537
LOC110899653	4.5195442555877	80.03483765268	44.1720630432507	196.725819189464	3.116200485368	0	0	2.46569462343452	0.752299086972839	7.27642764021217	3.87250203500521	29.4774155409698	59.1808621818241	229.043713576152	0	0	0	1.71931532541224	91.9171011120246	141.333017940696	28.3560400702084	6.64857104510372	3.18821525076902	15.3650742070246	8566.25126481625	6905.4395403674	7380.72828417483	3038.77148982967	8442.17741053374	10224.3034958927	624.881232228015	1414.73331575207	533.965961320468	2832.29910457536	2283.02719572394	2608.51810087474	14330.2109226313	976.21332904412	1482.53254666992	1221.97393296682	708.721993554585	935.495732234087	972.83665848293	1900.42862338341	3454.10685992076	3154.1931206495	2058.3074404558	14654.5520673401	1833.65770707046	1283.05363994766	4082.98588859474	12558.6737486168	869.956955425347	4475.82731250946	7132.73000744461	5462.86089185936	9108.32003605444	12055.5125383362	14792.8069354909	16215.6379002741	27.7048459551878	11.680403323213	27.8865504994687	9.24808653047438	22.3870019757491	4.37112084198261	1.78639953734657	1.60989328414929	0	0	8.17879637801122	5.80991045374822	0	0	0	0	0	0	0	36.7300164134164	234.615849653628	62.763605488516	210.590518661253	0	349.834294956874	486.895765630953	177.670983526957	143.371652407916	47.6389427647725	223.556319873225	44.5852469777072	231.873680942326	0	0	0	1.409140628821	61.547441510329	93.5058994815015	67.5454864728283	26.0472430147482	44.9143140988864	41.4897181191359	37.9006713000929	1.88936424461026	1.60961902001854	13.2762708072984	10.373878272681	18.0822712353048	17.0777513660167	10.8979536852379	11.0666366977118	43.674495922593	34.0569258952467	56.3546134122778	49.4344104521459	81.6808667460908	47.2250993757492	721.790702887533	657.490625651527	773.684799947396	975.923187784703	1413.00843020552	1199.52866621819	676.845943591927	1558.88728095533	5.1399737017795	0	460.858348383996	1220.4907762946	351.804541889311	474.610160255703	2006.52568246958	1347.35570076181	2090.12350144057	1298.25333075612	4345.01303248901	3029.49467176124	15.5767410267005	8.46770276409031	20.8169805343189	10.066793466392	8.22287763326147
LOC110899667	6.32736195782278	9.23478895992461	10.3381424143778	27.9440084075943	2.07746699024533	0	0	4.52044014296329	0.752299086972839	4.63045395286229	2.90437652625391	0	21.5203135206633	74.5213996324321	0	0	0	0	7.77408317862895	0	10.1271571679316	10.4477544994487	0	0	3510.29007526014	2724.16422234677	2680.79002593676	1301.77551034903	4201.64127945406	4425.47478622457	516.811019120088	1257.88469139443	424.461223159044	2148.25819811786	1699.98310394978	1926.64231661099	5475.13486476911	792.939562288711	1000.83152162678	822.71512318558	740.441019839546	884.740112719259	905.030037562532	1713.01793365364	3086.6258881612	2927.06666175097	1878.83649196919	6754.1619617098	1665.5881541052	1253.26137276621	1968.87886599411	5362.2476077689	368.861749100347	1618.97662349803	3634.61403705209	1908.71043209544	3882.10341541093	5053.15506098155	6508.75233514468	6428.55260198814	8.93704708231864	18.8683438298057	12.5008674652791	11.8903969677528	9.9497786558885	0	0.893199768673283	0	2.781203439077	0	7.15644683075981	6.77822886270625	0	0	0	1.07750478674334	0	0	0	36.7300164134164	183.938826128444	67.3007335961196	123.87677568309	0	343.683362298292	444.640511808938	144.454234432787	132.685566514158	20.4166897563311	178.6876218705	40.5320427070066	216.472477042098	0.995988169019507	0	0	0	17.3595347849646	15.5843165802502	18.1219597853929	7.10379354947678	7.09173380508732	9.21993735980797	6.68835375883992	1.88936424461026	0	2.95028240162187	0	8.21921419786584	7.59011171822966	4.35918147409516	2.76665917442795	6.89597304040942	14.5958253836771	21.9156829936636	18.5379039195547	35.2348836943921	12.8795725570225	643.232724776134	478.394649073045	588.977734023113	937.198555693406	1313.68043059863	971.962773629038	507.941000240862	1422.05462599421	3.42664913451967	3.74213295156596	304.388816372361	1104.99110529646	346.307595922291	373.832106141149	1528.16021850847	1250.87334599218	1984.2518438591	1332.19878045029	4415.34122201329	2552.07720321022	3.89418525667512	4.23385138204515	4.80391858484283	6.04007607983521	10.2785970415768
LOC110908730	611.042383355457	612.574334341666	533.824081033328	419.160126113915	479.894874746672	503.92442359126	536.085923520447	265.062172019211	350.571374529343	370.436316228983	354.333936202976	420.871988557181	381.985564991774	260.824898713512	219.754085844614	279.153963262312	262.106369153419	371.372110289043	351.205640069825	524.645293870765	895.240693645152	580.325272651196	600.97857476996	363.640089566249	144.906666965246	180.459081677658	100.594441979058	136.977870865084	197.466169791575	201.934263798215	129.470255307517	121.764063646057	115.762151770648	148.825116134671	147.447514118093	145.527851943538	180.582632138222	243.118262022482	257.124195800051	214.320746376076	121.920007282817	155.252483221827	145.03082807974	205.309463468014	158.56321813532	169.833298095302	199.100583477332	214.097239216878	171.846396852124	196.628963397551	127.593309018586	121.737513257456	175.979864126042	161.708529566684	143.087628498295	132.562210679771	124.195258903755	143.719993833961	219.19864893577	209.273362201257	167.122780439359	207.551782127862	132.701516169886	199.494438014519	181.583460469965	194.514877468226	150.950760905785	155.354701920406	166.87220634462	174.179805330417	171.754723938236	173.328995203488	220.004954884384	271.757567867723	346.720332955195	229.508519576332	257.61674286934	227.393223263395	368.928766910884	148.756566474337	126.692558812959	107.378698546618	137.91614359384	450.696486505865	146.853517223655	100.836401166174	241.014551567002	405.180756804979	320.833696170917	145.626475973756	149.968558015924	127.487743396334	232.065243381545	171.87577825372	322.18207709777	328.329766515292	293.533951818492	294.903221441658	367.381548376602	291.255535528548	281.30544093513	285.818058154047	222.945125294664	400.545219857375	400.795135984616	321.580781776784	361.010963889299	348.494681989511	440.22647965732	329.118201294184	268.365939919511	264.345633215695	245.696393958565	309.950373767528	355.309825124798	296.293340157388	301.954423281305	189.167611292248	88.490929405557	114.016707360669	152.71246042455	114.401120169813	147.036412993346	136.717975924819	142.630648815402	320.391694077589	342.405165068285	157.324556776726	108.861758871818	118.969616286229	126.653500441264	88.7150496800593	111.770051828199	134.677726958763	161.401006093016	191.419583517223	124.91253619564	276.487153223933	249.797231540664	371.503037227846	310.057238764874	300.135033614043
LOC110905693	12.6547239156456	217.530584389335	5.63898677147882	176.606133135996	4.15493398049067	1.20845185513492	0	0.410949103905754	0	0	11.6175061050156	18.013976163926	4.30406270413266	26.3016704585054	1.04148855850528	5.12209106903324	9.70764330197849	43.842540798012	25.6087445884248	311.575062278352	30.3814715037948	8.54816277227621	0	0	0	0	0	0	0	0	4.28000843991791	0	0	0	1.92741848520383	1.83053901815771	0	0	0	0.864196557968046	0.991219571405014	0.995208225780943	0.941758623894414	0	4.28549238203568	0	1.86948904673551	0	1.88842194342993	0	0	0	1.98847304097222	0	0	0	0	0	0	0	34.8544836210427	44.0261356028799	28.8481556891056	122.867435333445	126.859677862578	145.339767995922	0	0	0	0	0	0	6.0440921671534	0	2.49439088456975	29.0926292420702	3.27478910427128	30.8678583615468	21.3995804472671	0.918250410335411	12.2000241819886	5.2933161255375	0.825845171220602	1.25193468473851	2.3065997469684	0.960346677773084	3.86241268536863	6.23355010469199	9.72223321730051	7.87170140398678	1.62128170828026	5.13373463340944	10.9558698592146	1.10887598873368	2.23737553540118	0	0	0	1.64745088958118	0	0	0	0	0	0	0	0	0	0	0	0	0	0	0	0	0	0	0.628463824891191	0	0.325762021030483	0.312295420091105	0.772980541687924	0	0.306542546916634	0	0	0	0	0	0.785277995288642	0	0.579836926013459	0.679453202603032	0	1.92144054872638	0.528783379881831	0.292535213572928	0	0	0	0	0
LOC110904303	7699.49559381921	10208.5461513656	5465.11801269155	6090.67607251926	6273.95031054091	7076.69406367007	6785.74992517167	6255.87820875729	5210.42347637388	6401.2718431212	7847.62537393805	9586.71058760208	8312.2210973562	7460.90718672938	2221.49509529176	2512.3856693608	3739.38419992211	3648.38712052477	3581.56585029541	5063.36243819357	11867.0027693822	7187.10529975712	9405.2349897686	8384.2088256331	25820.0022300727	19419.5089437271	15621.1760776346	14299.1296543488	24229.4979549814	20336.0864069824	10384.3704773508	22363.3117570961	13416.937680445	23001.3376694349	23850.8400451548	22872.5850318806	20168.68674604	35238.1219396817	40271.6703251011	27568.7343957386	13547.9891019637	19258.274377087	16152.1021584131	18345.1902126496	23309.8644389876	21642.4914934219	25236.2326418827	22824.5835072672	27214.0486267688	26073.1991616298	15701.2384171163	23447.8044582742	19108.2316872226	18520.8277869211	31469.8646098553	17190.4449989208	29279.0322865603	29038.4251430492	26675.0280372355	26948.5168888969	1803.4961012119	1700.84642237248	1813.5873876551	647.366057133206	1094.47565214773	842.533542292148	2154.39784203996	1619.55264385419	2370.51239790663	1753.65322330048	2667.30996877891	2632.8577539569	2592.91553970881	2986.75734542772	3411.07953464913	2648.50676581513	1714.89789427006	1332.46255260677	1263.43122960665	3663.81913723829	4346.96246238241	4351.10585519182	6369.7438056245	2337.36205640681	8229.17903060094	9933.82603488478	5274.5107631394	4276.21537181871	3702.22640914804	5927.39115720205	4326.39023854588	6724.33674732746	1570.67334254376	2426.22066334929	2063.97893140759	2195.44109970311	6370.949266082	5824.9380202643	5474.47930607825	11617.0703845777	11467.3335628262	11066.2298161095	10433.8318637903	5987.39529116991	7349.52044540464	5120.21510801476	7465.04280502125	5590.70949738834	8018.95303030964	13452.4340290577	10787.2041210946	10615.2011668702	11207.1612571001	6344.59022666561	7137.09300902856	6614.54862081088	6356.78458869933	12540.9956257037	8867.51596681419	10608.1144528366	14400.8787066611	7962.85905019815	5478.80912175478	7078.98703594582	7634.79830732201	6613.43282962296	6301.75189043708	9953.77080280572	11416.323802338	8808.85591215034	8725.8133408848	4588.82943247052	4206.15505071407	5100.17069896892	4542.28545718916	15231.6052574961	8632.7141525371	7794.21179123525	7834.74198247456	9370.84385283342	7105.14282857949	9692.71701020695
LOC110904457	1824.0880615552	1213.86170439898	2814.79423009651	2778.75219605118	2870.02064702393	7007.81230792738	3063.51498342948	13095.3041450608	12276.7688003098	14278.9970037836	19421.5658310599	11761.488800847	16853.6335337075	25354.8103219992	7550.79204916328	6882.80987401341	8105.88215715204	1747.68402828154	3465.41190162648	2242.05560278649	2461.91190752417	2558.75005650135	9827.6735104955	9507.56647321334	8133.50278319895	3638.93818425533	5956.85025492486	2691.95517849042	20098.6652515637	17281.9562480443	2204.20434655772	3629.18823595916	1419.3899870257	4737.44546701981	5817.91269758776	5422.97184129222	21442.5557956416	9918.29002027872	9667.38155158357	7639.49757243753	1780.23035024341	1805.30772156663	2163.21955908547	5591.78748963396	8865.61236533631	8612.38977931479	7184.44640660458	8948.65866368279	4827.75069837862	4460.89547263535	3302.90321882257	6717.59192203525	2255.92266498298	6324.60026749699	6878.56119366475	5172.70724190993	7566.89662111186	8875.70767475982	18714.601630837	11764.0074480124	2380.82934272969	2361.23845641568	2439.59236610869	421.448514745904	634.298389312892	355.153568411087	4227.51450513065	3367.09180379824	4251.5329905357	3286.61789743886	4414.50534503155	4305.14364622743	79.7820166064248	167.433572619924	185.832120900446	149.773165357325	36.022680146984	41.1571444820624	45.3671105482062	47.7490213374414	164.231094757539	101.329194403146	133.786917737737	85.131558562219	335.225829892741	433.116351675661	920.79918419188	676.785439937988	171.111304624489	821.018456435822	393.160814257964	1182.47021056197	34.8595859156827	113.105350850835	44.7475107080236	29.5919532052409	3298.31160914327	3294.28476634828	3149.92610087921	13868.9729397618	13902.1621692395	13334.3344066223	13184.9747099264	1280.98895784576	1266.77016875459	758.222577216821	906.67696103232	1574.80144031109	1015.17744231322	8511.3018281708	10446.9050426399	10217.5333882066	8195.55595293471	3926.03806772202	3573.18098049417	3337.70443723241	2770.53916337729	1389.53351683442	956.185264498271	1441.82270508092	1457.79502098528	1014.15047069456	516.830988450725	410.767012868289	987.591619846484	1257.58023236872	1126.38201842135	399.296565297451	431.021760736383	301.154111193194	246.157206502778	724.506239053817	312.548473197395	518.883353588344	378.523788099097	1791.51809103964	1295.05339048735	6053.51098150147	4528.10405309729	4413.19987327562	5881.02074306622	12907.8621648122
LOC110904450	142.817598476571	276.017581135525	234.017951016371	547.702564788849	148.538889802541	453.169445675593	238.260410453532	619.711248689877	484.480612010508	444.52357947478	912.942354752478	375.018231049005	742.450816462884	1504.67473081367	243.708322690236	286.837099865861	330.059872267269	157.31735227522	1156.05189856317	563.190662400046	200.517711925045	210.854681716147	194.48113029691	247.548417779841	2184.4433605101	1914.01813226197	583.862585919689	1702.02290606828	6762.71766341752	4270.75898212046	1357.83267756396	2071.02098082742	927.140116433391	3887.94061156787	3943.49822072703	3798.36846267725	3004.63391545644	2621.93694888861	2927.63562179932	2381.72571375994	1429.33862196603	1242.01986577462	1508.69731547885	1900.42862338341	3180.90672056598	3131.68509319109	3074.37473735655	2023.82484618218	2115.97678761324	2236.40618975397	1804.97851782389	1334.47502627935	1368.06945218889	1400.52825899567	3817.2390365828	1605.57866361792	2419.80439928607	2831.48348963158	1635.71821988862	2014.51008371404	241.300271222603	241.694499534177	237.516481840302	93.802020523383	141.784345846411	71.0307136822174	403.726295440324	298.635204209693	364.337650519087	367.510269885644	607.275631067333	557.751403559829	18.1322765014602	9.0156539103036	11.2247589805639	16.1625718011501	8.7327709447234	0	1.71196643578136	38.5665172340873	86.338632672535	49.9084091836393	107.359872258678	2.50386936947703	195.292111909991	184.386562132432	71.0683934107827	40.0728221015914	11.6666798607606	77.9298438994692	38.1001201445862	104.385937545992	5.97592901411704	19.9597677972062	0	2.81828125764199	142.032557331528	116.282977560329	120.263914939426	464.11451189915	463.326608599038	433.337055910974	370.088907989142	28.3404636691539	22.5346662802595	25.0774004137859	35.2711861271154	41.0960709893292	51.2332540980502	209.240710756568	215.79941560538	321.812075219106	240.831118830673	109.578414968318	103.50329688418	97.6967229708144	81.5706261944759	1359.99571706454	818.465592795424	1212.48624227546	1281.97269947399	631.911592829878	495.196202887671	248.299463002473	709.287914840821	27.4131930761573	29.9370636125277	198.793257883634	603.164948545883	196.31949882216	244.4548745076	894.688376838768	432.811690058132	756.065794954609	511.743666144125	3360.41837914904	2673.47931684299	239.49239328552	254.031082922709	168.137150469499	243.616401886687	612.604383677979
LOC110868884	224.16939507715	1520.66191540092	629.686856148468	1259.71589901435	501.708278144248	402.414467759927	422.79543423617	2889.79409866526	2326.10877692002	4406.86917628123	2319.62871896812	568.25906626203	3512.11516657225	1579.1961304461	3679.57907719916	2060.36113251862	2407.49553889066	1257.67916053905	3793.29529216042	2055.7529882283	147.856494651801	243.147741078079	439.973704606124	662.405421369505	17349.3696502608	14350.3365483031	14839.2357760654	7689.21877941236	13254.1686693436	13950.543219413	6711.05323379129	8406.8798858002	7161.60987575714	10629.4410585875	12374.0266750086	14230.6103271581	15871.6903788956	6513.69928172542	7402.08483921856	9182.08842841049	8612.70685593817	12958.6063078937	9556.96651528051	8784.08642930073	20135.3859569946	15214.4034697304	10520.5496105041	16402.6762233987	11734.6539564736	9813.57280956869	10067.4232847591	11980.1307094219	6306.4422494434	14308.8407068626	13154.6481620735	8950.26674205025	16559.0339956112	13535.6288637235	18145.9258906734	16533.6115040071	426.297145826599	373.772906342817	451.95443912932	541.673639642071	585.793218365435	830.512959976696	1176.34409534271	1184.0765104918	1259.88515790188	875.458707419896	802.54439459235	789.1795033008	505.286105174024	2013.06672311493	1905.71463581129	1500.96416793348	175.747015262558	204.75679379826	71.0466070849266	1110.16474609551	1299.7718070811	800.046922974096	2206.65829750145	1283.23305185698	2225.86875582451	2085.87298412314	1915.75669194284	1012.50663843354	741.806394480029	3219.52587423059	2588.37624726944	2350.39483966262	334.652024790554	558.873498321773	1000.10686432433	765.163361449801	3577.64230522861	2853.12872776889	2957.17434679821	2465.01636166844	2030.59977952334	3282.29770009164	2019.88283516966	1314.99751424874	1788.2867312406	1295.173974312	1209.5942065946	841.647533861462	1918.40073678255	4145.5815818645	3578.67364212255	3521.54356596908	3544.3529306696	2741.02578013607	3455.77425567032	2109.28826479611	2943.69786108837	10379.3942999905	5762.48100019804	6838.72210749292	9228.01736827206	7917.6396885094	6972.41061395966	8527.40057012692	9562.05146448623	1581.39857558083	1362.13639437001	9481.79713247555	7156.99685460937	6480.50665611951	5971.78063908538	7844.32385357309	10853.2457317795	13048.7753231157	12290.8147100197	19082.7346131755	11684.4415005299	1006.64688885052	1223.58304941105	1554.86831529413	841.583933790373	1794.64304345931
LOC110904925	788.208518174495	499.704691498143	693.595372891895	728.77973927006	550.528752415014	1980.65259056613	385.421252204243	143.010288159202	73.7253105233382	99.885506697458	190.720725224006	158.850517081893	176.466570869439	779.186987333224	41.6595423402112	30.7325464141994	132.994713237105	37.8249371590692	144.506487320397	169.171339656288	698.773844587279	780.732199867894	334.762601330747	145.11458973301	1025.19002478814	275.488066178127	147.261966608518	226.353502918898	2399.51315413398	1013.68991130547	100.580198338071	215.666858491744	119.933760843465	1125.8943568449	1118.86643066082	1077.27221218581	356.813875550222	1007.0706469162	1226.22203503379	398.394613223269	295.383432278694	229.893100155398	252.391311203703	310.596367810585	329.982913416747	415.37541582345	696.384669908979	1017.97177891798	416.3970385263	566.053076447496	245.850522255323	934.480339861997	1051.9022386743	1112.1007647393	3727.80926877137	2099.67417615161	856.346341634764	1095.86495298395	1568.5110869602	1084.97063510166	66.134148409158	63.7929719960097	71.158784033127	46.2404326523719	9.9497786558885	30.5978458938783	236.69793869842	122.351889595346	145.54964664503	238.015336079784	452.900849432371	474.476020389438	30.220460835767	0	0	10.7750478674334	51.30502930025	43.2150017061655	339.825337502601	43.1577692857643	31.9077555528934	33.2722727890928	104.056491573796	0	99.1837891196413	186.307255487978	71.8408759478564	58.7734724156673	52.5000593734228	122.011371761795	79.4428037057329	201.926895580771	21.9117397184291	18.8508918084725	4.47475107080236	0	11.0469766813411	16.7831101633464	11.5321562270682	47.3586236631785	52.0060479039737	71.4545145385117	53.5068300707194	17.0042782014923	11.2673331401298	4.42542360243281	8.2991026181448	19.726114074878	0	23.9754981075234	41.4998876164192	57.4664420034119	36.4895634591929	23.4810889217824	32.4413318592207	20.8206130921408	11.4485089395756	107.781545968839	117.484544500893	153.433911905357	143.031302401726	107.830785565465	40.0644177093585	28.8149994101636	83.4911115016988	10.279947403559	5.61319942734894	26.9332801003634	42.4826376085142	14.5276429128399	25.5349799276741	60.5929587684065	37.0301995418653	50.8782524066437	24.9787271334429	165.509197903013	174.350987289465	589.96906638628	194.757163574077	627.712028419464	1113.38735738296	670.164527110809
LOC110906290	13.5586327667631	3.07826298664154	44.1720630432507	12.2953636993415	7.27113446585867	10.8760666962142	42.0459547859174	6.57518566249206	5.26609360880987	9.92240132756205	17.4262591575234	67.1430020655424	8.60812540826532	12.0549322934817	13.5393512605686	1.28052276725831	12.619936292572	22.3510992303591	7.31678416812136	10.7070468136891	1.01271571679316	8.54816277227621	49.4173363869198	20.4867656093661	0.985759639219361	0	2.07411220575378	0	0	5.02324039299043	0	0	1.04290226820404	0.924379603320939	0	0	0	0	0	1.72839311593609	0	0	0	0	0	0	0	1.00989263781546	0	0	0	1.15940488816625	3.97694608194444	0	0.941365976962467	0	4.00629867431469	0	0	0	0	0.89849256332408	0	0	0	0	5.3591986120397	0.804946642074645	1.85413562605133	0	3.06704864175421	2.90495522687411	1.20881843343068	3.8638516758444	3.74158632685462	1.07750478674334	1.09159636809043	3.08678583615468	2.56794965367205	0	0.938463398614511	0	0	10.0154774779081	0	0	0	0	0	1.57434028079736	0	0	0	3.32662796620103	5.59343883850295	4.22742188646299	1.57813952590587	1.19879358309617	0	11.8396559157946	11.8195563418122	4.60996867990398	4.45890250589328	0	0	8.85084720486561	2.0747756545362	3.28768567914633	5.69258378867225	8.71836294819031	8.29997752328384	4.59731536027295	7.29791269183857	3.13081185623766	9.26895195977735	3.20317124494474	2.86212723489389	6.28463824891191	4.53025235864626	1.9545721261829	9.05656718264205	5.0243735209715	1.20193253128076	8.88973386058238	5.79799385428464	1.71332456725983	7.48426590313192	10.6878095636363	3.9827472757982	3.14111198115457	2.38326479324958	0	1.01917980390455	1.4964191884307	0	0.528783379881831	1.46267606786464	1.94709262833756	2.11692569102258	3.20261238989522	8.05343477311362	4.11143881663073
LOC110911072	0.90390885111754	0	1.87966225715961	1.11776033630377	6.232400970736	9.66761484107933	8.17560231948394	9.45182938983234	4.51379452183703	7.93792106204964	11.6175061050156	24.5645129508082	3.2280470280995	2.19180587154212	7.29041990953696	14.0857504398414	1.9415286603957	1.71931532541224	0.457299010507585	0	1.01271571679316	0	15.9410762538451	32.4373788814964	78.8607711375489	62.3927676013179	20.7411220575378	157.378830355629	5.98382332701742	5.02324039299043	159.430314386942	172.327107024504	226.309792200277	59.1602946125401	41.4394974318823	60.4077875992045	2.17569436311111	366.547533510819	244.105249177264	106.29617663007	168.507327138852	128.381861125742	113.952793491224	44.22049982388	9.64235785958027	12.2771058864074	34.585547364607	0	23.6052742928742	29.7922671814471	24.8962554182606	133.331562139119	347.982782170139	1.89132783118929	119.553479074233	23.1752116573026	49.0771587603549	31.9377764075469	1.03395589120646	6.09534064663856	0.893704708231864	2.69547768997224	1.9232103792737	0	0	0	4.46599884336641	0	0	0	4.08939818900561	0	4.83527373372272	7.7277033516888	6.23597721142437	1.07750478674334	7.64117457663298	10.2892861205156	0.855983217890682	2507.74187062601	2997.45209517475	3168.42779514316	1997.71946918264	11.2674121626466	1692.27534769248	2135.81101136734	3724.9107937695	5052.73761343177	3926.80999646768	1246.87750239151	1086.25874454778	1745.46977535921	16.9317988733316	13.3065118648041	8.94950214160472	12.682265659389	0	0	0	14.2075870989536	7.09173380508732	6.91495301985598	8.91780501178656	3.77872848922052	1.60961902001854	1.47514120081094	0	3.28768567914633	0	8.71836294819031	29.0499213314934	13.7919460808188	4.86527512789238	0	1.54482532662956	1.60158562247237	0	1.88539147467357	6.64437012601452	4.56066829442676	7.49509008218652	58.3600308974383	16.0257670837434	45.0617543967452	38.2667594382786	0	5.61319942734894	2.5650742952727	3.54021980070951	1.9631949882216	2.38326479324958	2.8991846300673	4.07671921561819	7.1079911450458	3.20240091454396	1.58635013964549	1.75521128143757	1.94709262833756	4.23385138204515	4.80391858484283	2.0133586932784	6.1671582249461
LOC110886457	1309.76392526932	570.504740190898	5372.07473096215	1019.39742670904	2743.29516061896	4677.91713122726	2730.65117470764	8973.48463288604	5397.74594903012	7498.02793652772	5349.86156135969	2969.03079865435	8822.25252779592	6352.94931866483	9376.52149222304	5561.31037820284	5920.69164987668	2554.04291589988	2624.43902130303	1446.5220245294	651.176205898001	1586.15909218903	5333.88411453657	3662.0093526742	20.7009524236066	8.63899859095172	10.3705610287689	21.372433751999	17.9514699810523	13.0604250217751	3.21000632993843	2.06379768891622	5.2145113410202	17.5632124630978	6.7459646982134	3.66107803631543	2.17569436311111	28.9871773949882	40.6842081962106	19.012324275297	12.8858544282652	1.99041645156189	14.1263793584162	30.5332022593457	9.64235785958027	10.2309215720062	16.8254014206196	13.128604291601	22.6610633211592	24.8268893178726	1.03734397576086	48.6950053029825	18.8904938892361	4.72831957797323	3.76546390784987	17.61316085955	7.0110226800507	12.9747216655659	4.13582356482585	8.12712086218475	1252.97400094107	1218.35591586745	1199.12167147715	548.279415735267	619.373721329059	561.689028194765	3621.92506197016	3541.76522512844	4088.36905544319	3690.605613467	4268.3093597746	4270.28418350494	2299.17266038515	726.404115058747	971.565249539916	936.351659679964	968.245978496207	653.36966865274	351.80910255307	78.9695352888453	33.7846823501224	15.8799483766125	47.0731747595743	528.316436959653	30.754663292912	9.60346677773084	9.2697904448847	32.9487648390862	1.9444466434601	210.174427486447	482.331308213378	54.7598360897007	1545.77363831827	1672.18499101038	547.038318405588	555.201407755472	3601.3143981172	2527.05687316673	2431.63751302182	5147.88239218751	5557.5553919201	5041.00075147501	4949.38178154154	4290.7461995099	4593.85268313291	3693.75356683058	4340.43066928973	4029.05879979383	3876.6495600858	7578.43699271443	8021.92827625383	6406.35895454035	7575.23337412844	3979.26186927806	4311.6074866231	3746.10877096287	3272.84249310116	246.672051269792	198.123036484796	241.715419604618	324.787236894749	236.918536027349	207.533683734477	130.893667533403	172.007151010444	4257.61154964069	3635.48216244633	543.368238215268	179.666154886008	386.749412679656	188.958851464788	82.3368434939112	124.679662677656	95.7708280595645	166.524847556286	125.850444411876	147.437747640756	4244.66192977588	3679.21685099724	3252.2528819386	3785.1143433634	5817.68592553249
LOC110911125	2771.38453752638	1381.11399333984	1325.16189129752	1456.44171820382	2060.84725432337	1191.53352916303	2050.90823900197	634.094467326578	634.188130318103	850.019047061149	1175.30436762408	2376.20721944151	862.964572178598	1072.88897411987	518.66130213563	545.50269885204	510.622037684068	769.393608121976	1180.28874612008	2590.03462423139	5668.16986689131	2236.76925874561	1740.76552691988	1980.38734223873	203.066485679188	927.252515428817	547.565622318998	955.930673271227	211.428424221282	168.780877204478	362.730715283043	381.8025724495	416.118005013412	598.073603348647	537.749757371868	496.991343429819	96.8183991584444	602.185233624917	458.917868453256	239.382446557149	1119.08689611626	968.337603684858	975.661934354613	514.852962235174	293.556228169444	335.574227561802	322.486860561876	180.770782168967	182.232717540989	343.604148159357	442.945877649886	287.53241226523	303.242138748264	121.044981196115	285.233891019628	253.073311297744	234.368472447409	197.614991521696	143.719868877698	115.811472286133	807.909056241605	912.868444337265	945.257901413025	355.390753813944	574.599717377561	438.204864408757	760.113003140964	671.325499490254	908.526456765152	444.112906784885	523.442968192718	567.434587649409	2840.7233185621	3928.24920377514	4135.70008661664	4050.34049336822	2881.81441175872	2854.24796983103	5654.62513738585	4915.39444652545	4675.42465189749	6752.75900014998	5268.89219238744	6075.63902503601	4334.86979113595	3604.18108168238	6172.13547121906	8306.65076808098	7663.06422187626	4484.50828985127	5265.9229884943	4633.19550665202	2215.07768789938	2767.75446787926	6905.65959001574	7438.85337954604	1010.00929657976	815.179636505397	955.521515957083	1472.85319592485	1519.99494555705	1343.80587019201	1415.70154562112	2055.62829813596	2309.8032937266	1767.2191585715	2276.02889302621	2179.73560527402	1669.82457801053	1497.37883635169	1200.73008170173	1248.17112031411	1233.34724492072	690.344014300403	895.998689445144	861.653064890134	924.467096870727	672.456292633574	491.985406148984	559.333390109339	627.713794383121	2067.7229490152	2135.8341080859	2182.88947659335	2091.14311677866	1889.7969976876	1863.58220987985	2807.04630379343	2524.61924538097	2711.17227873403	2446.93200986925	2076.6859505172	2734.4594138759	2435.04812437385	2375.54099840871	807.452221079556	682.777188479213	994.964333080493	825.601019498805	1300.26063029746	1137.5476617023	1071.02981173231
LOC110911761	144.625416178806	13.33913960878	148.493318315609	59.2412978241	133.996620870824	131.721252209706	195.046512479117	382.593615736257	473.948424792888	621.142323105384	327.22642195794	484.739722229282	360.46525147111	325.483171924005	296.824239174005	233.055143641012	233.954203577682	33.5266488455386	105.636071427252	35.333254485174	69.8773844587279	141.519583674351	280.562942067674	551.435440985439	17.7436735059485	10.5587760556077	14.5187854402765	9.71474261454499	130.646809306547	114.529880960182	40.6600801792202	29.9250664892851	10.4290226820404	36.0508045295166	43.3669159170862	69.5604826899931	88.115621706	24.3118262022482	12.2052624588632	8.64196557968046	7.92975657124011	19.9041645156189	34.8450690840933	15.7930356513857	16.0705964326338	42.9698706024259	107.495620187292	45.4451687016957	36.8242278968837	37.7368717631664	45.6431349334777	2.3188097763325	5.96541912291666	11.3479669871357	14.120489654437	26.883245522471	14.0220453601014	13.9727771783017	39.2903238658456	21.333692263235	73.2837860750129	82.6613158258153	73.0819944124007	142.684763613033	93.2791748989547	105.999680418078	289.396725050144	249.53345904314	279.974479533751	467.823246777507	363.956438821499	384.42240835634	61.6497401049647	267.893716191878	412.821691396293	304.933854648366	63.3125893492447	19.5496436289796	14.5517147041416	66.1140295441496	63.8155111057867	25.7103926097536	0.825845171220602	120.185729734897	19.22166455807	4.80173338886542	17.7670983526957	15.1386216828234	10.6944565390306	12.5947222463789	27.5617890407645	4.27811219450786	33.8635977466632	76.5124432226237	145.429409801077	115.549531563322	148.345115435152	195.403354044676	171.334892516442	404.916232320176	408.956649426702	361.882541372463	401.301225530395	281.515272446929	349.287327344023	252.24914533867	383.833496089197	415.892238412011	347.247611109007	292.065158764376	239.316018588017	172.399326010236	308.944970621166	148.713563171289	177.654912562399	140.939534777568	151.692743449376	28.5951040325492	31.1077328627043	23.4548655141948	28.7311786483817	63.7708946892537	46.8753687199495	66.8262752278262	50.2492800704669	308.39842210677	246.980774803353	15.8179581541817	11.9482418273946	9.4233359434637	8.85212637492702	22.9035585775316	30.5753941171365	48.6336236239976	37.7883307916188	56.5798216473559	27.7908452894281	650.328937864745	489.009834626215	799.051791278858	400.658379962402	565.322837286726
LOC110880175	177.166134819038	30.7826298664154	236.83744440211	120.718116320807	47.7817407756427	74.9240150183648	36.2062388434289	7806.80012689761	5679.10580755796	9964.07541313781	2957.62342923523	142.474175114688	3794.03127369294	767.132055039742	11240.7860119475	13966.6618224864	6534.21470656172	2080.37154374881	8673.59033229737	3090.05371043067	76.96639447628	111.126116039591	157.816654913066	944.09844849829	37103.0070605775	34998.5030694101	51083.3095155099	27900.7407889732	45735.358992282	47624.3375178636	14943.6494679734	19309.9230763446	17748.1108002963	24662.4478166026	32680.3441258735	34727.15571347	50113.8561127198	14071.872019909	13570.624485928	21674.0496738386	19099.8099214032	28337.5590208866	25130.8288786224	22110.24991194	41394.6422911781	37211.9079417008	35174.4364143287	47206.4214620459	32201.3709793672	25390.9562431747	23988.5794394698	33708.5377185455	12197.2936333236	35577.7678325017	28241.920674851	31966.0329431506	40045.959973781	44166.9506050991	47101.8606239104	51287.2120909246	5725.07236093332	5749.45391271079	6125.42505798675	2223.50423296977	3210.04733885603	1819.47905047526	2707.28849884872	1821.59425101492	3150.17642866121	1963.39853861983	2673.44406606242	2695.79845053917	378.360169663803	7405.7157120351	8182.84929683105	6668.67712515454	22.9235237298989	13.3760719566703	40.2312112408621	4649.10182752818	4934.4405499151	5049.06739574484	8794.42522832819	2878.19784021385	10681.8634282107	12673.6951065714	5768.12710432951	2710.7037883832	1105.41791680707	11907.5227138108	9496.65760625164	10210.9981858514	56.7713256341119	425.808379673732	920.680032817585	387.513672925774	29037.767276668	27288.1383320182	26919.3475357564	30572.3595057649	24513.7598529185	33180.2495736089	26554.9938738474	23787.0958396432	25908.4277462184	18629.5582250413	24303.9220172371	18618.1640010057	26379.4332767072	33611.4687560107	29889.6023909323	35155.6705600072	30064.967652811	23664.2414153723	25525.1488719002	23682.6465994989	21490.2823432008	44398.4553732631	28563.2411212647	34036.2674813069	40718.6383485787	31695.2941313716	27715.3622388029	38969.2212767771	36977.6721380093	26004.8402818698	24641.9454860619	35005.5689075866	29809.0932494492	26955.0598272803	22982.1628677048	29073.3133887779	30296.1388508666	34396.3173604709	34420.0455097014	62041.6251781554	41793.3358223099	22864.708734568	21529.1342776996	31906.0259343311	19785.2758788469	20172.7745537987
LOC110916097	10.8469062134105	8.20870129771077	5.63898677147882	3.35328100891132	19.7359364073307	25.3774889578332	0	235.062887434091	174.533388177699	294.364572717674	189.752599715255	11.4634393770438	175.390555193406	118.357517063274	154.140306658782	175.431619114388	128.140891586116	20.6317839049468	32.010930735531	6.42422808821345	9.11444145113843	6.64857104510372	28.6939372569212	39.2663007512851	838.881452975676	852.381194307236	1059.87133714018	816.038379621779	1926.79111129961	1897.78022047178	256.800506395075	407.600043560952	75.0889633106908	506.560022619874	822.043983939433	839.302139825311	1945.07076062133	306.703038243747	287.230509865247	302.468795288816	511.469298844987	422.963495956901	601.78376066853	470.632462411294	753.17528614277	809.265896345688	1308.64233271486	1691.5701683409	952.708870460401	516.39929781175	522.821363783472	751.294367531729	105.389071171528	632.649159532818	977.137884087041	715.650535977503	1003.57781791583	1460.15521513253	2907.48396607257	2108.98786373694	24.1300271222603	30.5487471530187	30.7713660683793	84.5539339929086	57.2112272713589	34.9689667358609	37.5143902842779	47.4918518824041	51.9157975294373	137.702359187921	151.307732993207	183.012179293069	18.1322765014602	38.638516758444	48.64062224911	34.4801531757869	5.45798184045212	1.02892861205156	0.855983217890682	114.781301291926	318.139092130319	185.266064393812	407.141669411757	48.8254527048021	708.126122319299	999.72089156178	468.124417466677	331.268662706489	87.5000989557046	684.83802214685	239.949692825479	846.210592073655	18.9237752113706	47.6816675155481	42.5101351726224	71.8661720698708	137.298138753811	136.662468472964	144.975678283144	260.472430147482	262.394150788231	265.073199094479	307.664272906636	187.047060216416	138.427235721594	138.663272876228	180.505481944649	159.452755438597	178.367625378397	239.754981075234	177.066187163389	278.137579296513	206.774192935426	175.325463949309	165.296309949363	180.979175339378	108.760834925968	186.339524080238	147.384210067958	119.228899697157	233.909269648238	170.055719171343	122.597118190637	102.385210670156	263.615453908142	161.052509322424	172.138115772034	116.710880434908	302.246265485575	78.9204385265085	82.3928685666285	224.106971904202	146.422165160953	250.650214062142	105.038749997042	898.931745799113	358.063101413264	313.481913162347	154.535575444648	214.57503012298	235.562967113573	232.296293139636
LOC110937771	559.519578841757	52.3304707729061	124.057708972534	15.6486447082528	140.22902184156	129.304348499436	122.634034792259	2.46569462343452	3.00919634789136	1.98448026551241	0.968125508751302	6.55053678688219	1.07601567603317	0	3.12446567551584	5.12209106903324	3.88305732079139	1.71931532541224	9.1459802101517	6.42422808821345	553.955497085858	148.168154719454	36.6644753838437	0	0	0	0	0	0	0	0	1.03189884445811	0	0.924379603320939	0	0	0	0	4.88210498354528	2.59258967390414	0.991219571405014	0	0.941758623894414	1.05286904342571	0	0	0	0	0.944210971714966	0.993075572714905	0	0	1.98847304097222	0	0	0	0	0	0	0	0.893704708231864	0	1.9232103792737	0	0	0	0.893199768673283	4.02473321037322	1.85413562605133	0	4.08939818900561	1.93663681791607	0	3.8638516758444	3.74158632685462	18.3175813746368	0	0	5.13589930734409	0	0	0	0	0	1.5377331646456	0	1.54496507414745	0	5.83333993038031	0.787170140398678	0	0	0	0	0	0	3.15627905181174	0	0	2.36793118315893	7.09173380508732	0	2.22945125294664	0	0	0	0	0	0	8.71836294819031	4.14998876164192	0	0	0	0	1.60158562247237	0	0	0.604033647819501	0	0	0.772980541687924	0	0	0.386532923618976	0	0	1.28253714763635	0	0	1.02139919710696	0.869755389020189	0.679453202603032	1.4964191884307	1.28096036581759	0	0.292535213572928	0	0	0	2.0133586932784	0
LOC110923014	4157.07680628957	2928.45418795832	4574.1581027979	1911.37017507945	4526.80057174458	3969.7643441182	3631.13537303937	4584.13725406869	3188.24353059089	3988.14384025811	3412.64241834834	2618.57708055615	5807.25660355099	3099.21350236056	3792.05984151773	3159.04966682625	3270.50502843655	1918.75590316006	2515.14455779172	2154.25781891424	5648.92826827224	3802.98263779933	4243.51449877356	3095.20883748174	12314.1094131283	8569.8866022241	9063.87033914402	6819.74931541058	7241.42352957891	6675.88648228428	3810.27751363692	5494.86134673942	4784.83560652013	7990.33729110619	7539.09740487478	7337.71565428519	5613.29145682667	6197.6455410962	7252.36695305651	6402.83229798526	4557.62758932025	7626.28063415937	5575.21105345493	4065.12737666668	4009.07812339438	3965.50520130959	5009.29590072781	7833.73719153453	4637.0200820922	5472.83948123184	9937.75528778902	14882.121144502	13040.4062026958	8973.40489507759	9287.5167287117	4603.52404360658	13441.1320523258	13215.2530441352	5218.37538291902	5937.87767993373	2381.72304743792	2356.74599359906	2270.34985273261	1010.68374225899	1671.56281418927	1220.63549512364	1840.88472323564	1367.60434488482	1923.66571202826	1729.0309471543	2361.62745415074	2487.6099926132	1789.05128147741	1756.76456195059	2122.72664276885	1942.74113049825	1076.31401893716	1036.13111233592	1141.88161266617	8253.23468809467	8088.61603265847	10028.5654938398	8853.88608065607	1325.79883113809	8402.94287820589	10054.8297162842	8732.14259908139	10133.9714559136	10843.2067072553	9804.20409866554	8786.53621802489	10212.7094307292	1338.60809916222	1671.07611502165	1156.72315180241	1197.76953449785	1330.37162033865	1199.99237667927	1253.71012697128	3281.95261985827	2978.52819813667	2918.11017437922	2432.33131696478	2116.08795396349	2554.46538476942	1717.06435774393	2323.74873308054	1430.14327042866	2823.52155918143	3533.11658475413	3242.52455242955	3018.13753401919	3439.74951541991	1343.11828632595	1472.21853627797	1335.72240914195	1222.12832929969	10850.4279367464	5558.92166088287	7336.4864756275	9515.32915475588	8785.3103465541	6546.52585370918	7055.99634492708	7581.07023093898	1936.05676100361	1762.54462018757	11971.2017360377	8741.68774290197	10509.3754109479	9032.91403281496	4291.95292635163	5030.33178547155	7293.92122920832	7644.77146319935	7419.88838650185	4899.37975691939	1933.4629799392	1771.8668033859	2968.82168543287	1695.24801974042	3942.86982514887
LOC110926365	576.693847012991	530.487321364558	1681.35788902927	204.55014154359	329.278517953886	603.017475712323	106.282830153291	5860.54517079996	2476.56859431459	2208.72653551531	1617.73772512343	456.899940885033	4619.33529721038	1548.51084824451	848.813175181804	1028.25978210842	659.148980204339	553.61953478274	728.020024728075	632.786466689025	40.5086286717263	106.37713672166	994.723158239934	892.881534474875	6713.02314308385	2797.1157660037	4525.71283295475	4299.74508119761	2308.75850034089	2540.75499077456	4619.19910878141	5639.32718496356	6268.88553417448	5666.44696835735	4703.86481313994	3957.62535725697	1921.13812262711	5119.50955605034	4472.00816492747	4608.76024364359	2264.93672066046	2378.54765961645	3292.38814913487	2898.54847655099	2629.14957637889	3233.99430891115	4158.67838446315	3562.90122621294	6343.20930798114	5403.3241911418	7842.32045675208	3318.21678993181	7906.16881090555	6300.95866960712	10545.1816739336	6746.76761767393	7768.21312949617	7945.51993689002	3551.6384862942	2244.10124807076	94.7326990725776	84.4583009524635	133.663121359522	33.0288804659799	48.5051709474564	79.7729553661826	707.41421678924	987.66952982559	612.791824409965	1136.27244733874	862.863017880183	880.201433742855	631.003222250815	180.313078206072	182.090534573591	182.098308959625	72.0453602939681	63.7935739471967	30.8153958440646	704.29806472726	566.831892763165	658.639763620452	1081.85717429899	515.797090112268	818.07404359146	1573.04785819231	705.276556348311	937.704037177238	487.083884186756	1278.36430800745	1328.64035993568	680.21983892675	318.716214086242	481.252179110416	294.214882905255	140.9140628821	672.287438035901	543.053493142566	395.388213499482	876.134537768803	1094.49091725181	829.794362382717	619.787448319166	268.289722734657	272.025614383133	206.519768113531	257.272181162489	192.329612230061	208.728072251316	656.056811851321	666.764861037135	537.885897151935	644.64895444574	560.41532226654	622.564606631712	669.46279019345	609.633101032399	1131.23488480414	1037.12577330608	1026.15036624602	1199.21441314984	1214.73892126257	1024.0465166512	1252.83938924828	1123.26467603674	272.418606194314	213.30157823926	704.967918817448	719.10714701912	615.265309308651	634.288901403425	386.171392724964	689.305274040776	545.070689385881	335.611615844207	774.667651526883	686.287611042089	780.784143963361	704.936255110518	906.339306340348	700.648825260885	1519.17664274506
LOC110921506	3.61563540447016	22.5739285687046	32.8940895002931	2.23552067260755	6.232400970736	0	0	81.3679225733393	11.2844863045926	11.245388171237	26.1393887362851	1.63763419672055	66.7129719140562	20.8221557796501	11.4563741435581	1.28052276725831	2.91229299059355	7.73691896435507	48.9309941243116	24.6262076714849	3.03814715037948	0	14.3469686284606	6.82892186978872	17672.6988119247	10255.451216192	10519.8971075832	10640.5575857111	8152.95928306123	6270.00865853065	7873.075525229	16425.7658060842	10513.4977657649	21500.1451936417	24718.1783634965	20100.2336888808	8207.80698483666	20197.517152637	26763.6995197952	13973.1941457853	10275.9732967558	12722.7419583836	10417.73389752	7782.80796900287	13256.0993107319	10797.7146270953	20078.3123619394	8274.05038162207	16373.5624605092	22139.6268181061	15220.9481563391	10840.4357043544	11121.5297181576	15154.2642474042	21398.1900223338	14265.7332877692	21108.1861402955	21709.70351303	9461.73036043034	12009.8528540935	1.78740941646373	3.59397025329632	2.88481556891056	0	3.73116699595819	0	8.03879791805955	3.21978656829858	16.687220634462	26.4461484533094	27.6034377757878	16.4614129522866	91.8702009407316	5.1518022344592	14.9663453074185	31.2476388155569	2.18319273618085	0	5.13589930734409	541.767742097892	418.554675782072	778.117470454012	989.362515122281	3.75580405421554	963.389827650469	1064.06411897258	940.883730155797	566.362552369158	402.500455196241	1490.1130757747	967.094538989177	1355.30594322009	24.8997042254877	52.1171714704828	10.0681899093053	7.04570314410498	18.9376743108705	10.7891422478656	18.1219597853929	11.8396559157946	18.9112901468995	11.52492169976	24.523963782413	3.77872848922052	3.21923804003708	4.42542360243281	6.2243269636086	4.9315285187195	18.9752792955742	13.0775444222855	15.2166254593537	18.3892614410918	36.4895634591929	15.6540592811883	26.2620305527025	19.2190274696684	21.4659542617042	313.603448620704	238.895307712613	266.147571181904	337.903644538576	522.148355910193	475.965282387179	497.825096192613	648.602245832642	22.2732193743778	5.61319942734894	229.146637044361	323.045056814743	203.779639777402	233.219483339424	570.849453660251	712.406682929279	604.553352126001	390.692911574364	862.974475967148	580.974934155835	23.3651115400507	21.1692569102258	14.4117557545285	10.066793466392	94.5630927825068
LOC110925968	50.6188956625823	24.6261038931323	135.335682515492	45.8281737884547	43.626806795152	76.1324668734997	9.34354550798165	3314.71547210381	945.639952324858	7750.71842366964	1956.58165318638	117.909662163879	3684.27767473756	157.810022751033	6564.50238425878	3782.66425448105	1693.01299186505	343.003407419741	3147.1317903132	321.211404410673	57.72479585721	25.6444883168286	213.610421801524	648.747577629928	1615.66004868053	1629.89106749289	1622.99280100233	855.868824341414	846.711000772964	942.359897725004	797.151571934711	832.742367477693	1018.91551603535	824.546606162277	622.556170720837	656.24823800954	909.440243780444	848.108706363043	1009.78204742995	1762.09678169685	337.014654277705	588.168061436538	620.618933146419	708.580866225505	775.674121148458	807.219712031287	833.792114844039	2153.09110382256	1131.16474411453	832.19732993509	1254.14886669488	2442.86609936629	2866.38388856146	1635.99857397874	1384.74935211179	1230.14023476962	1853.91471153912	1865.36575330328	2260.22757817733	2908.49337855437	3892.977709058	3754.80042213133	3698.33355934333	1137.51464324835	1730.01776379261	1145.23366059944	2138.32024620384	1733.85506702879	2376.07480478478	1231.11380730923	1623.49108103523	1688.74730522282	118.464206476207	6689.61520144527	6833.38382827882	5925.19882230164	4.3663854723617	2.05785722410312	5.99188252523478	1341.56384950004	1457.43365804834	1423.14584975165	1954.77552027916	3545.47902717947	1545.42183046883	1869.79498162419	827.32879720596	614.449938891068	574.58398314246	1884.48531611444	1681.26913148663	1380.11899394824	31.8716214086242	115.323102828302	1763.05192189613	208.552813065507	11409.9487722994	10881.449353764	12049.4558063967	23437.7828509071	17800.2518507692	23561.5499229893	19552.287488342	10742.9250948539	14518.7635605672	8437.80766863855	12651.9819413617	8192.91271243267	14001.8585922042	24502.9590658889	19351.3975955363	19019.0936454492	19947.6280243588	6231.88099984105	7444.51324902784	6275.01246884674	7936.67882236076	5914.15882413855	3867.92946381218	4614.74478991782	6540.09068754792	5526.81087306866	4758.45089134051	6460.38417626806	5698.26835999095	11191.4360733412	11392.9237710426	4313.59993988359	3913.71298968437	3758.34048545144	3893.57373937175	3261.87262728872	3952.37927954184	4533.02782655369	4587.11906999277	3482.03855652186	2191.67382008838	7344.43339408927	9454.19013610683	17324.5317231382	9897.67133615663	22670.4736349019
LOC110884547	24.4055389801736	0	73.3068280292246	19.0019257171641	44.6655402902747	18.1267778270237	77.0842504408486	113.832901781894	73.7253105233382	82.0251843078463	141.34632427769	98.2580518032328	446.546505553764	84.3845260543716	88.5265274729488	84.5145026390484	73.7780890950365	16.3334955914163	52.5893862083723	33.1918451224362	33.4196186541742	29.4436717711736	55.7937668884578	93.8976757095948	11.8291156706323	13.4384422525916	16.5928976460302	8.74326835309049	18.9487738688885	15.0697211789713	5.35001054989739	4.12759537783243	18.7722408276727	7.39503682656751	1.92741848520383	3.66107803631543	21.7569436311111	1.87014047709602	10.5778941310148	0	1.98243914281003	0.995208225780943	0	5.26434521712857	7.49961166856244	3.06927647160185	12.1516788037808	7.06924846470822	15.1073755474395	15.8892091634385	5.18671987880429	51.013815079315	0	1.89132783118929	1.88273195392493	3.70803386516841	23.0362173773094	18.9630547419809	4.13582356482585	21.333692263235	0.893704708231864	2.69547768997224	2.88481556891056	0	2.48744466397212	0	41.087189358971	82.1045574916138	25.9578987647186	35.5655099889333	23.5140395867822	25.1762786329089	0	27.0469617309108	18.7079316342731	62.4952776311138	19.6487346256277	24.6942866892374	26.5354797546112	68.8687807751558	67.5693647002448	25.7103926097536	6.60676136976481	8.7635427931696	23.8348640520068	15.3655468443693	4.63489522244235	21.3721717875154	16.5277964694109	0	4.86384512484079	0	1.99197633803901	3.32662796620103	8.94950214160472	12.682265659389	176.751626901458	117.481771143425	153.212932731049	132.6041462569	94.5564507344976	76.0644832184157	100.325306382599	13.2255497122718	24.1442853002781	36.8785300202734	16.5982052362896	26.3014854331707	62.6184216753947	163.469305278568	109.283037389904	124.12751472737	124.064515761256	137.755721674457	220.910021708027	129.728435420262	167.434443241293	87.0422397474299	41.3763048756358	48.5385411335419	60.2730160775833	18.1650427296662	8.81417189605888	5.82430839141604	22.0323766462816	44.5464387487557	28.0659971367447	5.98517335563631	7.52296707650772	2.74847298351025	2.72373119228524	3.47902155608076	25.4794950976137	17.9570302611683	29.4620884138045	15.8635013964549	3.80295777644806	109.037187186903	99.4955074780611	33.6274300938998	52.3473260252385	43.1701075746227
LOC110884546	3.61563540447016	1.02608766221385	7.51864902863842	1.11776033630377	27.0070708731894	9.66761484107933	16.3512046389679	333.690672371472	217.41443613515	372.420796494496	93.9081743488763	16.3763419672055	119.437740039681	52.6033409170109	391.599697997985	300.922850305703	151.439235510864	0	5.03028911558344	6.42422808821345	0	0	12.7528610030761	32.4373788814964	1.97151927843872	0	0	0	0.997303887836236	1.00464807859809	0	0	1.04290226820404	0	0	0	0	0	0	3.45678623187219	0	0	0	0	0	0	0	0	0.944210971714966	0	0	1.15940488816625	0	0	0	0	0	1.99611102547168	3.10186767361939	0	5.36222824939119	6.28944794326856	11.5392622756422	0	9.9497786558885	6.55668126297391	11.6115969927527	6.43957313659716	10.1977459432823	17.3267869176854	3.06704864175421	8.71486568062233	0	9.0156539103036	6.23597721142437	12.9300574409201	0	3.08678583615468	0.855983217890682	1.83650082067082	0	0	0	3.75580405421554	0	0	5.40737775951608	5.34304294687885	2.91666996519015	0	4.05320427070066	0.855622438901573	7.96790535215605	2.21775197746735	3.35606330310177	11.273125030568	47.3441857771761	27.572252411212	36.2439195707859	35.5189677473839	9.45564507344976	18.4398747196159	11.1472562647332	3.77872848922052	12.8769521601483	13.2762708072984	8.2991026181448	3.28768567914633	3.79505585911483	58.8489499002846	38.7332284419913	45.9731536027295	41.3548385870852	25.0464948499012	24.7172052260729	16.0158562247237	32.9144632012797	2.51385529956476	0.906050471729252	1.30304808412193	0.62459084018221	0.386490270843962	0.400644177093585	0.919627640749901	0.386532923618976	10.279947403559	3.74213295156596	1.28253714763635	0.885054950177379	0	1.36186559614262	0	1.01917980390455	1.4964191884307	1.92144054872638	0.528783379881831	0.585070427145856	48.677315708439	55.040067966587	65.6535539928521	50.3339673319601	108.953128640714
