gene_id	SRR17624338	SRR17624339	SRR17624340	SRR17624341	SRR17624342	SRR17624343	SRR17624344	SRR17624345	SRR17624346	SRR17624347	SRR17624348	SRR17624349	SRR17624350	SRR17624351	SRR17624352	SRR17624353	SRR17624354	SRR17624355	SRR17624356	SRR17624357	SRR17624358	SRR17624359	SRR17624360	SRR17624361	SRR19745122	SRR19745123	SRR19745124	SRR19745125	SRR19745126	SRR19745127	SRR19745128	SRR19745129	SRR19745130	SRR19745131	SRR19745132	SRR19745133	SRR19745134	SRR19745135	SRR19745136	SRR19745137	SRR19745138	SRR19745139	SRR19745140	SRR19745141	SRR19745142	SRR19745143	SRR19745144	SRR19745145	SRR19745146	SRR19745147	SRR19745148	SRR19745149	SRR19745150	SRR19745151	SRR19745152	SRR19745153	SRR19745154	SRR19745155	SRR19745156	SRR19745157	SRR21049834	SRR21049835	SRR21049836	SRR21049837	SRR21049838	SRR21049839	SRR21049840	SRR21049841	SRR21049842	SRR21049843	SRR21049844	SRR21049845	SRR21049846	SRR21049847	SRR21049848	SRR21049849	SRR21049850	SRR21049851	SRR21049852	SRR21049853	SRR21049854	SRR21049855	SRR21049856	SRR21049857	SRR21049858	SRR21049859	SRR21049860	SRR21049861	SRR21049862	SRR21049863	SRR21049864	SRR21049865	SRR21049866	SRR21049867	SRR21049868	SRR21049869	SRR21049870	SRR21049871	SRR21049872	SRR21049873	SRR21049874	SRR21049875	SRR21049876	SRR21049877	SRR21049878	SRR21049879	SRR21049880	SRR21049881	SRR21049882	SRR21049883	SRR21049884	SRR21049885	SRR21049886	SRR21049887	SRR21049888	SRR21049889	SRR21049890	SRR22540857	SRR22540858	SRR22540859	SRR22540860	SRR22540861	SRR22540862	SRR22540863	SRR22540864	SRR22540865	SRR22540866	SRR22540867	SRR22540868	SRR26867805	SRR26867806	SRR26867807	SRR26867808	SRR26867809	SRR26867810	SRR26867811	SRR26867812	SRR26867813	SRR26867814	SRR26867815	SRR26867816	SRR26867817	SRR26867818	SRR26867819	SRR26867820	SRR26867821	SRR26867822	SRR26867823	SRR26867824	SRR26867825	SRR26867826	SRR26867827	SRR26867828	SRR7882951	SRR7882950	SRR7882952	SRR7882953	SRR7882954	SRR7882955	SRR7882956	SRR7882957	SRR7882958	SRR7882959	SRR7882960	SRR7882961	SRR7882978	SRR7882979	SRR7882976	SRR7882977	SRR7882974	SRR7882975	SRR7882972	SRR7882973	SRR7882985	SRR7882984	SRR7882983	SRR7882982	SRR7882969	SRR7882968	SRR7882971	SRR7882970	SRR7882965	SRR7882964	SRR7882967	SRR7882966	SRR7882963	SRR7882962	SRR7882980	SRR7882981	SRR7882989	SRR7882988	SRR7882987	SRR7882986	SRR7882991	SRR7882990	SRR7882992	SRR7882993	SRR7882994	SRR7882995	SRR7882996	SRR7882997	SRR7882998	SRR7882999	SRR7883000	SRR7883001	SRR7882949	SRR7882948	SRR7882947	SRR7882946	SRR7882945	SRR7882944	SRR7882943	SRR7882942	SRR7883014	SRR7883015	SRR7883016	SRR7883017	SRR7883012	SRR7883013	SRR7883006	SRR7883007	SRR7883023	SRR7883022	SRR7883025	SRR7883024	SRR7883027	SRR7883026	SRR7883030	SRR7883031	SRR7883028	SRR7883029	SRR7883034	SRR7883035	SRR7883008	SRR7883009	SRR7883002	SRR7883003	SRR7883004	SRR7883005	SRR7883010	SRR7883011	SRR7883019	SRR7883018	SRR7883021	SRR7883020	SRR7883032	SRR7883033	SRR7883036	SRR7883037
LOC110875755	14.274	11.820	4.511	17.325	2.922	1.048	2.175	4.580	3.648	1.986	2.043	1.628	2.655	4.064	1.630	2.401	4.132	7.740	9.620	36.686	34.223	15.727	0.227	0.624	19.440	21.208	13.453	22.374	15.194	12.159	9.010	9.934	11.222	24.480	25.154	23.119	15.911	30.558	26.353	11.227	21.478	37.756	24.400	33.322	22.673	20.502	18.420	11.549	16.376	27.874	15.997	15.737	25.220	31.432	23.713	28.243	20.663	19.783	9.199	15.014	4.274	3.611	4.553	2.584	1.625	1.481	3.399	3.369	3.799	2.821	3.303	3.768	2.629	3.961	7.566	3.321	4.865	40.399	81.231	58.530	1.400	1.828	5.059	4.023	3.336	3.237	2.382	39.651	13.980	2.236	5.053	4.696	9.910	3.958	1.675	2.006	1.215	2.539	1.384	2.440	6.146	4.425	5.123	4.558	3.021	5.930	3.969	2.484	3.140	5.334	3.521	3.775	3.264	3.801	4.227	4.435	4.272	15.528	13.897	13.788	14.991	29.631	18.736	2.612	1.422	2.594	4.184	5.091	4.165	6.572	2.845	3.016	4.798	5.673	5.894	6.861	20.129	22.054	19.530	11.643	3.471	15.730	20.291	27.190	20.970	22.446	18.123	12.304	18.521	10.651	8.662	3.603	2.004	1.074	1.369	1.157	1.210	1.593	1.734	1.404	1.437	1.471	1.152	1.361	1.431	7.360	6.600	13.022	8.241	8.668	10.056	8.678	6.211	9.660	8.932	8.285	7.942	0.987	1.670	1.537	1.385	1.596	1.217	1.611	0.972	1.728	1.593	1.551	1.570	4.828	6.901	6.805	7.195	6.442	7.875	1.062	1.407	1.489	1.106	2.082	2.807	1.589	2.488	1.774	2.304	5.578	10.420	10.673	7.232	19.713	8.377	10.373	6.790	6.387	6.932	9.283	6.207	7.555	6.965	2.068	1.946	7.851	7.538	7.930	7.229	7.402	8.017	7.020	7.049	8.193	9.384	10.348	9.195	1.264	3.105	1.600	1.770	2.282	1.835	2.332	2.085	1.651	1.874	1.761	2.171	4.350	4.362	3.947	3.362
LOC110875737	9.036	0.903	36.743	7.434	25.168	41.731	6.397	94.686	62.342	105.723	107.776	8.641	243.987	62.895	46.375	8.459	24.430	1.379	21.798	3.657	2.590	3.904	15.101	13.860	6.347	0.135	8.779	7.305	1.049	6.133	0.000	0.223	0.000	2.236	0.917	0.827	0.536	0.197	0.171	0.246	0.221	0.000	0.000	0.000	0.282	0.210	0.202	0.791	0.260	0.143	1.368	7.619	0.299	0.134	0.701	0.464	2.961	5.505	0.375	0.376	62.262	66.153	51.181	47.088	37.795	19.453	12.270	25.679	40.474	38.605	18.662	43.719	71.398	25.330	8.624	11.505	10.462	0.378	0.910	0.659	35.830	40.676	52.269	48.688	31.060	35.003	25.737	24.695	30.257	36.565	17.820	2.285	9.407	66.227	10.364	8.851	13.613	33.877	43.369	42.405	57.616	54.076	33.867	66.264	39.582	51.451	39.284	50.915	48.768	27.035	22.025	24.107	39.920	53.873	90.107	52.023	68.968	0.084	0.000	0.000	0.512	0.377	0.255	0.246	0.155	0.429	19.047	24.132	27.729	12.896	92.031	109.837	110.485	10.821	4.694	18.291	8.906	16.944	15.582	16.226	60.372	24.898	33.255	52.028	74.656	53.335	34.175	33.558	26.750	6.018	8.686	35.330	32.875	95.781	96.142	75.837	77.619	60.730	59.841	67.732	47.593	51.278	55.961	56.970	53.121	23.752	22.323	20.682	21.579	26.051	36.473	50.656	30.898	25.024	27.147	23.075	45.331	102.226	82.524	86.163	85.312	56.773	76.154	55.685	54.256	66.334	20.051	37.566	35.775	16.976	8.238	8.458	7.069	3.319	6.988	36.023	14.790	47.092	8.335	7.662	0.466	5.196	34.669	23.299	4.456	1.791	0.891	2.769	0.820	1.020	0.779	2.089	2.711	4.952	4.825	36.413	41.560	48.867	46.215	24.728	17.984	10.059	4.057	14.064	1.145	18.264	0.363	1.337	35.797	14.944	2.469	14.851	8.567	19.274	7.029	32.101	57.374	7.484	25.413	20.500	10.661	6.657	1.796	7.646	5.321	7.457	2.386	10.961	4.931
LOC110875557	130.737	213.798	56.809	61.989	39.157	51.808	17.697	113.557	61.497	76.830	40.087	12.311	88.889	94.036	70.944	127.471	93.964	73.138	71.010	85.098	191.842	122.210	15.667	21.133	1124.565	979.067	629.684	729.964	930.889	798.142	422.846	899.890	687.904	970.557	1061.770	1033.675	694.465	1477.943	1806.515	1469.150	723.578	1026.418	826.192	1020.291	1241.785	1156.598	1017.203	841.236	955.159	960.732	725.462	1202.219	1063.674	665.156	1276.168	604.391	1180.118	1256.487	905.867	807.133	125.164	92.459	107.863	67.639	41.702	44.075	61.236	34.272	23.496	30.027	30.943	82.188	46.794	26.784	181.114	193.616	124.802	58.696	35.088	62.798	75.116	77.735	44.955	118.768	135.385	172.420	272.763	85.149	68.409	127.973	52.405	24.930	34.077	52.205	73.127	123.978	112.910	211.284	270.890	261.447	526.463	381.475	454.668	144.241	50.802	184.381	192.792	149.556	164.656	229.954	235.617	171.242	224.711	95.501	113.187	83.820	58.699	148.520	132.867	143.646	31.286	48.453	21.956	112.455	95.406	111.382	51.077	69.197	66.856	864.061	248.188	265.860	250.238	482.648	602.313	216.899	1199.325	1482.030	1440.477	1726.930	258.621	1517.589	1825.377	1444.549	1451.251	1461.423	1393.364	997.797	1572.484	580.230	636.355	341.996	421.883	126.909	115.571	123.808	108.013	182.719	188.585	191.121	170.716	106.048	97.254	66.839	98.311	992.145	1018.069	1524.131	927.420	1329.085	1414.554	1184.038	935.408	942.817	824.463	1129.794	780.653	119.247	113.721	101.597	127.226	209.881	245.123	217.565	193.038	74.143	87.805	89.590	77.278	731.857	868.745	798.668	951.422	1201.393	1687.354	220.855	165.151	215.446	202.668	266.910	274.691	162.365	235.207	110.120	88.382	788.824	1173.723	2273.087	1494.751	1534.266	1042.856	1116.441	926.670	1226.511	1328.083	1060.298	952.347	922.151	824.961	117.790	81.149	1398.201	1556.362	1556.828	1536.930	1450.577	1081.290	1168.075	1168.529	1318.814	1244.828	1181.749	1163.628	240.982	286.808	239.927	202.842	251.455	269.079	292.645	322.326	55.694	75.163	113.069	86.701	1045.258	1130.231	1092.725	962.855
LOC110878958	177.199	258.866	45.703	243.381	130.279	54.525	121.632	48.479	45.052	39.835	42.259	41.489	43.631	86.653	53.898	57.353	73.081	105.101	124.145	234.696	278.321	198.879	19.325	39.147	281.689	277.876	271.377	352.769	236.261	222.026	231.356	287.788	221.763	330.013	360.581	305.816	305.769	343.880	353.450	257.344	408.058	443.878	364.853	451.590	416.848	391.922	299.677	244.385	302.758	345.469	275.590	298.997	291.291	290.707	396.176	257.871	338.610	327.733	211.825	241.806	58.716	70.490	70.457	61.935	49.472	138.706	119.384	161.158	110.849	102.259	104.014	77.573	101.544	97.377	202.523	115.471	126.734	438.178	482.270	460.548	53.849	68.565	63.865	72.909	58.157	62.666	69.311	152.206	134.565	70.395	155.881	231.410	282.483	59.443	70.751	90.945	77.092	75.775	70.025	91.191	79.503	80.131	119.317	84.747	69.687	105.401	88.113	82.225	93.670	98.911	57.026	68.302	119.471	69.662	64.549	73.181	65.317	175.444	180.796	186.909	100.948	253.810	141.048	56.606	30.244	66.948	40.595	70.332	80.650	67.432	42.395	44.762	58.526	57.710	92.031	62.810	157.652	171.608	180.019	175.187	28.997	211.607	232.108	147.803	109.668	159.568	148.603	143.320	151.255	67.707	58.642	23.582	27.431	10.803	12.779	11.171	11.391	8.331	7.795	9.419	6.714	12.997	14.296	10.176	12.716	116.846	107.962	128.356	132.172	111.033	104.134	95.719	88.345	104.920	104.593	101.524	94.460	10.576	11.527	10.384	11.294	9.649	11.543	11.431	10.185	10.554	8.976	10.708	12.179	81.041	103.780	103.517	94.711	107.995	102.517	10.280	14.390	16.692	16.301	8.781	13.968	13.195	12.045	11.745	10.255	115.113	144.978	121.656	108.929	155.090	110.675	114.878	127.832	95.011	96.327	94.371	98.362	95.755	97.321	17.478	12.991	114.625	149.098	128.336	153.604	91.985	144.056	111.649	107.424	83.413	104.080	145.367	120.375	19.928	15.444	10.146	17.274	14.200	13.423	18.594	10.503	14.016	11.586	17.144	17.174	135.857	120.937	96.189	100.454
LOC110937325	107.817	0.822	1.128	0.062	70.939	180.711	88.544	21.733	19.069	29.349	4.127	1.418	9.089	2.862	12.872	8.203	10.330	0.209	1.511	0.124	86.060	130.939	1.475	2.744	453.331	263.820	236.427	173.626	261.065	185.945	90.756	241.134	175.040	327.419	342.388	325.587	205.237	451.918	864.657	466.552	236.080	380.132	260.763	203.944	341.838	279.010	363.750	214.492	363.062	341.765	122.585	366.115	301.092	230.718	369.862	122.473	453.125	446.357	451.662	477.899	23.829	19.311	25.453	22.653	42.060	22.095	40.480	16.549	16.806	21.935	34.192	15.186	32.424	28.146	7.043	7.329	5.534	7.285	2.839	6.587	16.267	25.397	13.192	14.470	6.558	7.733	6.518	19.559	13.217	13.757	15.804	11.915	8.082	12.516	12.783	11.929	13.504	36.182	46.935	59.065	23.866	21.064	21.435	17.205	15.219	9.309	10.506	8.507	8.524	7.090	9.481	10.751	15.049	18.067	28.399	8.420	12.917	7.125	6.004	5.297	0.407	0.300	0.338	31.934	19.605	35.289	3.465	1.434	1.587	7.531	3.711	3.662	5.665	19.605	23.075	20.190	101.998	139.579	136.281	205.125	5.462	238.898	310.555	102.222	75.346	76.633	144.984	82.799	168.656	7.100	8.476	8.213	13.491	5.286	5.266	4.083	3.227	2.724	4.151	3.617	1.677	2.598	2.639	2.362	2.773	56.191	121.792	107.006	63.501	96.671	137.154	121.069	72.372	71.357	59.605	149.389	50.495	4.659	3.939	4.278	4.154	4.119	4.258	4.832	4.346	1.948	0.980	2.122	1.016	74.476	110.826	80.621	106.446	121.890	323.110	29.334	18.084	8.191	9.654	8.572	4.395	7.500	2.014	3.228	4.608	35.888	83.137	175.094	110.837	90.559	59.877	56.922	58.665	179.073	181.627	82.984	51.883	64.358	45.724	6.115	3.113	61.260	62.834	62.988	53.274	129.742	53.033	69.568	46.412	60.402	69.019	83.155	66.617	17.830	14.206	8.781	7.007	8.986	4.960	5.808	9.533	1.600	1.134	2.969	7.179	78.357	66.250	53.741	31.956
LOC110937328	8.202	0.666	1.698	0.000	0.964	2.674	1.281	8.709	1.329	3.750	4.960	0.248	10.649	1.079	7.020	2.436	0.811	0.185	3.378	0.584	2.233	1.652	0.936	0.514	13.938	12.241	7.425	6.788	9.658	5.634	1.840	3.832	3.398	9.373	9.393	7.699	7.108	12.103	31.746	12.535	9.679	15.815	11.072	8.701	15.142	9.124	16.844	7.174	22.712	21.915	2.162	14.445	4.415	6.517	4.864	6.655	8.798	12.051	14.412	17.042	2.329	2.127	4.265	2.462	6.280	0.873	1.287	0.418	1.017	0.882	1.659	1.590	17.126	3.316	0.549	2.496	0.717	0.355	0.640	0.893	1.021	1.856	1.509	4.344	0.271	0.494	0.443	1.130	0.419	0.338	0.127	0.138	0.625	2.962	0.146	0.447	0.551	0.748	3.391	2.420	3.866	2.790	1.179	2.798	0.806	1.537	0.550	0.439	0.227	1.149	0.239	0.377	0.712	1.840	4.981	4.299	4.494	3.326	4.928	5.386	0.288	0.972	0.239	7.925	5.246	7.961	0.000	0.000	0.000	0.968	4.153	6.282	8.650	0.169	0.762	0.265	3.502	4.103	3.051	16.730	3.821	11.716	16.787	2.364	4.161	4.452	5.136	11.401	6.794	0.070	0.367	0.936	0.236	11.391	12.780	13.389	8.238	6.176	7.923	7.188	3.556	6.584	6.131	4.812	6.691	1.528	7.830	3.770	2.036	2.902	5.030	4.998	2.402	2.202	1.735	4.897	1.856	7.954	8.071	8.417	11.012	9.254	10.348	9.361	8.374	4.807	2.694	4.856	4.080	2.133	3.319	3.142	2.543	3.299	8.752	12.735	7.429	1.196	0.770	6.219	1.123	8.270	0.070	4.848	2.117	4.501	15.907	23.279	14.120	24.773	8.744	6.559	8.889	4.419	4.588	5.136	2.848	3.003	1.900	9.058	4.402	9.812	28.075	8.688	7.562	31.820	7.221	21.528	5.720	8.150	10.688	15.917	10.368	10.916	9.810	5.414	4.388	15.744	5.376	12.930	4.446	1.650	1.743	1.364	5.859	19.395	14.857	9.144	5.322
LOC110906934	0.000	0.074	0.000	0.000	0.000	0.000	0.000	0.000	0.000	0.084	0.000	0.000	0.073	0.000	0.000	0.000	0.000	0.000	0.000	0.000	0.000	0.000	0.000	0.000	0.000	0.000	0.000	0.000	0.000	0.000	0.000	0.000	0.000	0.000	0.000	0.000	0.000	0.000	0.000	0.000	0.000	0.082	0.079	0.000	0.000	0.000	0.000	0.000	0.000	0.000	0.000	0.000	0.000	0.000	0.000	0.000	0.000	0.000	0.000	0.215	0.000	0.314	0.157	0.000	0.000	0.000	0.000	0.000	0.000	0.083	0.139	0.000	0.000	0.000	0.000	0.000	0.000	0.000	0.000	0.000	0.096	0.000	0.000	0.000	0.000	0.000	0.090	0.000	0.000	0.000	0.000	0.000	0.000	0.000	0.089	0.000	0.134	0.000	0.000	0.000	0.000	0.089	0.000	0.000	0.409	0.000	0.000	0.000	0.000	0.000	0.000	0.000	0.173	0.000	0.233	0.080	0.073	0.289	0.097	0.000	0.000	0.323	0.097	0.094	0.000	0.000	0.000	0.000	0.095	0.000	0.000	0.000	0.000	0.000	0.000	0.081	0.000	0.000	0.077	0.000	0.000	0.000	0.000	0.000	0.000	0.000	0.000	0.000	0.000	0.000	0.000	0.000	0.000	0.062	0.050	0.146	0.193	0.074	0.000	0.542	0.069	0.000	0.053	0.057	0.064	0.219	0.267	0.213	0.431	0.136	0.268	0.139	0.136	0.065	0.068	0.205	0.063	0.396	0.307	0.000	0.124	0.046	0.000	0.077	0.073	0.105	0.176	0.117	0.066	0.043	0.136	0.363	0.273	0.028	0.263	0.066	0.000	0.049	0.000	0.000	0.000	0.000	0.000	0.000	0.000	0.000	0.262	0.000	0.075	0.034	0.000	0.066	0.075	0.061	0.037	0.251	0.394	0.294	0.315	0.000	0.000	0.028	0.200	0.184	0.145	0.115	0.096	0.109	0.084	0.057	0.064	0.059	0.000	0.000	0.000	0.118	0.000	0.000	0.071	0.000	0.000	0.000	0.000	0.144	0.050	0.078	0.031	0.054	0.184
LOC110927047	935.175	178.379	588.167	293.814	437.841	523.796	430.294	427.431	341.763	173.537	583.981	311.788	658.890	718.838	146.542	153.487	226.347	315.726	396.062	388.412	1100.709	775.554	167.909	338.358	63.728	95.173	39.071	50.843	102.346	93.623	25.003	19.863	82.917	49.398	30.177	25.319	32.353	64.282	82.622	56.965	35.714	50.715	37.283	75.534	30.459	36.109	52.763	64.034	58.913	72.388	31.723	59.776	196.907	37.974	67.325	104.729	73.893	44.199	70.418	36.862	369.652	265.486	259.784	274.948	477.157	304.483	472.889	222.745	107.589	146.979	337.878	172.933	423.391	241.278	735.594	426.105	558.475	87.719	122.044	135.466	137.792	224.898	134.297	183.550	175.798	199.076	195.930	157.122	193.195	244.651	254.072	194.387	219.602	208.708	149.182	91.927	187.929	237.814	268.459	256.932	382.617	375.097	288.725	314.842	139.436	397.661	283.477	253.236	342.332	270.160	235.780	239.825	251.428	261.521	294.433	228.206	232.459	294.870	309.605	302.362	51.730	124.809	51.324	177.042	98.985	222.454	118.939	201.674	191.520	194.174	167.833	209.660	201.042	32.070	31.438	66.159	433.080	588.019	519.386	333.867	222.978	241.109	231.230	732.477	869.541	777.738	562.060	592.721	395.819	123.076	194.566	93.181	132.934	93.120	103.494	98.651	88.216	64.521	73.366	75.108	48.665	103.260	93.811	85.294	77.699	365.513	295.654	349.658	254.353	413.486	352.495	347.380	469.438	339.395	302.310	398.079	379.971	81.133	71.626	80.322	85.050	53.711	46.882	59.760	59.342	80.192	56.003	84.354	82.238	129.155	118.224	163.136	155.165	73.049	61.793	97.852	112.041	101.300	101.081	59.584	75.343	63.561	48.310	91.925	50.264	145.049	95.258	93.153	139.404	413.942	510.040	503.831	570.571	79.197	95.827	477.667	548.401	462.212	507.969	109.036	78.490	436.489	596.267	435.345	564.725	514.526	546.401	497.176	644.749	906.115	702.018	656.058	768.900	109.545	112.968	101.675	118.725	58.883	54.757	65.722	50.689	65.557	50.742	55.950	52.406	295.564	256.268	321.171	268.605
LOC110930503	561.900	96.737	187.634	172.414	382.441	478.396	346.690	472.194	358.969	429.509	440.266	300.645	473.811	375.122	319.692	247.454	361.543	126.290	205.951	141.457	869.196	609.682	234.137	272.209	612.969	489.077	423.335	352.794	1220.480	1041.648	244.490	369.069	304.772	480.737	483.453	539.107	1085.031	447.814	537.429	552.919	272.250	386.379	389.002	586.493	809.696	662.971	549.852	570.870	596.175	586.121	291.595	485.302	280.714	337.831	518.378	248.817	582.219	618.417	903.065	649.765	176.657	198.062	245.447	239.083	516.528	666.099	743.393	676.776	628.292	617.291	455.305	201.317	299.048	419.842	163.286	165.572	147.749	389.591	205.694	372.418	252.608	292.530	149.750	263.802	267.354	275.345	265.469	364.126	322.222	279.697	222.785	208.738	289.628	145.908	170.398	154.747	200.181	264.389	289.675	271.218	218.336	211.195	189.345	140.388	167.308	149.305	157.015	155.066	138.128	180.978	217.913	226.326	214.126	171.832	127.199	156.737	179.431	218.421	222.717	218.897	70.555	87.985	75.231	520.949	488.776	507.253	540.578	563.851	554.681	129.707	111.922	102.890	98.794	144.156	244.735	469.174	291.998	341.671	309.454	438.740	75.428	346.996	428.700	332.459	373.313	293.788	491.827	510.917	330.214	89.781	108.696	73.456	82.300	130.093	122.966	101.891	113.572	276.652	301.557	298.623	278.262	149.718	157.424	122.924	159.569	586.335	614.058	620.570	497.097	714.173	1137.000	1076.294	695.051	772.304	814.298	895.992	1021.194	148.781	114.398	116.626	136.725	301.487	333.381	291.786	219.051	158.552	123.041	132.219	115.203	533.976	521.107	371.986	347.053	334.347	517.727	76.537	58.470	94.502	62.514	227.960	259.564	185.473	179.002	73.408	80.767	318.541	407.604	556.161	406.280	480.653	442.520	391.941	445.388	270.985	290.202	1062.856	1009.000	934.760	880.191	86.215	78.075	539.431	589.783	538.495	536.190	495.000	443.374	464.101	434.045	616.901	665.317	619.597	648.861	76.172	90.206	71.170	70.491	236.800	205.880	225.299	223.719	48.106	47.737	70.802	99.988	470.208	438.701	493.102	448.055
LOC110930648	11.788	12.943	6.786	28.174	7.506	13.046	26.741	20.135	20.982	14.049	16.798	14.619	22.829	43.396	23.927	38.803	14.888	4.215	10.833	38.396	16.565	20.727	23.431	11.230	2091.082	1780.495	1483.296	1005.912	2004.226	1688.429	459.438	943.021	326.386	1398.765	1572.977	1704.607	2131.225	563.702	758.387	917.126	556.769	766.659	1363.170	1145.311	3019.130	1406.794	1410.321	1716.619	2671.043	1628.738	843.359	1962.826	162.396	836.084	1962.535	519.275	2327.438	2661.496	2672.750	2714.939	1.682	0.689	1.727	4.985	8.432	26.737	14.521	23.594	12.105	25.448	9.603	1.204	9.737	6.498	9.968	1.298	2.757	1.289	1.825	2.129	0.084	0.714	0.887	0.352	0.435	0.226	0.710	3.423	0.576	0.217	0.880	1.478	0.891	1.010	1.016	1.229	2.648	3.837	1.255	0.000	1.878	8.241	2.225	2.344	0.646	0.747	0.515	0.313	2.502	0.819	6.140	6.366	29.988	0.918	2.184	0.919	0.384	39.956	39.248	38.930	34.576	58.949	34.413	21.793	15.187	22.693	19.348	27.904	24.229	40.695	0.545	3.188	47.903	0.723	0.091	0.212	127.939	430.943	210.486	590.626	0.573	1111.116	1195.163	329.695	186.620	74.902	628.846	227.346	643.844	27.645	41.046	0.467	0.421	10.390	11.273	12.854	9.991	8.867	9.197	14.687	7.241	6.729	5.523	4.236	3.942	17.961	71.816	121.293	45.079	107.992	87.729	66.930	123.142	47.214	31.024	72.349	13.748	9.397	10.028	8.212	15.640	3.780	2.921	3.380	5.151	5.833	8.383	6.527	7.210	53.013	68.545	58.335	179.729	262.319	274.805	14.544	16.342	16.879	20.517	13.051	16.940	9.305	10.445	5.495	4.991	63.189	208.016	673.093	229.412	81.094	51.181	37.064	32.303	564.335	519.544	35.905	21.895	30.321	9.817	4.926	3.872	34.093	56.126	111.434	40.969	224.384	114.051	96.801	106.747	44.837	42.291	52.644	26.335	29.466	17.239	12.712	18.762	7.564	4.935	9.272	10.254	5.669	7.081	3.359	2.823	114.704	60.016	72.791	19.556
LOC110933853	0.000	0.000	0.000	0.000	0.000	0.000	0.000	0.000	0.000	0.000	0.000	0.000	0.000	0.000	0.000	0.000	0.000	0.000	0.000	0.000	0.000	0.000	0.000	0.000	0.000	0.000	0.000	0.000	0.000	0.000	0.000	0.000	0.000	0.000	0.000	0.000	0.000	0.000	0.000	0.000	0.000	0.000	0.000	0.000	0.000	0.000	0.000	0.000	0.000	0.000	0.000	0.000	0.000	0.000	0.000	0.000	0.000	0.000	0.000	0.000	0.000	0.000	0.000	0.000	0.000	0.000	0.000	0.000	0.000	0.000	0.000	0.000	0.000	0.000	0.000	0.000	0.000	0.000	0.000	0.000	0.000	0.000	0.000	0.000	0.000	0.000	0.000	0.000	0.000	0.000	0.000	0.000	0.000	0.000	0.000	0.000	0.000	0.000	0.000	0.000	0.000	0.000	0.000	0.000	0.000	0.000	0.000	0.000	0.000	0.000	0.000	0.000	0.000	0.000	0.000	0.000	0.000	0.000	0.000	0.000	0.000	0.000	0.000	0.000	0.000	0.000	0.000	0.000	0.000	0.000	0.000	0.000	0.000	0.000	0.000	0.000	49.852	13.913	11.274	0.979	0.000	0.239	36.605	0.000	4.477	0.000	5.436	3.899	20.817	0.000	0.000	0.000	0.000	0.000	0.000	0.000	0.000	0.000	0.000	0.000	0.000	0.000	0.000	0.000	0.000	0.000	0.000	0.000	0.000	0.000	0.000	0.000	0.000	0.000	0.000	0.000	0.000	0.000	0.000	0.000	0.000	0.000	0.000	0.000	0.000	0.000	0.000	0.000	0.000	0.000	0.000	0.000	0.000	0.000	0.000	0.000	0.000	0.000	0.000	0.000	0.000	0.000	0.000	0.000	0.000	0.000	0.054	0.000	0.000	0.000	0.000	0.000	0.000	0.000	0.000	0.000	0.000	0.000	0.000	0.000	0.000	0.026	0.000	0.000	0.045	0.026	0.000	0.000	0.000	0.000	0.000	0.000	0.000	0.000	0.000	0.000	0.000	0.000	0.000	0.000	0.000	0.000	0.000	0.000	0.000	0.000	0.057	0.000	0.000
LOC110938010	0.122	0.429	1.307	0.455	0.000	0.000	0.000	0.000	0.000	0.030	0.869	2.574	1.278	0.716	0.117	0.070	0.000	0.382	0.386	0.517	0.000	0.000	1.775	1.821	0.463	0.223	0.000	0.117	0.054	0.000	0.063	0.000	0.000	0.116	0.000	0.000	0.056	0.000	0.142	0.102	0.122	0.000	0.057	0.000	0.059	0.000	0.056	0.055	0.054	0.237	0.299	0.593	0.248	0.000	0.465	0.661	0.410	0.410	0.000	0.312	0.000	0.171	0.000	0.000	0.000	0.000	0.127	0.000	0.060	0.120	0.000	0.000	0.000	0.000	0.000	0.000	0.000	0.063	0.315	0.182	0.000	0.066	0.067	0.058	0.240	0.063	0.065	0.056	0.000	0.239	0.448	0.306	0.185	0.000	0.065	0.113	0.000	0.000	0.000	0.000	0.062	0.130	0.000	0.067	0.000	0.124	0.000	0.000	0.134	0.000	0.000	0.200	0.000	0.000	0.170	0.000	0.053	0.421	0.352	0.000	0.000	0.000	0.000	0.068	0.967	0.356	0.000	0.075	0.069	0.286	0.387	0.562	0.362	0.000	0.000	0.000	0.423	0.454	0.113	0.632	0.000	0.377	0.622	0.135	0.000	0.158	0.065	0.067	0.283	0.000	0.455	0.000	0.000	0.045	0.000	0.000	0.047	0.000	0.000	0.000	0.000	0.000	0.039	0.042	0.000	0.000	0.048	0.026	0.000	0.074	0.000	0.017	0.000	0.000	0.025	0.179	0.046	0.000	0.045	0.000	0.000	0.033	0.040	0.000	0.000	0.000	0.000	0.000	0.000	0.000	0.000	0.024	0.066	0.020	0.000	0.000	0.000	0.106	0.157	0.202	0.055	0.000	0.000	0.000	0.000	0.106	0.042	0.153	0.109	0.025	0.249	0.313	0.054	0.067	0.108	0.000	0.057	0.095	0.076	0.047	0.000	0.000	0.042	0.290	0.000	0.522	0.069	0.159	0.101	0.021	0.326	0.171	0.026	0.000	0.049	0.043	0.000	0.000	0.052	0.048	0.104	0.000	0.000	0.052	0.000	0.019	0.225	0.218	0.027
LOC110939970	0.000	0.771	0.769	0.935	0.000	0.000	0.000	0.000	0.000	0.000	4.889	0.788	6.128	7.416	0.000	0.000	0.000	0.357	4.878	2.282	0.000	0.083	0.387	1.276	2.424	0.000	2.384	0.000	84.662	30.527	0.000	0.000	0.000	0.000	0.000	0.000	0.000	0.000	0.000	0.000	0.000	0.000	0.000	0.000	0.000	0.000	0.000	15.964	0.000	0.000	0.000	0.000	0.000	0.000	54.023	0.000	2.374	2.912	2.102	0.000	40.657	17.756	44.436	41.091	33.865	59.086	49.907	44.813	40.737	38.707	28.150	20.480	16.872	25.376	11.985	8.512	10.035	1.149	0.824	1.113	3.182	6.274	7.336	0.381	0.549	1.308	1.624	2.544	1.179	0.782	1.759	2.401	1.689	5.033	2.962	4.363	5.480	22.680	20.304	8.230	5.614	10.029	14.616	14.970	15.391	1.051	1.592	3.218	1.923	1.419	2.494	0.873	10.138	20.875	24.095	5.818	6.311	1.742	1.472	1.979	0.000	0.000	0.000	18.524	12.651	27.739	0.000	0.000	0.000	0.000	0.000	0.000	0.000	0.000	0.000	0.000	0.000	0.000	0.000	0.000	0.000	0.000	0.000	0.000	0.000	0.000	0.000	0.000	0.000	0.000	0.000	0.000	0.000	0.000	0.000	0.000	0.000	0.000	0.000	0.000	0.000	0.000	0.000	0.000	0.061	0.000	0.000	0.000	0.000	0.000	0.000	0.000	0.000	0.000	0.000	0.000	0.000	0.000	0.000	0.000	0.000	0.000	0.000	0.000	0.000	0.000	0.000	0.000	0.000	0.000	0.000	0.000	0.000	0.000	0.000	0.000	0.000	10.801	0.000	1.057	0.000	0.000	0.242	0.000	1.257	0.104	0.000	0.160	0.000	0.163	0.000	0.000	0.035	0.000	0.000	0.000	0.000	0.000	0.000	0.000	0.000	0.000	0.027	0.204	0.000	0.027	0.000	0.000	0.185	0.000	0.274	0.000	0.000	0.000	0.000	8.338	0.000	0.508	0.000	0.935	0.474	0.750	0.269	0.618	0.048	0.000	0.000	0.078	0.000
LOC110941540	6.579	1.406	5.967	1.515	4.262	8.255	0.406	14.285	18.709	14.704	13.133	5.641	14.692	5.741	24.203	22.094	14.012	7.682	12.776	2.951	2.202	3.211	4.770	6.760	45.465	49.808	43.354	38.648	49.458	43.345	25.983	31.689	35.187	35.059	36.575	42.225	52.792	29.630	40.301	31.789	48.987	50.981	48.326	33.169	54.923	52.999	46.762	36.216	39.480	38.324	20.040	23.754	14.583	46.176	29.167	41.768	46.759	39.230	23.526	39.517	32.910	38.352	30.899	27.907	31.941	21.134	15.248	42.811	50.788	60.192	16.975	46.611	15.092	13.729	4.363	3.249	4.251	5.856	0.184	1.654	48.155	42.330	41.909	47.997	27.273	32.126	25.209	23.055	35.895	30.836	23.744	13.677	9.263	34.843	26.780	32.849	21.634	24.759	15.027	10.472	21.035	24.813	20.403	21.202	38.401	20.664	20.813	12.329	16.751	9.818	9.948	13.679	14.450	35.921	27.289	33.212	39.207	10.487	9.021	9.778	10.812	9.804	7.332	18.988	26.503	21.506	24.441	19.469	17.482	16.438	17.356	16.260	16.223	11.641	4.224	4.216	3.353	3.748	4.045	7.772	21.097	7.021	6.197	14.363	12.300	12.021	16.783	14.154	10.653	12.348	12.501	15.245	16.577	21.941	17.889	17.235	17.074	16.037	14.851	20.075	16.456	31.735	25.379	19.918	22.108	19.162	20.835	17.766	15.455	13.556	13.432	13.824	11.623	22.447	20.241	23.873	18.507	19.758	13.619	15.948	16.790	25.004	23.112	25.345	21.601	17.168	18.039	18.978	19.834	13.176	15.706	18.888	15.050	13.688	15.025	17.737	19.588	18.482	17.931	16.043	18.188	21.858	16.086	17.719	17.040	16.437	7.763	15.192	9.734	7.262	11.629	7.349	6.958	14.678	11.599	15.832	12.716	17.453	17.157	23.594	15.889	9.726	10.626	19.445	13.176	10.884	7.312	10.501	10.368	3.332	18.697	7.821	6.461	20.291	22.589	16.046	18.082	17.265	20.754	19.550	21.176	12.921	13.791	16.314	12.098	13.349	9.976	14.245	15.082
LOC110864409	52.275	31.056	45.089	24.034	28.460	31.007	30.777	59.934	34.393	39.041	38.159	26.574	71.413	38.803	40.284	29.433	32.058	40.233	44.377	31.783	38.448	38.414	30.503	40.970	391.024	458.816	230.366	274.655	344.391	233.365	152.834	207.704	224.145	341.201	341.547	387.809	371.429	263.824	315.054	298.386	300.856	447.385	361.934	325.945	517.607	391.122	395.988	364.562	426.232	377.526	215.194	351.779	177.896	343.351	358.920	303.859	477.232	428.465	489.165	423.500	9.665	15.225	11.232	16.231	32.953	18.711	22.440	14.627	16.476	9.843	7.917	12.467	39.401	12.175	5.380	7.114	5.561	25.493	20.290	30.942	20.807	18.667	12.348	18.103	11.092	10.904	14.703	18.011	15.562	13.959	28.371	22.286	24.391	15.099	15.543	15.252	16.860	15.584	11.993	18.123	14.886	12.079	14.808	20.355	12.578	19.154	18.100	16.170	18.027	17.714	13.597	14.120	19.043	13.403	19.555	15.233	16.377	22.650	22.328	21.999	11.580	7.755	11.564	43.814	40.325	39.147	33.207	26.443	33.975	21.299	31.597	26.071	42.060	18.059	17.291	22.304	77.144	81.842	67.997	109.970	23.582	100.756	112.631	127.214	86.519	73.241	138.723	116.377	118.748	15.585	16.972	20.118	13.542	41.901	40.405	37.809	38.583	22.681	24.336	27.209	15.574	25.484	26.710	20.020	26.357	285.097	285.583	288.039	206.931	206.227	295.955	260.731	201.525	204.630	194.218	281.585	200.368	33.905	29.533	34.183	30.581	32.371	41.572	34.792	30.342	30.254	15.344	21.135	18.404	249.132	223.752	194.016	174.311	196.259	291.231	25.805	25.952	44.441	28.988	29.121	29.530	26.146	25.381	28.774	18.780	221.622	237.951	276.879	274.964	258.231	242.922	175.750	218.399	214.548	207.754	248.356	213.813	232.668	199.425	33.382	25.956	342.542	474.658	456.182	456.189	290.707	249.900	258.126	266.018	239.575	292.241	292.528	298.347	27.490	31.748	37.114	43.618	43.365	33.822	41.635	23.984	20.382	17.158	19.257	26.037	435.601	314.630	327.003	347.836
LOC110872387	16.119	13.475	79.117	23.682	8.399	12.078	9.069	68.780	17.140	27.498	12.275	12.300	25.849	22.113	24.041	12.999	10.019	53.679	45.917	29.588	4.064	5.898	15.352	16.526	252.106	175.206	140.921	226.052	117.620	82.752	206.685	368.101	229.535	434.232	494.281	471.027	110.467	483.431	467.507	472.926	223.450	296.794	243.434	157.096	263.042	231.555	514.494	111.187	443.118	510.384	252.574	161.733	223.404	305.063	376.673	233.213	286.240	272.796	127.916	167.165	5.582	5.638	9.577	8.944	56.562	12.333	11.404	14.627	23.849	21.313	6.504	5.994	20.565	11.548	7.794	12.164	7.846	6.670	1.821	4.087	20.146	23.462	6.824	13.240	10.002	16.055	24.829	11.882	22.097	10.288	8.781	14.239	12.738	6.413	12.486	13.800	11.794	7.032	14.746	6.662	6.024	7.909	2.725	2.476	5.355	7.109	7.570	2.873	3.055	2.554	6.030	3.455	2.670	4.636	4.674	5.392	5.776	1.932	2.696	1.628	0.343	2.156	0.427	3.754	3.599	2.824	0.917	1.709	1.715	29.376	5.377	7.817	8.674	6.243	8.165	11.041	63.083	51.982	146.350	98.143	11.090	88.734	92.942	181.103	139.494	59.558	111.607	83.034	102.884	18.170	21.628	9.436	8.990	2.892	3.150	2.552	1.791	3.027	3.573	2.688	2.284	2.784	2.814	1.965	1.505	11.497	14.582	18.278	9.449	16.040	12.407	8.199	13.379	11.998	6.762	12.241	5.890	2.381	2.041	2.534	2.731	3.067	3.039	4.028	1.972	1.985	1.775	2.032	1.781	11.065	16.940	23.532	33.176	24.423	26.337	2.300	1.937	1.970	2.433	3.769	5.792	3.808	5.940	3.383	1.195	18.840	20.666	57.289	43.532	23.755	13.268	17.395	13.406	35.194	26.229	10.547	8.049	10.579	8.670	3.184	2.565	12.041	17.364	21.279	16.722	20.227	12.130	13.735	14.922	17.918	14.694	13.877	17.608	2.592	3.694	2.359	2.068	2.873	3.895	2.950	3.063	1.578	1.141	1.799	1.792	17.250	18.985	22.525	20.929
LOC110865440	0.517	1.986	3.597	1.582	1.484	1.606	1.074	0.909	0.914	1.548	4.142	1.160	2.086	0.885	2.110	2.135	1.394	4.446	4.391	1.984	0.985	0.673	0.626	1.928	0.736	0.828	0.877	0.309	0.634	1.011	0.729	0.522	0.415	1.228	0.744	0.606	0.236	0.868	0.201	0.541	0.324	0.504	0.364	0.578	0.186	0.677	0.296	0.927	0.458	0.188	1.139	0.768	1.051	0.528	0.554	1.574	0.682	0.186	0.384	0.496	2.242	1.450	1.817	2.125	0.718	0.273	0.000	0.261	0.508	0.127	0.322	1.677	0.341	0.633	0.771	0.948	1.007	0.997	0.467	0.322	1.914	1.739	1.555	1.542	1.397	1.853	1.246	2.118	2.189	1.835	0.831	1.750	0.716	2.598	0.343	0.838	1.806	1.402	0.611	1.488	1.054	1.927	1.495	2.055	1.447	2.488	1.353	2.399	1.698	2.082	0.598	0.636	1.401	2.184	2.094	1.859	1.235	0.668	0.223	0.561	0.810	0.828	0.971	1.226	1.912	1.055	1.227	1.108	0.876	0.227	2.185	2.141	1.659	0.951	0.635	1.242	1.044	0.721	1.191	0.817	1.633	0.732	1.318	1.572	1.787	1.001	1.031	1.344	0.899	0.719	0.482	0.994	0.295	0.712	1.008	0.789	0.841	0.624	0.638	0.835	0.635	0.649	0.862	0.530	0.494	0.737	0.282	0.685	0.553	0.967	0.662	0.837	1.439	0.820	0.341	0.760	0.507	0.567	0.993	0.780	0.908	0.635	0.546	0.533	0.903	0.731	0.992	0.676	1.020	0.766	0.334	0.685	0.935	0.735	0.609	0.765	0.921	0.374	0.888	0.802	0.526	1.305	0.850	0.783	0.407	0.478	0.336	0.357	0.519	0.185	1.080	0.714	0.948	0.781	0.631	0.709	1.637	0.930	1.484	0.745	0.644	0.241	0.572	0.779	0.634	1.193	1.103	0.979	1.093	0.880	0.765	0.227	0.628	0.465	0.364	0.362	0.855	0.771	0.931	0.858	0.439	0.552	0.817	0.833	0.155	0.598	0.381	0.356	0.453
LOC110868194	0.000	0.000	0.000	0.000	0.000	0.000	0.000	0.000	0.000	0.000	0.000	0.000	0.000	0.000	0.000	0.000	0.000	0.000	0.000	0.000	0.000	0.000	0.000	0.000	0.000	0.000	0.000	0.000	0.000	0.000	0.000	0.000	0.000	0.000	0.000	0.000	0.000	0.000	0.000	0.000	0.000	0.000	0.000	0.000	0.000	0.000	0.000	0.000	0.000	0.000	0.000	0.000	0.000	0.000	0.000	0.000	0.000	0.000	0.000	0.000	0.000	0.000	0.000	0.000	0.000	0.000	0.000	0.000	0.000	0.000	0.000	0.000	0.000	0.000	0.000	0.000	0.000	0.000	0.083	0.000	0.000	0.000	0.000	0.000	0.000	0.000	0.000	0.000	0.000	0.000	0.000	0.000	0.000	0.000	0.000	0.000	0.000	0.000	0.000	0.000	0.000	0.000	0.000	0.000	0.000	0.000	0.000	0.000	0.000	0.000	0.000	0.000	0.000	0.000	0.000	0.000	0.000	0.000	0.000	0.000	0.000	0.000	0.000	0.000	0.000	0.000	0.000	0.000	0.000	0.000	0.000	0.000	0.000	0.000	0.000	0.000	0.000	0.000	0.000	0.000	0.000	0.000	0.000	0.000	0.000	0.000	0.000	0.000	0.000	0.000	0.000	0.000	0.000	0.000	0.000	0.000	0.000	0.000	0.000	0.000	0.000	0.000	0.000	0.000	0.000	0.000	0.000	0.000	0.000	0.000	0.000	0.000	0.033	0.031	0.000	0.000	0.000	0.000	0.000	0.000	0.000	0.000	0.000	0.000	0.000	0.000	0.000	0.000	0.000	0.000	0.000	0.000	0.000	0.000	0.000	0.000	0.000	0.000	0.000	0.000	0.000	0.000	0.000	0.000	0.000	0.000	0.000	0.000	0.000	0.066	0.000	0.000	0.000	0.000	0.000	0.000	0.000	0.000	0.000	0.000	0.000	0.000	0.000	0.000	0.000	0.000	0.000	0.000	0.000	0.000	0.000	0.000	0.000	0.000	0.000	0.000	0.000	0.000	0.000	0.000	0.000	0.000	0.000	0.000	0.000	0.000	0.000	0.000	0.000
LOC110868195	0.000	0.000	0.000	0.000	0.000	0.000	0.000	0.000	0.000	0.000	0.265	0.000	0.000	0.000	0.000	0.000	0.000	0.000	0.392	0.000	0.000	0.000	0.000	0.000	0.000	0.000	0.000	0.000	0.000	0.000	0.000	0.000	0.000	0.000	0.000	0.000	0.000	0.000	0.000	0.000	0.000	0.000	0.000	0.000	0.000	0.000	0.000	0.000	0.000	0.000	0.000	0.000	0.000	0.000	0.000	0.000	0.000	0.000	0.000	0.000	0.000	0.000	0.000	0.000	0.000	0.000	0.000	0.000	0.000	0.000	0.000	0.000	0.000	0.000	0.000	0.000	0.000	0.000	0.096	0.000	0.000	0.000	0.000	0.000	0.000	0.000	0.000	0.000	0.000	0.000	0.000	0.000	0.000	0.000	0.000	0.000	0.000	0.000	0.000	0.000	0.000	0.000	0.000	0.000	0.000	0.000	0.000	0.000	0.000	0.000	0.000	0.000	0.000	0.000	0.000	0.000	0.000	0.000	0.000	0.000	0.000	0.000	0.000	0.000	0.000	0.000	0.000	0.000	0.000	0.000	0.000	0.000	0.000	0.000	0.000	0.000	0.000	0.000	0.000	0.000	0.000	0.000	0.000	0.000	0.000	0.000	0.000	0.000	0.000	0.000	0.000	0.000	0.000	0.000	0.000	0.000	0.000	0.000	0.000	0.000	0.000	0.000	0.000	0.127	0.071	0.000	0.000	0.000	0.000	0.000	0.000	0.000	0.000	0.000	0.000	0.000	0.000	0.000	0.000	0.000	0.000	0.051	0.000	0.000	0.000	0.000	0.065	0.065	0.000	0.000	0.000	0.000	0.000	0.000	0.000	0.000	0.083	0.054	0.000	0.000	0.000	0.000	0.000	0.000	0.000	0.000	0.000	0.000	0.041	0.000	0.000	0.000	0.000	0.000	0.000	0.031	0.000	0.000	0.039	0.000	0.000	0.000	0.000	0.000	0.000	0.000	0.000	0.000	0.000	0.000	0.000	0.000	0.000	0.000	0.000	0.065	0.000	0.000	0.000	0.145	0.079	0.079	0.000	0.000	0.000	0.000	0.000	0.000	0.000
LOC110889695	2.090	0.118	1.155	0.503	3.838	6.371	5.606	12.453	6.328	14.673	2.978	1.332	4.649	0.726	15.093	6.456	6.481	0.482	9.842	0.857	0.321	1.264	0.458	1.293	20.545	39.314	15.319	19.273	39.831	20.402	20.211	11.311	4.985	12.566	14.105	12.720	12.182	5.194	5.665	6.328	6.019	24.684	11.842	13.470	14.034	9.694	43.873	14.518	29.620	35.070	5.947	13.255	10.076	40.941	21.860	50.492	26.723	18.393	17.477	32.993	46.424	65.625	36.032	44.099	51.464	22.261	17.134	11.170	19.036	17.913	69.737	43.750	75.382	43.006	14.555	28.110	15.488	2.359	1.183	2.015	35.109	33.552	64.275	39.723	19.422	17.753	17.551	14.494	17.867	22.525	15.610	10.011	6.934	76.679	16.161	25.993	17.231	14.410	9.185	9.988	9.351	12.137	9.568	44.460	48.804	45.644	29.593	24.113	30.131	22.261	16.544	21.459	27.580	54.298	75.570	56.603	68.799	5.965	4.820	6.941	4.319	2.507	1.091	30.327	8.338	22.811	16.274	23.633	22.933	28.639	102.416	89.004	85.602	35.585	29.158	84.511	7.006	4.514	3.979	29.470	75.662	7.153	23.726	22.455	12.125	9.406	15.645	13.515	13.994	23.115	23.627	73.392	55.412	103.495	97.330	86.768	94.835	27.422	22.826	34.718	23.356	51.690	52.639	40.883	45.296	62.534	93.432	51.851	42.318	20.823	41.434	56.115	61.736	13.311	10.759	31.781	37.137	101.819	89.052	91.276	97.189	44.116	50.169	39.532	44.016	68.626	38.543	47.548	39.482	66.836	49.847	54.016	22.582	15.682	32.125	87.569	89.603	115.059	80.775	41.799	33.137	34.570	32.498	35.935	34.305	64.573	26.819	40.321	46.787	27.425	72.630	11.101	31.328	31.417	31.772	61.673	42.380	63.543	77.585	41.603	37.403	45.948	92.284	133.422	109.274	63.954	49.904	156.626	118.379	15.024	81.080	52.479	52.726	105.858	101.749	178.643	119.284	48.881	48.015	50.852	39.707	45.071	46.093	50.567	41.082	196.776	65.046	206.998	191.135
LOC110866810	0.000	2.823	1.405	2.375	0.000	0.000	0.000	0.000	0.000	0.000	0.374	3.415	0.916	1.732	0.000	0.000	0.000	1.114	0.415	0.208	0.312	0.000	2.098	2.796	0.000	0.000	0.000	0.000	0.117	0.000	0.000	0.000	0.000	0.000	0.000	0.000	0.000	0.059	0.000	0.000	0.000	0.000	0.000	0.000	0.000	0.000	0.000	0.000	0.000	0.000	0.257	0.071	0.000	0.000	0.000	0.355	0.000	0.189	0.334	0.000	1.198	0.736	0.430	0.801	0.656	1.245	1.429	2.650	2.065	2.581	1.252	1.072	0.636	0.526	0.261	1.348	1.432	0.270	0.068	0.065	0.374	0.848	0.359	0.752	0.580	0.403	0.422	0.777	0.513	0.386	0.301	0.921	0.463	0.480	1.182	0.182	0.210	1.210	2.792	3.023	3.143	3.004	2.574	0.504	1.278	0.997	1.112	1.253	0.575	0.948	0.304	0.215	0.542	0.584	0.365	0.629	1.254	0.151	0.302	0.813	0.000	0.000	0.000	0.586	0.069	0.536	0.000	0.000	0.000	0.000	0.000	0.000	0.000	0.000	0.000	0.000	0.000	0.000	0.000	0.000	0.000	0.000	0.000	0.000	0.000	0.000	0.000	0.000	0.000	0.000	0.000	0.000	0.000	0.000	0.000	0.000	0.000	0.000	0.000	0.000	0.000	0.000	0.000	0.000	0.000	0.000	0.000	0.000	0.000	0.027	0.000	0.000	0.000	0.000	0.000	0.000	0.025	0.000	0.000	0.000	0.000	0.000	0.043	0.000	0.000	0.000	0.000	0.000	0.000	0.000	0.000	0.000	0.000	0.022	0.029	0.000	0.000	0.076	0.056	0.163	0.119	0.041	0.066	0.080	0.000	0.143	0.159	0.066	0.468	0.161	0.321	0.285	0.204	0.000	0.000	0.000	0.000	0.026	0.000	0.101	0.131	0.201	0.067	0.216	0.379	0.067	0.174	0.170	0.218	0.179	0.050	0.230	0.360	0.000	0.053	0.000	0.041	0.104	0.111	0.205	0.111	0.000	0.000	0.000	0.000	0.142	0.169	0.000	0.259
LOC110868334	29.305	78.287	40.050	194.183	13.395	23.860	18.327	52.818	45.892	19.694	67.850	26.121	104.115	200.023	4.636	5.339	10.232	14.272	56.808	53.291	20.958	44.880	22.499	26.018	92.292	7.016	12.334	4.817	323.486	325.866	9.981	26.680	6.159	49.464	43.108	42.028	183.461	113.606	113.503	133.621	2.135	1.039	3.066	5.220	12.593	9.460	28.707	102.701	19.548	36.016	54.522	34.725	37.515	36.512	173.988	184.532	87.922	152.423	206.029	52.756	1.361	0.398	1.796	8.603	67.966	125.839	121.752	197.707	178.924	189.168	33.519	2.183	16.694	30.093	23.155	22.433	10.253	4.455	2.271	3.960	1.213	1.529	0.233	0.678	0.488	1.818	2.129	2.262	2.096	1.182	4.042	1.566	1.431	0.130	12.419	9.207	17.513	13.243	9.466	6.463	0.724	3.250	2.500	1.947	1.383	0.432	0.071	2.862	1.088	0.000	4.682	4.424	23.458	1.263	0.526	0.409	0.185	13.290	17.428	13.907	0.494	0.819	0.574	107.010	102.016	70.289	64.073	73.058	79.710	1.993	0.450	0.196	0.912	0.261	0.959	4.843	1.229	0.704	0.589	0.000	0.000	0.292	0.090	2.827	4.016	4.400	4.532	2.721	1.893	0.431	1.587	0.000	0.000	8.965	9.240	9.162	7.720	31.667	40.403	34.774	33.185	4.459	2.705	4.322	3.688	4.926	9.104	8.905	6.624	36.767	31.277	42.218	36.314	10.651	14.897	22.080	31.605	13.121	11.061	6.851	9.867	23.197	23.243	18.167	25.118	3.121	5.251	2.673	4.032	3.807	5.022	3.848	4.672	17.527	16.429	27.286	24.968	15.559	31.287	32.306	25.822	13.667	25.223	2.065	3.074	60.304	76.618	111.946	107.389	14.664	40.205	12.973	31.775	11.750	17.035	17.727	16.524	22.938	20.067	1.690	1.275	61.935	101.413	61.622	52.160	45.256	112.783	196.946	195.777	36.486	37.101	62.856	52.078	33.261	17.859	17.668	12.882	9.714	5.475	15.974	17.645	1.274	1.675	2.502	1.189	45.758	11.131	21.382	45.546
LOC110868335	0.000	0.750	7.598	3.849	0.000	0.065	0.000	0.090	0.000	0.033	20.360	3.539	38.130	29.052	0.000	0.075	0.064	0.822	8.379	3.688	0.000	0.068	5.605	4.971	2.744	0.241	0.119	0.063	7.094	5.712	0.877	2.390	1.478	16.930	11.979	6.043	4.676	17.951	18.910	22.021	0.857	0.385	0.000	0.914	0.945	5.630	11.544	2.181	1.687	5.110	0.708	0.355	0.868	0.478	7.831	3.379	2.711	1.830	3.964	1.064	0.180	0.000	0.493	0.617	15.402	17.603	19.762	24.156	21.844	21.786	7.690	0.126	3.473	7.608	4.509	3.022	2.322	0.000	0.000	0.000	0.374	0.425	0.288	0.063	0.129	0.269	0.563	0.299	0.057	0.129	0.362	0.132	0.066	0.000	2.648	1.035	2.151	0.784	1.492	0.937	0.000	0.140	0.000	0.649	0.320	0.000	0.000	0.837	0.216	0.146	0.912	0.790	3.257	0.351	0.304	0.063	0.286	1.661	1.439	1.793	0.000	0.253	0.608	14.519	15.000	16.249	15.784	25.283	19.450	0.000	0.000	0.000	0.000	0.000	0.000	0.000	0.000	0.000	0.061	0.076	0.000	0.000	0.000	0.000	0.165	0.000	0.000	0.000	0.000	0.066	0.000	0.000	0.000	0.048	0.000	0.000	0.050	0.000	0.000	0.000	0.054	0.000	0.000	0.000	0.000	0.021	0.026	0.056	0.000	0.027	0.084	0.054	0.053	0.025	0.053	0.000	0.000	0.000	0.000	0.047	0.000	0.000	0.000	0.000	0.057	0.000	0.046	0.000	0.000	0.000	0.042	0.052	0.024	0.352	0.177	0.000	1.170	0.190	0.960	1.251	2.557	0.000	0.000	0.359	0.000	0.086	1.298	2.047	2.170	0.080	0.268	0.104	0.175	0.457	0.379	0.000	0.062	0.000	0.027	0.151	0.000	0.045	0.560	0.288	0.076	0.831	1.521	0.028	0.545	0.963	0.050	0.461	0.083	0.683	0.000	0.000	0.041	0.000	0.278	0.051	1.115	0.000	0.000	0.000	0.000	0.142	0.048	0.213	0.029
LOC110868323	0.066	0.000	0.000	0.000	0.033	0.033	0.000	0.068	0.000	0.033	0.000	0.000	0.000	0.032	0.032	0.075	0.032	0.000	0.000	0.000	0.156	0.068	0.000	0.000	0.093	0.120	0.000	0.125	0.293	0.228	0.067	0.033	0.000	0.094	0.283	0.215	0.120	0.881	0.561	0.742	0.164	0.064	0.216	0.098	0.283	0.031	0.120	0.059	0.232	0.000	0.129	0.071	0.100	0.060	0.156	0.059	0.031	0.031	0.056	0.000	0.000	0.061	0.000	0.031	0.036	0.104	0.238	0.232	0.097	0.000	0.027	0.000	0.000	0.058	0.294	0.834	0.852	0.034	0.474	0.196	0.000	0.000	0.000	0.063	0.258	0.067	0.246	0.090	0.171	0.064	0.000	0.033	0.000	0.000	0.104	0.091	0.236	0.000	0.062	0.000	0.167	0.175	0.297	0.000	0.000	0.233	0.262	0.035	0.108	0.182	0.000	0.359	0.068	0.058	0.000	0.000	0.000	0.000	0.000	0.000	0.183	0.126	0.644	0.000	0.000	0.000	0.000	0.040	0.037	0.000	0.000	0.000	0.065	0.000	0.000	0.000	0.151	0.041	0.060	0.038	0.064	0.000	0.084	0.544	0.289	0.381	0.349	0.108	0.190	0.000	0.000	0.000	0.037	0.000	0.000	0.000	0.000	0.000	0.000	0.000	0.054	0.000	0.000	0.000	0.000	0.000	0.013	0.014	0.000	0.000	0.010	0.000	0.013	0.013	0.013	0.016	0.000	0.000	0.000	0.023	0.000	0.000	0.000	0.030	0.000	0.000	0.000	0.000	0.000	0.000	0.000	0.000	0.000	0.000	0.000	0.000	0.000	0.000	0.000	0.136	0.030	0.021	0.000	0.020	0.000	0.014	0.057	0.066	0.059	0.067	0.013	0.039	0.015	0.012	0.029	0.000	0.000	0.026	0.000	0.000	0.000	0.045	0.034	0.072	0.038	0.022	0.000	0.043	0.022	0.045	0.000	0.023	0.000	0.000	0.000	0.000	0.000	0.000	0.000	0.000	0.000	0.028	0.000	0.028	0.000	0.010	0.024	0.032	0.014
LOC110868318	0.080	0.000	0.000	0.000	0.000	0.000	0.000	0.000	0.000	0.000	0.000	0.000	0.000	0.000	0.000	0.091	0.000	0.000	0.000	0.000	0.000	0.000	0.000	0.000	0.000	0.073	0.036	0.000	0.036	0.000	0.000	0.000	0.000	0.000	0.000	0.000	0.000	0.179	0.000	0.067	0.080	0.039	0.037	0.119	0.038	0.000	0.036	0.000	0.035	0.000	0.039	0.043	0.000	0.000	0.000	0.036	0.038	0.038	0.000	0.000	0.000	0.000	0.000	0.000	0.000	0.084	0.000	0.081	0.000	0.000	0.000	0.000	0.000	0.000	0.000	0.000	0.041	0.000	0.041	0.000	0.000	0.000	0.000	0.038	0.039	0.000	0.000	0.000	0.000	0.000	0.000	0.000	0.000	0.000	0.000	0.000	0.000	0.000	0.000	0.000	0.000	0.042	0.000	0.000	0.000	0.000	0.000	0.000	0.000	0.089	0.000	0.044	0.082	0.000	0.037	0.000	0.000	0.000	0.000	0.000	0.111	0.102	0.046	0.000	0.000	0.000	0.000	0.000	0.000	0.000	0.000	0.000	0.000	0.000	0.000	0.000	0.000	0.000	0.000	0.000	0.000	0.041	0.000	0.000	0.000	0.000	0.000	0.000	0.046	0.000	0.000	0.000	0.000	0.000	0.000	0.000	0.000	0.000	0.000	0.037	0.000	0.000	0.000	0.000	0.000	0.000	0.000	0.000	0.000	0.000	0.000	0.000	0.000	0.000	0.000	0.000	0.000	0.000	0.000	0.000	0.000	0.000	0.000	0.000	0.000	0.000	0.000	0.000	0.000	0.000	0.000	0.000	0.014	0.000	0.000	0.000	0.000	0.000	0.000	0.000	0.000	0.000	0.000	0.000	0.000	0.000	0.000	0.000	0.000	0.000	0.000	0.000	0.000	0.000	0.000	0.000	0.000	0.000	0.000	0.000	0.000	0.000	0.000	0.000	0.000	0.000	0.000	0.000	0.000	0.000	0.000	0.000	0.000	0.000	0.000	0.000	0.000	0.000	0.000	0.000	0.000	0.000	0.000	0.000	0.000	0.000	0.000	0.000	0.000
LOC110868317	14.717	2.227	1.258	7.378	5.127	8.182	5.082	25.011	19.401	10.434	4.626	5.497	3.185	9.439	3.862	4.230	6.552	0.940	2.835	2.751	6.599	11.598	2.159	5.998	33.229	12.511	10.077	3.725	67.332	99.592	0.000	0.063	0.133	1.764	1.246	2.496	11.795	1.496	1.876	3.680	0.310	0.181	0.232	0.000	0.119	0.353	0.283	19.199	0.767	1.142	15.818	8.751	11.883	4.273	10.498	25.836	40.418	36.120	19.343	6.696	0.056	0.000	0.058	0.116	2.199	5.611	3.785	7.372	4.624	4.260	1.129	0.119	0.327	1.212	0.800	0.000	0.064	0.382	0.000	0.000	0.000	0.067	0.068	0.000	0.000	0.190	0.265	0.000	0.000	0.182	0.114	0.124	0.000	0.000	0.525	0.516	0.691	0.403	0.059	0.000	0.000	0.198	0.000	0.068	0.121	0.000	0.000	0.000	0.000	0.000	0.143	0.000	0.192	0.000	0.000	0.000	0.000	0.355	0.357	0.307	0.603	0.079	0.000	0.552	0.327	2.525	0.484	1.592	0.419	9.914	6.995	9.337	9.349	1.215	0.456	8.085	19.064	18.021	7.870	11.097	3.187	18.283	10.803	67.814	77.698	73.495	80.839	49.247	39.513	4.878	7.773	2.072	1.059	77.037	71.022	73.764	69.553	113.052	121.738	111.232	97.092	35.651	28.405	28.231	24.485	191.873	243.106	208.624	167.635	241.767	241.395	271.086	273.998	127.932	172.089	214.847	249.552	69.692	72.136	60.895	67.147	76.443	56.588	70.651	89.775	29.026	28.922	29.723	28.699	103.188	130.036	147.887	161.952	212.728	194.422	46.192	25.285	32.342	31.572	78.319	17.689	23.314	54.045	2.287	7.209	198.073	108.729	293.982	111.031	45.967	98.254	41.366	63.055	175.670	236.908	201.084	183.919	235.380	205.931	5.323	4.114	149.531	169.383	201.999	119.659	321.821	83.453	434.943	491.900	52.890	173.992	112.725	118.441	46.003	53.901	80.370	51.882	14.568	5.505	28.567	10.181	8.512	12.199	10.479	1.518	143.481	90.958	232.537	198.438
LOC110868358	12.551	8.862	28.171	26.292	16.196	69.960	8.578	139.775	120.882	76.683	120.581	41.195	209.255	142.962	14.137	12.734	49.191	7.838	30.955	19.593	7.152	18.335	53.455	62.924	28.564	2.969	2.773	9.589	110.411	71.598	12.763	9.348	19.822	23.930	30.086	15.333	30.034	23.297	35.603	40.464	18.072	13.369	10.154	6.865	9.275	14.240	10.609	28.506	10.054	23.065	9.417	11.288	17.646	14.413	32.818	40.588	24.266	23.885	47.012	16.641	8.391	7.918	16.161	18.061	130.326	173.215	192.068	232.363	242.771	215.179	99.962	9.815	52.651	87.481	39.433	40.087	24.784	4.326	2.356	4.847	9.991	13.974	2.695	3.441	3.602	6.892	11.002	9.027	6.888	8.532	10.815	8.014	4.178	1.757	67.266	58.498	62.453	56.103	50.566	36.049	3.552	6.973	5.380	7.578	8.894	1.217	1.258	19.185	5.329	1.402	16.962	12.875	34.743	5.398	3.616	1.152	3.341	11.523	10.941	11.472	1.422	1.463	0.764	53.428	41.075	69.087	68.455	99.225	92.437	71.263	2.095	3.649	5.163	5.529	7.674	23.208	0.624	1.787	1.772	1.036	1.460	1.608	0.613	0.133	0.076	2.017	2.941	2.566	2.437	38.387	52.650	0.653	2.674	3.176	2.522	2.759	1.887	8.547	12.081	9.755	10.329	3.674	3.625	3.042	1.607	2.544	3.053	2.164	1.749	4.206	3.537	4.951	7.178	0.855	2.244	2.619	1.864	2.310	3.208	1.919	3.021	8.522	7.455	6.613	7.243	2.604	4.989	1.676	1.943	2.261	3.047	2.242	3.606	14.995	9.485	15.317	8.506	6.080	18.427	11.980	18.809	8.950	12.711	2.440	2.129	5.987	11.487	15.635	12.570	2.330	4.410	2.419	4.700	15.445	21.933	1.458	1.269	2.500	1.706	3.369	1.678	5.754	11.729	8.864	10.022	5.463	15.593	23.960	21.828	6.159	5.184	9.822	6.014	11.913	9.754	7.877	5.073	4.732	5.754	8.543	8.359	2.310	1.873	1.446	0.971	8.023	2.749	3.643	8.115
LOC110908794	172.666	70.168	643.802	264.443	578.591	1068.599	665.663	1435.225	1581.008	1242.655	1799.143	1265.678	1446.429	1459.951	656.594	735.348	889.606	576.361	533.064	475.137	75.722	257.899	1366.477	1145.593	264.666	188.666	131.546	88.656	303.234	313.117	12.426	37.854	12.682	101.929	76.472	81.103	191.091	37.772	55.870	84.864	23.809	36.633	32.213	29.342	57.021	57.822	86.778	211.350	59.382	41.844	48.634	260.916	141.719	84.540	175.516	84.337	255.558	354.630	214.607	381.182	681.143	560.787	617.873	516.936	1132.835	910.330	921.301	1014.510	913.428	1009.558	194.762	445.858	145.451	166.960	238.885	170.585	140.147	72.728	74.204	104.725	511.153	448.939	413.564	515.946	340.746	399.126	353.709	205.508	195.729	261.812	186.336	81.359	137.564	443.435	329.499	282.307	437.116	391.196	286.455	174.141	449.792	615.929	649.267	460.188	428.649	443.388	554.095	272.471	404.380	335.363	363.329	332.217	341.348	559.574	558.877	386.085	391.141	219.955	220.738	217.351	101.597	142.693	103.863	454.245	353.628	464.590	396.605	470.350	489.444	481.962	409.584	426.828	370.614	231.686	116.905	77.115	27.794	46.443	33.609	52.056	361.038	116.023	147.130	42.784	22.495	11.292	45.596	20.550	66.434	417.356	500.101	347.059	373.050	480.856	467.221	418.823	460.826	620.123	594.096	676.905	576.649	305.776	312.147	249.165	288.384	40.061	53.845	54.879	39.847	44.531	57.833	60.269	24.058	20.678	22.717	65.668	15.540	500.502	413.045	425.873	409.919	468.587	558.406	509.613	479.967	372.904	319.365	344.584	352.124	16.058	18.122	18.733	22.669	37.606	86.890	355.887	390.777	410.950	353.808	656.226	593.450	565.691	597.457	263.200	276.213	17.682	22.601	127.403	53.477	60.088	30.117	22.861	18.628	57.249	77.820	27.110	10.544	18.231	8.960	307.617	260.017	30.658	53.928	25.229	40.846	103.038	56.614	37.954	31.872	17.298	19.029	30.253	23.155	416.407	398.578	602.530	406.080	458.790	563.895	719.000	551.418	289.263	312.626	337.659	273.579	22.987	13.824	15.965	9.765
LOC110908807	0.257	0.000	0.069	0.000	0.000	0.000	0.000	2.115	1.114	0.416	0.000	0.000	0.336	0.126	0.000	0.073	0.000	0.000	0.000	0.000	0.061	0.000	0.000	0.000	295.356	263.245	358.545	267.702	372.363	472.111	74.104	197.198	112.894	147.350	134.480	137.669	352.721	194.057	202.606	251.579	97.627	168.881	143.256	218.620	299.487	345.267	258.679	374.715	338.371	171.368	162.039	346.128	129.874	215.225	335.188	236.724	345.386	430.767	248.016	278.924	0.176	0.000	0.120	0.060	1.996	0.338	0.000	0.259	0.000	0.126	0.000	0.062	0.000	0.000	0.000	0.000	0.000	0.000	0.000	0.000	0.000	0.000	0.070	0.000	0.000	0.000	0.000	0.000	0.000	0.000	0.000	0.000	0.000	0.000	0.000	0.000	0.102	0.209	0.121	0.282	0.131	0.137	0.000	0.070	0.000	0.000	0.000	0.000	0.070	0.071	0.000	0.000	0.066	0.000	0.178	0.062	0.000	0.000	0.000	0.000	0.000	0.000	0.000	0.072	0.000	0.374	0.717	0.157	0.000	0.000	0.407	0.000	0.444	0.394	0.079	0.000	78.967	110.189	100.879	158.456	0.125	238.925	228.823	77.812	49.545	77.245	152.101	118.001	195.598	0.000	0.137	0.000	0.366	0.047	0.115	0.075	0.000	0.000	0.115	0.059	0.000	0.000	0.041	0.000	0.000	221.589	173.042	139.085	174.608	118.950	181.670	284.860	87.479	77.539	66.826	106.862	110.848	0.000	0.047	0.091	0.000	0.140	0.000	0.942	0.841	0.000	0.134	0.045	0.152	110.202	87.495	91.465	49.247	30.557	72.141	0.709	0.286	0.445	0.662	0.266	0.174	0.162	0.065	0.156	0.101	67.653	41.396	179.831	57.239	73.083	79.012	101.592	63.851	38.783	37.411	62.940	49.579	55.181	54.512	0.049	0.043	159.585	140.199	145.303	119.812	237.659	194.645	149.473	127.948	61.891	77.112	74.080	93.307	0.359	0.258	0.135	0.324	0.051	0.000	0.301	0.218	0.165	0.054	0.055	0.038	66.948	69.433	75.480	42.308
LOC110868941	65.412	12.756	45.116	40.130	25.724	60.714	11.057	73.985	68.035	68.109	120.498	22.324	119.873	161.919	12.307	11.323	12.834	15.981	60.107	31.561	41.896	38.184	36.130	33.658	141.048	88.352	85.884	93.914	457.816	473.298	2.321	3.323	2.275	31.463	25.835	31.633	246.609	47.499	41.566	41.560	6.527	3.879	7.785	13.005	13.930	19.765	23.009	225.133	9.586	13.920	123.520	95.306	67.065	66.193	314.672	170.897	117.479	155.491	254.189	124.685	14.325	10.889	25.305	22.403	156.637	167.359	167.409	131.544	103.575	116.546	83.022	11.327	64.579	81.470	54.857	50.952	35.958	11.561	13.718	24.435	8.274	9.518	5.098	3.990	2.761	3.229	3.156	9.422	17.082	9.597	19.825	8.934	12.087	4.760	53.472	43.423	52.959	112.372	86.317	41.793	13.692	18.242	14.892	27.133	12.013	4.304	6.970	31.624	15.757	2.589	16.968	22.477	54.062	13.167	17.831	1.906	7.264	6.217	5.292	7.222	0.095	2.459	0.396	49.087	21.505	66.092	29.853	85.887	87.626	88.735	26.792	30.080	31.473	2.775	1.431	7.967	19.772	22.509	17.308	25.844	2.065	33.587	62.973	11.521	19.900	15.839	7.073	2.326	8.579	40.319	64.355	0.372	1.329	72.651	73.201	67.045	62.714	108.554	133.367	110.311	105.131	26.345	26.284	28.973	21.780	7.724	14.801	25.673	11.174	18.883	17.825	19.924	20.372	4.930	3.866	6.612	9.093	80.523	86.569	65.262	89.727	75.027	70.114	61.914	83.155	27.804	36.483	29.292	28.383	11.836	16.358	7.671	21.928	21.756	20.930	77.613	151.689	77.076	176.677	112.095	105.779	52.643	82.338	24.922	9.334	28.002	86.729	171.507	91.833	16.757	43.532	8.926	34.754	26.399	26.779	9.798	3.795	12.416	8.927	24.741	17.452	13.242	96.073	38.488	52.763	106.860	82.530	47.565	157.335	40.962	20.980	53.752	41.357	144.099	122.766	146.385	107.853	55.388	51.630	52.952	75.105	13.176	26.909	18.324	19.189	24.346	26.117	25.773	28.640
LOC110872551	0.000	0.000	0.000	0.066	0.062	0.000	0.243	0.085	0.080	0.805	0.928	0.167	0.216	0.182	0.715	0.000	0.122	0.000	0.000	0.263	0.000	0.000	0.120	0.000	0.353	0.511	1.459	0.237	0.166	0.485	0.000	0.000	0.000	0.766	0.952	0.291	0.679	0.111	0.000	0.000	0.000	0.000	0.000	0.000	0.000	0.000	0.000	0.445	0.000	0.060	0.243	0.335	0.063	1.240	0.414	1.734	0.535	0.119	0.105	1.427	0.000	0.116	0.000	0.000	2.135	0.392	1.865	1.378	1.525	1.037	0.154	0.000	0.382	0.276	0.000	0.000	0.000	0.000	0.000	0.185	0.283	0.000	0.136	0.000	0.000	0.000	0.066	0.000	0.000	0.000	0.000	0.124	0.000	0.170	0.066	0.000	0.050	0.404	0.528	0.000	0.253	0.198	0.000	0.000	0.000	0.000	0.000	0.000	0.068	0.000	0.646	0.136	0.512	0.000	0.172	0.059	0.108	1.211	0.786	1.230	0.000	0.000	0.000	3.321	1.442	2.748	0.000	0.228	0.420	0.000	0.000	0.057	0.000	0.000	0.000	0.000	0.000	0.000	0.000	0.000	0.000	0.000	0.000	0.000	0.000	0.080	0.000	0.000	0.000	0.000	0.198	0.112	0.000	0.046	0.000	0.000	0.000	0.000	0.111	0.000	0.000	0.000	0.000	0.042	0.000	0.020	0.000	0.079	0.080	0.050	0.020	0.000	0.075	0.000	0.000	0.030	0.000	0.000	0.000	0.044	0.000	0.101	0.322	0.057	0.000	0.000	0.000	0.000	0.049	0.064	0.040	0.024	0.112	0.041	0.000	0.098	0.110	0.108	0.160	0.411	0.224	0.431	0.565	0.263	0.195	0.108	0.150	0.031	0.138	0.051	0.051	0.024	0.055	0.091	0.055	0.021	0.087	0.048	0.026	0.095	0.041	0.063	0.190	0.453	0.107	0.021	0.165	0.054	0.144	0.021	0.213	0.087	0.105	0.149	0.199	0.304	0.195	1.085	0.578	1.308	0.473	0.159	0.052	0.053	0.408	3.538	3.272	1.950	4.569
LOC110873151	5.545	0.380	0.463	0.921	1.583	2.794	3.382	3.932	3.195	1.690	1.026	2.199	1.069	1.903	1.038	1.067	0.424	0.129	0.455	0.153	6.244	6.003	0.489	1.535	1745.474	2038.069	1363.213	1576.699	1838.838	1443.534	393.224	1161.630	183.069	1645.778	2079.432	2117.652	1490.380	764.883	890.742	984.656	1120.614	1629.192	1730.502	993.384	2049.735	1759.769	1651.173	1540.302	1340.402	992.236	1798.911	2043.476	418.916	1570.527	2264.309	1061.959	2529.282	3237.304	1579.363	2387.611	1.513	0.471	1.148	3.926	1.761	4.027	2.466	2.910	3.755	3.189	7.055	1.039	6.473	5.262	17.196	2.820	3.893	0.445	0.223	0.502	0.903	0.853	0.394	0.206	0.354	0.812	0.309	0.984	0.063	0.494	0.463	0.578	0.218	0.461	0.688	1.201	2.301	2.969	1.703	0.948	2.350	3.529	1.812	0.395	1.754	0.292	0.503	0.229	0.789	0.480	0.584	0.630	3.199	0.705	0.133	0.553	0.626	0.497	1.080	1.340	0.702	1.201	1.582	1.206	0.914	1.681	1.851	3.001	1.872	0.506	0.305	0.332	0.640	1.238	0.796	0.554	460.519	744.743	572.714	870.813	0.630	1561.666	2482.587	696.786	496.112	355.776	1054.958	454.109	1303.042	0.364	2.378	0.196	0.904	1.587	1.901	1.466	1.159	1.835	1.811	3.589	1.593	1.267	1.098	1.084	1.156	413.054	703.866	1129.574	674.577	576.496	548.353	323.700	405.605	318.169	313.515	572.753	276.741	1.750	2.056	0.869	1.119	2.005	1.685	4.164	5.728	1.358	2.212	1.206	1.478	419.116	767.676	778.370	1308.064	1352.582	1524.821	2.616	2.566	2.708	3.033	3.696	2.999	2.229	4.668	5.459	0.681	593.627	1129.409	2904.884	1867.535	1024.524	556.611	574.585	533.497	1739.692	1837.552	741.673	568.585	569.138	469.201	1.052	0.623	873.317	758.813	971.522	671.015	835.665	509.063	515.787	551.514	718.997	546.216	515.532	497.749	2.420	4.980	1.768	1.271	0.688	1.832	2.533	2.323	1.047	1.093	1.177	0.474	578.041	558.352	544.378	313.770
LOC110873322	0.000	0.000	0.000	0.000	0.000	0.000	0.000	2.320	0.239	0.334	0.264	0.000	2.916	0.000	0.071	0.000	0.000	0.000	0.157	0.000	0.000	0.000	0.000	0.079	0.000	0.204	0.336	0.000	0.199	0.000	0.000	0.000	0.239	0.212	0.428	0.209	0.000	0.000	0.000	0.124	0.000	0.000	0.000	0.000	0.071	0.000	0.000	0.000	0.066	0.000	0.218	1.604	0.000	0.067	0.354	0.134	0.000	0.285	0.000	0.316	0.407	0.347	0.139	0.628	0.825	0.078	0.077	0.075	0.876	0.292	0.000	0.143	1.112	0.000	0.000	0.000	0.000	0.000	0.000	0.000	0.000	0.000	0.000	0.000	0.000	0.000	0.000	0.000	0.000	0.000	0.000	0.000	0.000	0.136	0.000	0.000	0.000	0.000	0.000	0.000	0.000	0.000	0.000	0.163	0.000	0.150	0.074	0.000	0.000	0.000	0.000	0.000	0.000	0.066	1.926	0.214	0.258	0.000	0.086	0.000	0.000	0.000	0.000	0.166	0.000	0.087	0.000	0.091	0.000	1.564	2.669	1.435	4.989	0.091	0.182	0.000	49.462	43.270	46.010	103.425	0.289	108.909	97.225	15.774	10.458	16.209	111.280	65.875	151.871	1.126	1.344	0.471	0.085	0.491	0.713	0.734	0.455	0.913	0.800	0.480	0.426	0.809	0.755	0.864	0.340	6.775	9.496	4.155	7.566	1.443	0.499	1.249	0.752	36.119	11.095	22.593	18.297	0.852	0.543	0.264	0.439	1.053	2.027	0.954	1.233	0.700	0.155	0.207	0.879	6.280	6.814	19.838	10.769	1.665	2.532	1.407	1.653	1.031	1.468	0.615	0.739	2.204	1.128	1.171	0.058	0.614	3.885	3.060	3.214	41.603	32.617	95.074	23.804	3.210	1.153	19.486	29.418	33.154	19.755	0.970	0.543	0.555	0.810	1.058	2.701	1.523	0.535	0.322	0.764	21.175	24.243	15.998	25.942	2.197	1.433	2.656	2.808	0.827	1.007	1.393	1.260	0.762	0.563	0.511	0.800	7.788	19.648	2.071	2.834
LOC110877765	0.000	1.056	1.013	0.672	0.000	0.000	0.000	0.000	0.000	0.000	1.474	0.301	2.391	1.504	0.000	0.000	0.000	1.251	1.932	1.211	0.000	0.000	0.783	0.588	0.019	0.036	0.054	0.000	0.018	0.034	0.000	0.000	0.000	0.075	0.019	0.074	0.000	0.000	0.000	0.000	0.000	0.000	0.000	0.000	0.000	0.000	0.000	0.018	0.000	0.000	0.116	0.192	0.060	0.000	0.094	0.107	0.038	0.038	0.084	0.050	0.000	0.092	0.111	0.019	0.153	0.125	0.123	0.119	0.039	0.058	0.147	0.057	0.017	0.228	0.098	0.116	0.164	0.101	0.061	0.039	0.000	0.106	0.022	0.019	0.078	0.182	0.106	0.233	0.188	0.077	0.235	0.079	0.060	0.036	0.125	0.091	0.142	0.064	0.112	0.086	0.060	0.063	0.099	0.065	0.115	0.160	0.157	0.063	0.065	0.044	0.046	0.151	0.041	0.123	0.073	0.132	0.154	0.113	0.182	0.024	0.521	1.011	0.000	0.132	0.042	0.046	0.551	1.304	1.514	0.000	0.021	0.073	0.000	0.000	0.000	0.000	0.000	0.000	0.000	0.000	0.000	0.000	0.000	0.000	0.000	0.000	0.000	0.000	0.000	0.000	0.021	0.000	0.000	0.000	0.000	0.011	0.000	0.000	0.000	0.000	0.000	0.033	0.025	0.027	0.000	0.013	0.023	0.008	0.008	0.016	0.013	0.022	0.024	0.038	0.040	0.058	0.015	0.000	0.000	0.000	0.000	0.000	0.026	0.000	0.017	0.000	0.000	0.014	0.000	0.000	0.006	0.015	0.000	0.007	0.027	0.109	0.088	0.148	0.102	0.082	0.107	0.112	0.080	0.155	0.062	0.017	0.089	0.099	0.123	0.249	0.394	0.241	0.202	0.022	0.035	0.026	0.028	0.031	0.033	0.136	0.092	0.415	0.249	0.180	0.273	0.182	0.157	0.128	0.183	0.188	0.181	0.263	0.183	0.110	0.127	0.000	0.050	0.000	0.117	0.154	0.100	0.067	0.066	0.034	0.165	0.292	0.255	0.147	0.216
LOC118481678	0.069	0.000	0.074	0.000	0.000	0.000	0.000	0.095	0.000	0.000	0.000	0.000	0.000	0.067	0.000	0.000	0.000	0.185	0.109	0.146	0.066	0.215	0.134	0.000	0.000	0.000	0.000	0.000	0.061	0.060	0.000	0.070	0.000	0.000	0.066	0.129	0.000	0.185	0.000	0.115	0.000	0.202	0.065	0.068	0.132	0.066	0.063	0.000	0.061	0.000	0.000	0.149	0.000	0.000	0.066	0.062	0.066	0.000	0.059	0.059	0.126	0.000	0.000	0.000	0.230	0.073	0.000	0.000	0.068	0.000	0.114	0.199	0.000	0.000	0.000	0.000	0.000	0.213	0.498	0.961	0.000	0.000	0.000	0.132	0.000	0.071	0.000	0.376	0.239	0.000	0.063	0.069	0.139	0.189	0.000	0.000	0.055	0.000	0.065	0.076	0.000	0.147	0.000	0.000	0.000	0.000	0.000	0.292	0.000	0.077	0.000	0.075	0.142	0.245	0.000	0.000	0.000	0.079	0.079	0.000	0.192	0.177	0.000	0.154	0.000	0.000	0.000	0.000	0.156	0.000	0.000	0.127	0.136	0.000	0.000	0.000	0.318	0.085	0.127	0.000	0.067	0.000	0.000	0.000	0.000	0.089	0.000	0.075	0.000	0.000	0.000	0.000	0.000	0.051	0.000	0.040	0.053	0.060	0.062	0.127	0.056	0.058	0.000	0.000	0.000	0.022	0.055	0.029	0.059	0.000	0.022	0.076	0.000	0.027	0.028	0.000	0.103	0.046	0.000	0.000	0.204	0.075	0.045	0.063	0.000	0.130	0.048	0.000	0.000	0.000	0.000	0.027	0.025	0.000	0.031	0.000	0.000	0.000	0.059	0.000	0.000	0.087	0.209	0.042	0.000	0.000	0.024	0.069	0.031	0.000	0.000	0.082	0.092	0.000	0.061	0.000	0.032	0.054	0.058	0.000	0.000	0.047	0.000	0.000	0.040	0.047	0.052	0.060	0.000	0.047	0.000	0.193	0.116	0.000	0.000	0.000	0.000	0.000	0.000	0.054	0.058	0.000	0.000	0.000	0.124	0.000	0.025	0.022	0.030
LOC118479416	51.762	13.526	41.228	56.274	72.318	171.353	289.429	615.137	581.205	514.202	376.991	133.323	488.706	292.985	558.742	438.941	467.047	48.907	432.231	85.369	28.560	105.995	60.039	103.627	212.747	239.034	269.529	249.889	696.844	628.407	75.933	155.466	76.624	142.929	183.861	174.595	412.086	264.390	236.343	314.094	125.288	155.857	226.581	263.051	310.432	388.663	218.154	319.397	213.297	166.207	87.736	279.949	85.188	146.759	204.420	160.597	255.008	364.144	448.191	476.253	348.646	250.595	329.003	162.037	1108.408	935.354	878.797	546.183	392.016	462.649	996.953	234.183	1211.336	981.395	194.911	190.792	169.604	53.693	31.284	71.903	123.200	168.783	213.641	80.406	66.116	82.245	70.638	82.000	81.773	69.736	153.071	75.436	128.750	211.399	144.211	105.895	125.016	473.311	321.341	122.777	372.468	583.608	469.010	654.916	205.325	186.365	187.854	245.834	237.941	165.823	110.357	234.810	458.689	297.179	512.391	134.389	225.122	264.630	243.756	278.468	48.361	90.529	40.246	1224.832	845.912	1589.747	716.503	1182.795	1191.998	149.523	196.810	217.843	181.369	27.548	38.242	12.598	121.898	158.949	133.162	194.182	115.500	263.077	362.192	79.214	67.061	52.374	137.935	110.086	151.777	77.785	108.449	73.882	53.575	1492.706	1435.958	1446.506	1394.183	827.172	791.553	926.801	795.382	481.791	506.980	407.214	513.737	174.100	226.077	229.123	181.241	200.158	243.480	168.051	158.701	129.532	143.214	159.457	201.726	1459.578	1397.048	1294.636	1352.916	704.970	657.296	714.402	846.931	473.374	544.641	565.148	573.009	48.711	43.487	63.499	43.759	51.728	94.778	1595.603	1469.441	1688.508	1532.817	849.306	878.124	749.887	872.740	348.662	335.613	29.312	58.835	188.696	98.513	77.641	135.112	37.549	117.059	87.558	84.323	300.851	246.479	329.213	291.019	378.606	353.010	160.704	355.860	285.256	358.589	131.839	137.207	217.214	297.206	121.403	145.049	175.804	129.739	1585.470	1649.337	1655.197	1565.335	659.754	807.428	798.723	987.458	341.424	343.104	447.791	342.754	72.148	43.684	60.944	56.489
LOC110884851	8.721	16.339	12.697	17.346	11.365	16.335	13.398	17.240	17.214	17.243	13.787	14.192	18.673	19.932	10.998	10.796	15.907	12.790	6.033	8.083	7.984	9.513	10.042	12.636	43.209	31.498	27.078	31.464	26.390	25.240	39.382	47.447	31.542	39.071	48.584	44.639	26.551	44.256	46.381	38.827	31.642	31.598	31.169	23.975	25.817	21.671	44.651	28.489	42.729	46.374	38.061	35.035	39.900	39.084	43.081	36.396	47.409	45.163	31.156	33.460	20.036	23.573	24.915	28.687	35.961	37.449	33.149	28.977	32.778	33.323	18.383	19.258	21.732	21.489	14.370	13.004	14.307	17.319	16.037	15.887	17.547	18.789	17.600	17.112	16.949	17.802	16.789	13.965	16.517	18.491	17.904	20.302	22.052	21.678	21.608	23.301	18.720	15.303	15.663	15.103	12.091	12.919	12.687	13.906	21.707	15.883	16.177	10.991	13.733	11.363	16.404	15.576	17.104	19.464	18.683	17.586	15.813	15.109	14.456	16.480	8.350	11.794	7.247	13.309	12.532	13.514	9.594	13.612	15.476	31.335	14.261	13.800	16.629	27.432	33.402	24.496	25.488	23.487	25.824	38.874	12.921	32.356	39.616	28.951	34.962	27.901	32.421	32.541	30.182	26.668	28.015	16.167	21.078	6.906	6.787	5.825	5.116	5.806	6.241	6.477	5.469	6.623	4.026	5.083	5.364	12.213	10.528	10.688	9.831	22.423	19.214	15.929	22.417	18.514	17.707	16.159	16.689	6.851	7.379	8.562	7.862	9.631	7.439	8.753	8.158	4.624	7.229	5.704	7.529	10.438	9.974	8.567	10.105	15.051	11.464	9.253	6.616	5.243	6.734	7.275	8.018	6.712	7.728	6.817	5.528	15.543	14.473	16.334	17.089	22.846	20.872	25.935	22.632	13.329	15.541	17.611	24.086	21.123	21.374	5.445	5.801	10.278	8.546	8.886	11.055	21.599	20.562	21.074	21.191	22.752	18.579	17.982	17.820	8.229	7.889	6.403	7.644	3.959	7.048	9.000	8.847	5.126	6.491	5.157	2.733	5.970	6.463	6.365	8.370
LOC110881936	0.000	0.000	0.000	0.000	0.000	0.000	0.000	0.379	0.095	0.441	0.000	0.000	0.000	0.000	0.212	0.168	0.506	0.000	0.000	0.000	0.000	0.000	0.000	0.000	0.000	0.000	0.067	0.000	0.000	0.000	0.000	0.000	0.000	0.000	0.000	0.000	0.000	0.000	0.000	0.000	0.000	0.000	0.000	0.000	0.000	0.070	0.000	0.000	0.065	0.143	0.000	0.478	0.000	0.000	0.070	0.066	0.000	0.000	0.000	0.817	0.000	0.000	0.000	0.000	0.000	0.000	0.000	0.000	0.000	0.000	0.000	0.000	0.000	0.066	0.000	0.000	0.000	0.000	0.000	0.000	0.000	0.000	0.000	0.000	0.000	0.000	0.000	0.000	0.000	0.000	0.000	0.000	0.000	0.000	0.000	0.000	0.000	0.000	0.000	0.000	0.000	0.000	0.000	0.000	0.000	0.075	0.000	0.000	0.000	0.082	0.085	0.886	0.152	0.197	0.000	0.000	0.000	0.000	0.255	0.000	0.000	0.000	0.000	0.000	0.000	0.172	0.906	0.090	0.167	0.000	0.078	0.271	0.218	0.000	0.000	0.000	0.170	0.000	0.000	0.000	0.287	0.228	0.000	0.000	0.000	0.000	0.000	0.000	0.000	0.000	0.000	0.000	0.589	0.433	0.398	0.600	0.169	0.388	0.331	0.068	0.302	1.296	0.281	0.908	0.788	0.144	0.088	0.062	0.126	0.060	0.024	0.000	0.060	0.142	0.000	0.181	0.083	0.547	0.917	0.680	0.708	0.362	0.575	0.406	0.515	0.556	3.137	0.874	0.291	0.342	0.405	0.203	0.293	0.173	0.298	0.116	0.197	0.256	0.190	0.122	0.133	0.000	0.000	0.268	0.116	0.000	0.000	0.000	0.000	0.000	0.000	0.000	0.000	0.243	0.131	0.000	0.104	0.029	0.092	0.000	0.049	0.000	0.678	0.350	0.213	0.000	0.000	0.064	0.049	0.000	0.000	0.000	0.000	0.177	0.711	0.207	0.557	0.293	0.562	0.000	0.000	0.000	0.062	0.063	0.000	0.523	0.000	0.024	1.390
LOC110885224	0.000	0.000	0.000	0.000	0.000	0.000	0.000	0.000	0.000	0.000	0.000	0.000	0.000	0.000	0.000	0.000	0.000	0.000	0.000	0.000	0.000	0.000	0.000	0.000	0.074	0.000	0.070	0.296	0.069	0.067	0.000	0.000	0.166	0.442	0.074	0.291	0.141	0.069	0.060	0.130	0.078	0.000	0.000	0.000	0.000	0.074	0.000	0.069	0.206	0.075	0.076	0.167	0.000	0.070	0.000	0.070	0.223	0.149	0.066	0.264	0.000	0.000	0.000	0.000	0.000	0.000	0.000	0.000	0.000	0.000	0.000	0.000	0.000	0.000	0.000	0.000	0.000	0.000	0.000	0.000	0.000	0.000	0.000	0.000	0.000	0.000	0.000	0.000	0.000	0.000	0.000	0.000	0.000	0.000	0.000	0.000	0.000	0.000	0.000	0.000	0.000	0.000	0.000	0.000	0.000	0.000	0.000	0.000	0.000	0.000	0.000	0.000	0.000	0.000	0.000	0.000	0.000	0.000	0.000	0.000	0.000	0.000	0.000	0.000	0.000	0.000	0.000	0.000	0.000	566.870	0.000	1.640	27.094	84.619	115.060	37.378	88.089	132.449	116.571	51.766	0.979	33.991	47.506	13.885	14.417	21.612	24.159	14.424	41.227	387.692	440.923	19.852	33.511	0.000	0.000	0.000	0.000	0.000	0.000	0.000	0.000	0.000	0.000	0.000	0.000	0.000	0.000	0.000	0.000	0.000	0.000	0.000	0.000	0.000	0.000	0.000	0.000	0.000	0.000	0.000	0.000	0.000	0.000	0.000	0.000	0.000	0.000	0.000	0.000	0.000	0.000	0.000	0.000	0.000	0.000	0.000	0.000	0.000	0.000	0.000	0.000	0.000	0.000	0.000	0.000	0.000	0.000	0.039	0.035	0.000	0.000	0.000	0.000	0.000	0.000	0.000	0.000	0.000	0.000	0.000	0.000	0.000	0.000	0.000	0.000	0.026	0.000	0.000	0.000	0.000	0.000	0.000	0.000	0.000	0.000	0.000	0.000	0.000	0.000	0.000	0.000	0.000	0.000	0.000	0.000	0.000	0.000	0.000	0.000
LOC110886572	0.398	0.070	0.256	0.594	0.557	0.159	0.468	44.712	21.981	88.400	11.017	0.358	11.131	0.312	78.952	67.417	25.018	2.066	34.150	0.844	0.304	0.249	0.155	3.568	1130.895	1291.561	747.140	621.358	1186.886	1213.215	197.774	412.197	188.923	640.461	781.049	784.840	1185.090	626.796	465.979	1007.291	286.761	399.037	554.463	1034.816	1688.295	1551.367	777.565	1175.476	1060.020	847.258	540.758	889.478	247.147	685.210	636.811	461.993	1001.145	1163.024	1636.327	1547.886	311.239	302.652	138.103	61.797	47.380	38.425	35.800	22.383	12.467	24.314	49.029	129.188	41.433	34.226	14.431	18.098	14.002	0.000	0.000	0.079	2.997	8.156	323.745	41.100	21.628	16.578	3.330	3.558	3.255	13.431	0.732	0.240	0.482	446.104	5.072	2.364	4.711	51.886	51.273	18.629	188.984	165.556	98.674	298.573	108.402	247.911	106.785	74.100	56.749	59.015	9.687	33.476	71.797	349.471	641.321	308.883	395.379	35.165	41.447	37.962	2.886	8.073	2.488	68.058	66.559	83.690	57.626	57.050	62.959	13.710	815.678	885.781	643.577	16.534	15.473	1.915	111.440	214.562	138.766	247.815	673.493	387.032	309.252	525.196	250.598	117.681	523.398	400.119	556.108	5.240	13.839	452.946	302.972	485.777	464.223	517.289	477.948	199.337	153.176	240.304	177.028	331.115	353.532	252.077	228.754	1318.610	1275.916	1126.879	1068.652	767.953	920.284	846.514	846.779	525.135	539.251	594.807	642.749	388.971	367.799	379.227	349.169	169.639	178.808	183.137	225.416	319.709	221.651	307.244	307.352	455.254	488.536	531.650	445.879	548.470	729.483	354.433	378.772	451.549	422.451	80.487	73.227	151.346	87.572	134.648	74.645	324.089	279.904	379.972	353.425	199.800	335.355	154.651	257.304	637.437	684.972	678.380	538.024	712.693	690.619	144.488	98.880	632.366	1238.760	704.269	989.240	558.731	571.602	560.667	762.753	267.094	513.262	447.875	379.618	283.059	378.358	330.201	468.968	119.062	157.045	117.120	73.862	131.027	122.287	110.649	92.029	627.650	278.408	475.154	450.275
LOC110890809	4.298	0.607	2.631	1.799	2.760	1.222	0.826	4.586	4.639	6.284	3.172	0.620	2.680	2.403	5.531	3.763	7.530	4.529	3.034	1.870	1.901	2.799	1.489	0.900	3.061	1.054	0.139	3.156	0.411	0.334	0.473	0.078	1.398	3.942	3.536	3.098	0.420	9.147	4.300	1.415	5.390	9.143	4.615	5.570	1.105	2.193	1.124	0.276	0.612	4.702	2.558	4.644	14.828	6.629	8.053	5.749	4.420	2.212	0.718	0.393	7.711	9.259	7.845	5.266	1.621	1.539	1.593	3.800	3.700	2.870	3.951	7.085	2.638	2.872	9.622	8.865	12.049	1.027	0.634	0.306	0.612	0.083	7.898	0.660	2.943	2.910	2.056	1.049	1.801	2.256	0.635	1.155	0.232	9.194	0.896	0.285	1.533	1.416	1.598	0.674	4.227	3.925	1.468	2.695	5.459	4.279	1.532	2.118	1.345	2.816	9.596	12.342	6.344	9.905	7.111	9.943	6.539	8.379	9.205	10.378	2.352	3.248	3.994	2.399	2.110	2.149	1.630	4.140	1.214	2.336	10.225	15.052	11.301	8.951	10.469	3.099	5.761	5.045	6.017	5.386	13.512	4.665	10.571	5.436	5.020	3.074	9.152	4.372	5.163	4.736	5.887	14.113	10.165	0.451	0.415	0.804	0.706	0.877	0.620	1.204	0.880	0.515	1.024	0.893	0.176	0.550	0.305	1.985	0.526	1.088	0.737	0.402	0.435	0.709	0.686	0.376	0.316	0.363	0.674	0.981	0.681	1.424	1.098	0.986	1.073	2.074	0.482	1.125	1.333	1.307	0.794	0.452	0.833	0.154	0.103	0.485	1.709	1.332	1.056	3.939	1.598	2.278	4.042	3.026	1.693	0.201	0.293	2.315	0.856	2.038	1.346	1.606	0.683	0.225	0.238	0.715	0.721	0.388	0.449	2.891	2.247	1.200	1.073	1.402	1.330	1.234	0.641	0.565	1.045	1.465	2.023	1.832	1.849	0.737	2.469	0.915	1.984	5.254	3.319	2.640	1.889	1.772	2.071	1.585	0.781	1.042	0.992	0.946	1.044
LOC110890906	0.990	0.152	0.741	0.251	0.267	0.125	0.138	1.381	0.414	0.212	0.672	0.649	1.934	0.554	0.710	0.340	0.601	0.197	0.265	0.216	0.554	0.377	0.229	0.469	183.933	191.444	78.378	165.315	42.400	86.466	0.807	1.922	2.762	51.651	21.644	29.488	1.061	3.041	4.120	5.597	0.930	1.857	2.303	1.609	1.839	1.631	3.136	134.569	6.028	10.162	60.022	153.914	38.555	44.047	84.112	47.165	233.005	162.357	4.622	147.698	4.794	2.822	3.345	1.861	0.960	0.812	0.766	1.095	1.361	0.464	0.183	1.511	0.443	0.364	1.642	1.815	1.764	0.340	0.114	0.485	0.716	0.525	1.411	1.036	1.097	1.320	1.061	0.888	0.328	0.770	0.245	0.268	0.380	1.250	0.333	0.437	0.464	1.177	1.427	1.035	3.462	2.746	1.977	2.776	1.807	3.600	1.584	0.667	2.014	1.677	3.184	2.578	1.656	2.741	1.805	2.564	1.530	1.860	1.740	1.657	0.000	0.121	0.200	1.053	1.030	0.880	0.018	0.193	0.160	0.864	0.233	0.203	0.311	0.347	0.463	0.347	2.395	2.709	3.710	3.326	0.795	2.153	3.928	140.897	99.321	76.131	226.386	160.841	211.018	0.445	0.988	0.811	0.700	0.450	0.462	0.430	0.385	1.008	0.649	0.725	0.541	0.698	0.529	0.366	0.601	100.248	112.838	130.670	85.324	127.336	177.068	117.450	98.166	106.590	110.435	131.248	114.674	0.318	0.311	0.212	0.395	1.081	0.991	1.485	1.071	0.592	0.527	0.647	0.422	66.560	76.067	60.537	80.234	108.033	157.740	0.869	0.994	1.827	1.310	1.366	1.238	0.546	0.668	1.029	0.693	70.891	106.507	238.231	134.126	106.741	80.967	67.921	77.579	126.112	112.685	164.317	114.013	123.811	106.644	0.447	0.324	115.417	149.627	151.932	154.171	125.124	114.774	96.332	131.821	99.994	128.816	128.036	118.759	1.157	1.251	1.014	0.495	1.751	1.146	1.978	2.014	0.658	0.689	1.122	0.461	139.303	98.576	118.553	117.035
LOC110891299	2.120	3.591	0.973	0.403	0.000	0.000	0.074	0.234	0.146	0.529	0.378	0.068	2.973	0.074	0.073	1.726	0.817	2.978	1.556	4.811	7.645	0.079	0.147	0.323	511.002	968.432	476.656	538.083	353.425	321.125	274.283	544.021	153.246	637.141	708.823	772.129	311.037	516.213	599.042	752.937	661.322	1309.520	921.830	452.783	805.374	636.216	796.014	438.949	800.863	568.190	649.933	367.276	213.433	262.486	370.016	168.590	549.580	720.929	455.631	696.695	3.388	3.893	2.130	0.711	1.430	1.118	0.000	0.076	0.000	0.149	0.566	0.073	40.823	1.214	9.414	12.003	2.440	0.312	0.625	0.151	0.690	0.326	0.331	0.868	0.149	1.008	1.298	0.345	0.263	0.297	0.139	0.076	0.000	1.315	0.000	0.140	0.000	0.246	1.289	2.243	3.165	1.129	0.991	1.412	0.664	0.691	0.378	0.321	1.078	4.040	0.175	1.573	1.721	2.560	9.187	2.833	1.645	84.808	96.109	96.906	221.389	354.891	212.339	18.929	14.965	24.378	31.810	60.591	49.963	0.443	1.280	1.045	1.346	0.465	0.930	0.218	27.883	38.583	26.948	76.024	0.515	60.517	69.792	1595.595	1389.244	1166.496	1708.075	1010.714	2017.982	0.383	0.968	0.480	0.086	6.005	7.495	6.032	5.916	10.375	8.023	6.777	3.286	14.590	11.832	5.751	15.624	470.912	528.369	766.154	569.459	501.995	509.970	337.225	355.609	251.338	280.205	452.317	183.990	4.240	3.933	4.085	6.831	5.454	3.296	3.890	8.535	17.077	6.764	14.682	13.802	329.218	506.483	592.357	696.154	706.994	1041.135	17.275	5.328	10.905	6.767	5.640	2.673	9.896	4.830	11.844	2.385	136.516	744.534	460.411	259.953	898.042	200.387	118.377	543.977	937.036	952.669	781.156	563.680	528.447	517.984	12.566	7.353	562.048	191.539	832.905	260.666	74.921	230.130	406.816	394.190	272.892	257.929	251.444	254.227	7.267	2.922	3.504	12.550	1.386	6.932	22.368	5.718	6.343	4.276	1.367	17.854	79.228	96.541	391.436	204.996
LOC110894233	0.802	0.128	0.625	0.233	0.364	1.160	0.143	66.759	26.341	70.457	24.987	0.851	51.673	7.348	88.685	33.828	18.810	0.521	10.797	0.772	0.069	0.304	0.919	5.207	471.296	970.510	742.932	647.311	569.153	493.632	296.116	428.576	452.055	481.390	488.193	485.545	443.735	512.563	524.167	762.767	468.624	759.242	896.004	737.831	943.206	828.021	694.212	757.030	1039.037	532.886	282.669	642.131	599.381	385.220	468.296	255.387	648.449	639.112	325.400	766.258	59.326	37.428	26.046	12.197	15.878	7.692	4.992	3.020	3.371	5.740	15.192	14.019	58.330	12.601	14.724	11.988	14.931	0.000	0.075	0.799	0.748	0.864	25.617	3.760	1.864	0.747	1.172	0.066	0.760	0.929	1.206	0.805	0.588	40.728	1.856	1.892	2.038	19.302	12.002	7.041	21.266	25.319	14.897	36.961	9.519	18.695	5.601	9.363	7.907	7.133	5.064	11.803	25.081	51.064	149.401	43.583	54.503	19.602	21.606	23.784	13.300	12.995	7.839	24.903	21.041	29.857	22.162	27.792	30.568	2.474	56.804	65.108	75.716	0.179	0.627	0.000	139.823	163.005	51.435	149.117	26.093	224.865	231.950	183.380	113.611	82.975	482.050	425.757	361.095	0.369	1.087	12.612	3.329	147.911	146.205	150.865	132.778	100.493	67.965	116.808	53.562	79.053	88.887	70.810	79.189	1146.372	1041.371	1013.033	985.722	811.170	1159.099	961.949	783.295	774.993	760.455	698.987	896.527	118.476	109.377	122.209	111.737	123.429	119.833	114.407	127.699	96.891	36.949	75.681	73.080	510.169	514.118	475.281	362.201	214.175	341.785	205.462	255.370	284.459	218.947	117.080	98.863	110.776	112.079	70.473	33.194	224.319	251.451	417.831	323.043	544.980	634.484	431.753	675.065	235.904	278.889	1006.406	759.870	952.688	990.277	71.606	41.759	1098.805	1797.985	1378.468	1557.851	817.231	971.184	976.527	1193.201	839.940	849.459	1124.050	938.103	242.430	256.770	211.344	325.782	120.404	101.625	151.588	81.179	60.647	63.123	55.438	59.397	1195.847	659.466	966.606	894.106
LOC110892775	0.000	0.000	0.000	0.000	0.000	0.000	0.000	0.000	0.000	0.000	0.000	0.000	0.000	0.000	0.000	0.000	0.000	0.000	0.000	0.000	0.000	0.000	0.000	0.000	0.000	0.000	0.000	0.000	0.000	0.000	0.000	0.000	0.000	0.000	0.000	0.000	0.000	0.000	0.000	0.000	0.000	0.000	0.000	0.000	0.000	0.000	0.000	0.000	0.000	0.000	0.000	0.147	0.000	0.000	0.000	0.000	0.000	0.000	0.000	0.000	0.000	0.000	0.000	0.000	0.000	0.000	0.000	0.000	0.000	0.000	0.000	0.000	0.000	0.000	0.000	0.000	0.000	0.000	0.000	0.000	0.000	0.000	0.000	0.000	0.000	0.000	0.000	0.000	0.000	0.000	0.000	0.000	0.000	0.000	0.000	0.000	0.000	0.000	0.000	0.000	0.000	0.000	0.000	0.000	0.000	0.000	0.000	0.000	0.000	0.000	0.000	0.000	0.000	0.000	0.000	0.000	0.000	0.000	0.000	0.000	0.000	0.000	0.000	0.000	0.000	0.000	0.000	0.000	0.000	0.000	0.000	0.000	0.000	0.000	0.000	0.000	0.000	0.000	0.000	0.000	0.000	0.000	0.000	0.000	0.000	0.000	0.000	0.000	0.000	0.000	0.000	0.000	0.000	0.000	0.000	0.000	0.000	0.000	0.000	0.000	0.000	0.000	0.000	0.000	0.000	0.000	0.000	0.000	0.000	0.000	0.000	0.000	0.000	0.000	0.000	0.000	0.000	0.000	0.000	0.000	0.000	0.000	0.000	0.000	0.000	0.000	0.000	0.000	0.000	0.000	0.000	0.000	0.000	0.000	0.000	0.000	0.000	0.000	0.000	0.000	0.000	0.000	0.000	0.000	0.000	0.000	0.024	0.034	0.000	0.028	0.000	0.000	0.000	0.000	0.030	0.000	0.000	0.000	0.000	0.000	0.000	0.046	0.000	0.000	0.000	0.000	0.000	0.029	0.000	0.046	0.000	0.000	0.000	0.000	0.000	0.000	0.000	0.000	0.000	0.000	0.000	0.000	0.000	0.000	0.000	0.000	0.050	0.044	0.000
LOC110894830	1.139	1.689	29.519	10.697	1.992	0.921	0.000	0.147	0.183	0.391	16.898	11.574	17.344	15.122	4.174	1.461	1.747	8.149	11.711	6.790	0.068	1.039	8.770	16.398	2.569	2.347	3.804	2.383	7.183	8.857	0.146	3.239	0.153	1.084	0.752	0.802	2.925	0.510	0.055	0.597	0.143	0.070	0.201	0.850	0.478	0.407	0.587	3.579	0.946	1.039	1.885	0.692	1.521	2.331	1.494	3.663	1.094	2.532	4.238	2.186	4.163	6.593	5.009	6.292	6.727	4.508	7.241	1.943	3.363	2.313	2.069	1.506	2.761	0.761	1.842	3.416	1.407	12.973	5.000	7.168	49.020	34.141	0.780	17.276	33.823	20.798	20.907	9.473	14.976	25.540	8.180	7.932	5.817	1.237	1.586	1.386	1.308	0.773	1.685	2.657	0.145	0.531	0.000	0.313	0.625	0.217	0.284	1.058	0.468	0.158	2.143	2.337	1.619	2.028	4.553	0.273	2.105	2.864	3.531	4.064	6.149	3.744	0.823	6.440	5.647	7.977	17.590	22.610	21.571	0.167	5.346	4.655	5.278	0.874	0.875	3.697	13.404	21.814	4.598	1.065	0.208	1.027	1.271	51.228	47.385	24.289	2.881	9.050	13.132	0.072	0.607	0.581	0.488	0.157	0.085	0.000	0.109	0.313	0.895	0.526	0.408	0.060	0.226	0.049	0.000	0.673	1.924	0.664	0.793	2.364	3.306	3.613	2.742	3.180	3.152	3.874	7.351	0.096	0.104	0.000	0.000	0.466	0.370	0.588	0.622	0.000	0.249	0.050	0.000	3.306	3.521	3.666	4.174	3.385	4.857	0.562	0.698	0.041	0.306	0.943	1.354	3.643	1.298	0.734	0.561	11.535	5.306	2.935	8.932	2.269	12.115	0.872	5.891	4.905	3.856	2.725	2.675	5.402	5.444	1.040	0.805	2.154	2.573	3.200	3.002	6.527	8.733	11.632	10.993	6.819	8.378	10.848	7.012	0.342	0.229	0.450	0.763	1.871	0.664	1.113	0.363	0.183	0.300	0.000	0.341	14.130	11.724	22.732	19.936
LOC110896719	2.288	0.000	0.000	0.000	0.245	0.325	0.160	0.168	0.105	0.694	0.000	0.000	0.000	0.000	0.079	0.093	0.241	0.000	0.000	0.000	5.996	1.959	0.000	0.000	0.388	0.524	0.296	0.469	0.146	0.142	0.000	0.000	0.000	0.311	0.000	0.077	0.000	0.000	0.000	0.000	0.000	0.000	0.000	0.000	0.000	0.156	0.000	0.440	0.000	0.000	0.401	0.177	0.332	0.743	0.156	0.000	0.471	0.079	0.139	0.279	0.075	0.000	0.000	0.000	0.000	0.000	0.000	0.000	0.000	0.000	0.000	0.000	0.072	0.000	0.000	0.000	0.000	1.262	0.337	0.244	0.279	0.352	0.179	0.546	0.000	0.335	0.438	0.149	0.213	0.160	0.225	0.328	0.000	0.149	0.000	0.076	0.000	0.000	0.000	0.000	0.000	0.261	0.000	0.269	0.080	0.000	0.000	0.000	0.179	0.000	0.000	0.000	0.000	0.291	0.757	0.235	0.426	0.000	0.754	0.406	0.000	0.000	0.000	0.274	0.259	0.763	0.000	0.000	0.000	0.383	2.246	1.881	2.423	0.000	0.301	0.000	0.283	0.811	0.075	2.256	0.795	0.421	0.938	0.362	0.617	0.633	0.000	0.269	0.095	0.992	0.261	0.370	0.000	0.300	0.589	0.095	0.501	0.646	1.028	0.905	1.673	1.027	0.779	0.559	0.562	0.000	0.032	0.000	0.105	0.033	0.078	0.113	0.066	0.063	0.000	0.200	0.000	0.496	0.419	0.290	0.121	1.249	1.275	0.525	1.072	0.976	0.628	1.311	0.839	0.084	0.000	0.064	0.059	0.055	0.147	0.000	0.073	0.000	0.000	0.000	0.000	0.103	0.000	0.099	0.000	0.036	0.000	0.000	0.000	0.000	0.000	0.000	0.000	0.060	0.109	0.027	0.038	0.000	0.102	0.063	0.000	0.000	0.000	0.000	0.000	0.056	0.000	0.000	0.000	0.028	0.000	0.000	0.000	0.000	0.000	0.057	0.103	0.000	0.000	0.256	0.000	0.000	0.000	0.000	0.147	0.000	0.000	0.000	0.000
LOC110895309	7.377	3.181	16.448	1.857	6.899	7.139	1.706	27.492	14.961	29.560	17.155	1.927	35.591	4.068	49.230	15.673	16.052	6.115	30.821	4.546	2.236	3.354	6.048	3.074	2.865	2.579	1.336	1.090	1.377	1.983	10.466	6.643	7.762	3.125	2.188	2.455	2.326	5.348	2.922	7.138	0.807	1.964	1.764	3.467	2.766	3.640	2.762	3.370	3.861	2.674	7.887	3.912	8.864	4.146	2.367	4.781	2.575	2.255	6.042	3.831	15.679	25.022	14.275	10.337	7.452	3.113	3.548	2.304	4.619	3.762	2.672	6.963	16.605	5.079	2.068	3.873	2.928	2.692	1.454	3.074	9.553	10.837	10.864	19.790	10.946	11.545	9.484	5.071	6.585	5.914	10.845	6.258	6.695	19.069	2.774	2.486	4.178	8.514	14.847	10.009	24.281	18.575	11.813	21.856	5.358	18.760	8.163	9.538	6.979	11.632	6.754	8.069	10.323	17.547	28.641	12.677	14.982	7.552	5.104	4.908	2.335	3.612	1.938	7.262	7.302	11.580	10.792	12.001	12.960	3.296	59.058	41.614	81.842	4.281	2.142	3.997	2.013	3.825	4.762	3.934	13.892	3.109	3.164	1.113	3.543	2.512	11.066	13.297	3.811	2.713	2.929	10.143	2.526	11.773	13.360	11.974	13.668	6.481	6.866	10.027	4.449	8.373	12.953	7.436	8.048	19.300	26.559	18.397	19.297	19.329	26.877	33.985	19.593	23.257	25.953	21.098	37.018	12.853	8.343	15.236	9.177	13.213	17.217	10.031	10.551	9.692	2.622	6.643	6.352	18.922	14.087	12.175	8.612	5.746	8.787	2.754	4.660	4.074	3.113	8.605	4.978	8.301	5.230	8.378	3.434	24.497	17.871	10.112	14.696	15.476	31.570	13.400	22.427	6.020	6.220	47.006	28.589	40.175	37.315	11.699	5.755	38.348	57.468	44.397	71.836	27.269	30.219	35.531	41.405	30.073	37.575	42.366	33.947	3.809	3.182	10.160	9.934	15.105	8.643	14.521	2.618	3.841	2.940	4.615	5.379	75.257	20.496	56.754	47.784
LOC110897890	737.254	431.526	533.392	468.565	587.644	917.783	856.408	1119.504	979.968	1107.801	1164.757	551.868	1193.702	1121.265	529.746	600.716	680.308	407.250	695.622	419.763	959.850	887.683	735.931	548.113	1421.267	1166.388	899.198	773.900	1217.394	1090.863	487.992	1071.238	879.661	1270.467	1371.112	1341.840	1104.127	1434.777	2116.407	1633.831	859.234	1356.509	1059.192	980.166	1520.783	1441.350	1569.414	1143.091	1547.554	1507.124	803.145	1726.891	1217.680	1097.956	1581.909	671.233	1560.606	1553.488	1399.254	1614.567	731.931	514.657	638.356	502.790	1094.949	1154.383	1340.330	1169.577	1010.040	1140.721	1029.823	398.456	901.544	959.665	335.851	174.654	196.844	207.276	127.638	241.566	319.639	300.997	367.874	273.307	123.807	148.561	170.685	126.507	169.174	146.168	211.396	179.996	184.643	397.733	167.330	169.275	179.165	1082.259	1428.005	1172.963	1740.522	1434.478	1545.858	705.268	382.537	612.713	636.721	445.602	523.039	439.121	253.270	290.416	400.347	540.087	722.623	354.013	398.731	377.406	382.553	372.174	167.420	196.289	167.283	658.340	674.301	732.608	485.007	521.662	536.680	196.895	522.638	488.819	451.481	65.581	45.384	42.482	527.894	720.640	677.595	738.381	279.267	927.706	1182.347	786.068	646.143	613.862	992.631	738.012	1213.420	102.368	208.035	213.476	202.474	980.834	949.892	961.988	922.856	1118.836	1085.627	1191.426	1084.678	448.880	446.275	341.126	400.666	1008.962	1095.202	1385.429	954.796	1413.364	1482.171	1196.656	1144.604	733.776	693.037	968.770	622.387	803.862	774.048	787.637	761.023	856.337	765.054	811.331	885.783	453.289	454.143	526.343	500.467	557.396	674.457	786.058	838.932	1178.939	1572.974	738.692	740.052	824.507	741.868	923.194	931.023	877.244	902.882	301.320	259.726	1027.063	1210.093	2290.187	1710.893	1109.990	873.081	839.876	822.978	1297.781	1359.700	928.947	788.213	833.644	752.867	324.128	270.201	1317.735	1582.745	1481.652	1493.641	1513.971	1257.379	1408.423	1464.691	1034.042	1095.392	1201.935	1084.739	736.758	814.567	673.605	846.697	636.186	751.759	819.313	816.233	271.328	296.373	340.820	277.702	1076.723	1039.048	1003.539	774.511
LOC110898014	31.365	12.260	43.719	22.861	13.866	10.152	8.589	202.552	94.939	315.803	189.752	32.743	206.383	111.820	270.806	172.545	211.336	24.618	346.763	49.678	19.374	14.934	20.809	57.908	0.000	0.206	0.068	0.143	0.871	0.392	0.000	0.152	0.000	0.000	0.000	0.141	0.068	0.000	0.292	0.000	0.000	0.073	0.000	0.075	0.072	0.071	0.000	0.067	0.133	0.000	0.000	0.649	0.000	0.000	0.215	0.068	0.072	0.144	0.319	0.960	273.027	226.082	145.436	62.132	309.595	217.068	230.183	95.896	142.039	145.844	282.202	138.298	241.862	258.595	55.543	61.621	88.068	3.012	3.873	8.076	11.116	14.469	263.086	17.915	12.764	12.225	5.869	9.639	13.041	11.028	12.824	27.329	13.014	301.805	14.486	12.310	13.965	19.296	16.470	11.446	17.219	54.356	13.067	161.142	149.439	96.058	39.677	38.945	37.566	23.110	81.389	152.256	171.012	210.362	397.910	156.534	311.856	33.625	40.235	34.160	17.660	25.306	18.133	152.532	99.950	168.623	98.953	142.838	144.503	24.149	363.006	371.188	289.475	10.961	8.390	5.194	0.347	0.186	0.277	0.086	186.532	0.232	0.096	0.664	0.283	0.775	0.240	0.658	0.435	9.411	28.377	123.418	52.083	262.637	316.674	268.307	305.115	207.720	167.334	283.385	186.465	147.827	182.161	161.785	122.917	1.052	1.282	1.304	0.386	0.486	0.432	0.765	0.152	0.635	0.457	0.441	0.365	275.884	235.748	251.139	265.309	251.045	316.121	304.433	258.341	235.284	149.236	164.688	205.870	0.271	0.509	0.265	0.271	0.025	0.034	253.597	276.875	320.301	256.565	237.156	167.167	257.838	206.774	157.671	132.462	0.000	0.052	0.113	0.234	0.092	0.520	0.296	0.434	0.082	0.067	0.774	1.022	1.168	1.411	140.478	145.911	1.504	1.304	0.877	4.636	0.565	1.709	0.748	0.897	0.205	0.373	0.579	0.729	239.195	283.948	288.418	300.353	233.396	227.772	250.220	185.638	166.667	149.549	154.460	114.048	2.037	0.609	0.633	1.679
LOC110898128	0.082	0.359	0.262	0.000	0.082	0.000	0.000	2.831	2.309	2.486	2.443	0.147	4.775	1.038	0.706	0.186	0.801	0.219	1.076	0.000	0.000	0.000	0.871	0.348	1.938	2.093	1.996	0.156	2.405	1.562	0.168	0.248	1.225	0.544	0.627	1.150	1.714	0.805	0.508	0.342	0.082	0.319	0.690	0.162	0.392	0.155	0.897	2.198	0.362	0.079	0.800	0.706	0.498	2.152	2.803	0.368	2.116	2.431	2.776	1.879	0.075	0.076	0.383	0.614	4.717	2.756	3.388	0.660	0.643	0.482	0.271	0.471	0.216	0.291	0.000	0.000	0.255	0.756	0.674	0.407	2.140	1.847	0.447	0.702	0.161	0.251	0.700	1.116	1.135	0.480	0.900	0.901	1.235	1.194	1.126	0.303	0.391	0.266	0.077	0.000	0.083	0.957	0.164	0.000	0.398	0.000	0.000	0.173	0.000	0.091	0.000	0.179	1.096	0.363	0.303	0.078	0.568	0.281	0.188	0.101	0.000	0.733	0.000	0.000	0.259	0.953	0.547	0.700	0.000	1.051	2.158	2.180	4.437	0.000	0.000	0.314	1.320	2.227	1.882	2.724	0.159	3.112	5.414	0.090	0.616	0.422	1.478	0.984	0.568	1.651	3.218	0.739	0.652	3.358	3.282	3.086	3.503	1.793	1.173	2.487	1.471	1.095	0.778	1.006	1.123	0.692	0.811	0.692	0.629	2.115	2.849	1.463	2.084	1.760	1.989	2.200	2.137	3.691	3.286	3.304	2.295	1.827	2.706	3.596	2.212	1.642	1.254	1.367	1.675	0.926	0.976	1.027	0.620	0.792	0.916	2.772	2.909	2.078	2.386	1.487	1.922	3.300	2.646	1.386	1.158	0.462	0.453	0.903	0.729	1.334	1.266	0.709	1.525	0.867	0.797	2.037	2.415	3.239	2.149	1.004	1.249	0.527	0.473	1.014	0.801	1.899	1.550	1.344	1.843	1.335	1.715	1.490	1.897	2.678	1.904	2.176	2.933	2.014	2.838	2.297	2.217	1.745	0.895	0.983	0.977	0.630	0.573	0.503	0.358
LOC110898466	1.354	0.149	3.353	0.090	1.606	3.198	0.248	67.623	19.037	13.303	21.460	0.228	94.081	3.725	12.437	7.427	7.303	0.378	5.440	3.764	0.081	0.176	1.641	2.074	393.255	386.327	407.090	275.195	266.467	306.279	137.328	201.637	157.756	333.742	361.412	364.433	370.696	249.684	230.444	178.887	237.365	795.147	339.592	168.954	525.029	327.836	263.677	322.031	290.400	376.853	267.574	243.662	188.122	218.436	249.001	134.897	420.457	391.673	439.308	373.943	4.868	7.041	7.378	6.202	63.551	13.656	12.463	9.402	11.154	11.656	10.465	5.856	72.460	12.136	2.020	4.472	1.583	2.264	0.262	0.674	3.374	4.466	5.742	1.697	0.166	1.300	2.357	1.002	1.691	2.736	4.975	2.462	2.645	8.122	1.795	2.509	3.446	5.875	7.284	4.549	2.502	7.661	2.384	6.870	4.451	4.202	5.655	7.184	4.171	1.599	3.428	4.720	3.584	5.120	11.757	6.007	9.708	4.472	3.219	2.414	1.767	2.495	3.521	14.544	8.407	17.768	7.753	23.747	17.975	4.752	8.050	9.814	11.035	0.104	0.312	0.163	21.491	30.635	21.924	50.024	9.133	65.454	44.771	58.139	33.731	22.624	105.736	77.664	77.900	0.770	2.073	2.069	0.773	25.541	26.196	20.863	18.993	22.669	20.667	24.205	11.918	21.268	21.017	16.098	18.043	106.023	129.384	109.622	109.873	113.875	124.359	92.697	122.110	129.537	84.687	114.135	82.199	23.523	21.361	22.405	24.531	25.719	26.558	31.211	29.135	18.128	8.918	18.356	15.091	99.368	115.050	103.093	135.820	99.930	115.554	9.486	7.913	7.195	5.745	9.174	7.659	7.427	8.397	5.336	3.599	59.782	52.683	96.098	89.036	48.100	106.780	53.654	90.595	106.222	95.889	123.047	115.069	140.134	124.048	6.957	6.304	93.967	139.256	89.885	118.813	115.990	67.541	92.470	136.540	96.144	102.559	76.785	93.694	8.933	10.749	18.336	12.532	12.524	5.882	6.349	8.114	3.616	5.064	4.512	4.254	138.089	68.889	111.801	112.174
LOC110899589	0.612	0.000	0.291	0.072	0.272	0.000	0.133	0.934	0.087	0.543	1.018	0.000	1.840	1.996	0.523	0.388	0.267	0.304	0.323	0.360	0.194	0.000	0.132	0.145	1.743	1.432	0.554	0.130	3.035	1.360	0.559	0.687	1.166	1.617	0.914	0.958	2.917	0.975	1.376	0.513	0.409	1.926	0.831	1.217	2.218	1.490	1.992	12.572	1.566	1.984	1.666	0.147	1.798	2.659	13.946	0.859	2.937	4.966	15.493	0.580	1.242	0.827	0.000	0.192	0.302	0.646	0.353	0.412	0.201	0.201	0.000	0.065	0.000	0.061	0.000	0.333	0.212	0.000	0.000	0.000	0.775	0.147	0.521	0.909	0.134	0.070	0.146	0.434	0.236	0.133	0.000	0.000	0.000	0.560	0.216	0.126	0.978	0.812	0.193	0.075	0.416	0.869	0.274	0.075	0.066	0.896	0.407	0.289	0.075	0.302	0.079	1.413	0.141	1.090	0.378	0.522	1.064	0.234	0.627	0.928	0.000	0.000	0.000	0.152	0.000	0.873	0.000	3.335	0.615	0.239	0.431	0.250	0.134	2.421	0.167	0.000	2.277	0.590	1.568	0.626	0.265	2.312	0.694	0.527	1.369	0.088	2.172	0.224	1.735	5.641	0.290	2.772	1.553	0.050	0.082	0.040	0.052	0.179	0.061	0.000	0.056	0.228	0.043	0.000	0.052	2.327	0.432	0.721	0.116	0.881	0.152	0.056	0.248	0.340	0.193	0.233	0.076	0.229	0.000	0.145	0.000	0.074	0.088	0.125	0.119	0.000	0.000	0.047	0.054	0.210	0.198	0.187	0.320	0.637	0.427	0.000	0.000	0.236	0.058	0.000	0.000	0.129	0.000	0.000	0.107	0.030	0.141	0.103	0.212	0.139	0.083	0.054	0.000	0.274	0.241	0.090	0.160	0.159	0.057	0.000	0.000	0.023	0.070	0.969	0.039	0.233	0.077	0.324	0.587	0.440	0.000	0.000	0.489	0.000	0.055	0.000	0.000	0.054	0.058	0.000	0.173	0.000	0.000	0.000	0.041	0.483	0.251	0.000	0.030
LOC110899592	0.816	0.717	1.748	1.087	0.883	1.353	0.599	2.499	1.574	1.562	2.908	1.771	5.224	3.460	2.875	2.171	0.534	1.520	2.043	1.585	0.907	1.205	1.253	0.580	12.978	11.394	18.410	2.601	33.081	16.974	3.980	5.774	5.685	7.826	6.593	8.810	46.242	9.445	12.329	8.322	4.093	9.761	2.939	5.476	9.656	5.959	8.030	57.060	7.952	6.812	5.799	5.731	9.819	4.885	120.711	4.296	11.880	41.751	122.381	45.288	1.739	2.608	1.594	1.662	2.267	1.866	2.399	2.474	2.141	2.945	0.847	2.419	1.618	1.151	1.150	0.865	0.848	1.190	0.843	0.881	2.868	1.758	1.638	1.948	2.474	3.624	1.603	1.177	1.655	1.266	0.812	0.546	0.686	3.047	0.721	0.946	0.869	1.328	1.480	0.821	2.150	3.043	1.985	2.463	1.458	1.585	2.103	2.166	1.118	2.798	1.338	3.050	1.967	2.058	2.457	3.328	2.542	2.266	2.431	2.953	0.852	1.308	1.022	1.594	3.811	1.666	1.292	4.085	3.997	1.194	1.079	1.503	1.075	2.004	1.254	0.327	3.455	3.205	2.697	4.694	1.257	3.713	6.591	2.183	2.053	1.318	4.199	2.682	4.811	2.408	1.377	2.156	0.854	0.350	0.612	0.633	0.156	1.075	0.672	0.753	0.780	0.285	0.389	0.233	0.468	0.953	2.296	5.075	1.980	4.543	1.894	1.388	1.130	2.618	0.967	1.666	1.145	1.377	1.195	0.676	0.654	1.336	1.149	1.186	1.189	0.598	0.142	0.807	0.483	1.614	1.978	2.673	2.878	4.416	3.509	0.161	0.242	0.748	0.351	0.507	0.493	0.215	0.620	0.124	0.107	1.007	1.013	4.751	5.464	0.694	0.416	0.537	0.272	2.317	2.747	0.995	1.022	1.032	0.881	0.209	0.045	0.832	0.765	6.162	0.825	0.768	0.465	0.766	4.312	0.533	2.026	0.239	5.086	0.272	0.547	0.525	0.815	0.920	0.346	0.478	0.404	0.116	0.229	0.176	0.122	3.546	1.381	0.640	0.597
LOC110899655	3.447	1.640	1.308	4.973	1.076	1.715	1.686	8.211	4.294	1.111	1.535	1.483	2.507	9.838	0.000	0.164	0.775	0.257	5.451	4.108	6.295	6.735	0.070	0.077	141.276	67.259	59.101	52.256	399.710	363.043	16.148	35.859	13.161	145.410	201.751	169.814	450.942	101.600	96.497	93.050	27.159	16.689	23.005	58.397	95.007	148.209	184.849	295.534	64.762	62.919	36.390	165.565	15.626	47.532	160.481	180.354	152.059	209.674	231.053	177.331	0.394	0.403	1.414	4.252	3.591	18.487	4.992	7.981	3.745	6.502	5.366	1.105	3.860	3.775	11.075	1.898	2.762	0.370	0.445	1.073	0.000	1.393	0.157	0.412	0.141	0.294	0.308	0.327	0.062	0.211	0.858	0.937	0.507	0.000	0.457	0.533	2.868	1.091	0.747	0.394	0.513	2.142	0.506	0.552	0.910	0.510	0.000	0.152	0.708	0.000	2.245	2.357	22.629	0.639	0.000	0.207	0.375	0.660	1.159	0.356	0.000	0.368	0.000	4.890	1.670	4.022	2.247	5.986	4.545	0.420	0.000	0.132	0.142	0.000	0.088	0.069	8.044	21.997	9.537	34.451	0.000	79.459	96.249	9.934	23.485	5.474	35.092	8.261	36.562	0.000	0.077	0.000	0.000	1.635	1.767	1.378	1.541	1.136	0.839	1.061	1.412	0.060	0.000	0.197	0.055	7.818	16.945	19.762	13.531	20.118	17.403	19.623	18.712	5.003	3.937	11.121	3.706	1.454	2.102	1.122	2.762	0.470	0.233	0.725	0.502	0.135	0.702	0.100	0.283	16.930	21.956	12.107	33.695	65.094	73.827	2.042	1.599	1.288	2.222	0.178	0.325	0.136	0.145	0.218	0.113	28.047	89.816	105.507	78.273	15.312	4.980	7.203	3.769	94.906	91.278	8.887	3.675	7.934	4.350	0.000	0.000	4.173	10.428	20.755	3.401	66.386	10.769	20.534	16.091	9.544	10.039	8.267	4.916	1.896	2.656	0.151	1.086	0.057	0.122	0.000	0.305	0.061	0.303	0.062	0.000	10.880	4.984	2.260	3.056
LOC110899654	1.844	0.130	0.000	0.707	1.768	0.587	2.886	4.887	3.366	1.841	0.053	0.000	0.901	1.227	0.000	0.000	0.217	0.000	0.894	1.250	4.918	3.842	0.000	0.079	84.505	29.502	33.381	28.204	437.547	295.633	23.547	45.467	18.097	94.537	146.153	142.665	296.734	97.520	101.953	100.799	25.150	17.712	26.116	85.986	130.734	167.845	206.749	68.818	75.579	79.306	34.475	42.541	5.548	29.498	86.015	33.671	94.064	131.275	174.505	133.233	0.269	0.069	0.207	1.941	0.983	8.480	1.836	3.203	2.031	2.830	0.612	0.851	0.650	0.723	4.182	0.361	0.537	0.228	0.305	0.294	0.084	0.477	0.000	0.000	0.000	0.000	0.079	0.739	0.384	0.000	0.610	0.518	0.223	0.135	0.235	0.342	1.355	1.600	0.628	0.243	0.226	1.257	0.074	0.162	0.216	0.000	0.000	0.000	0.162	0.000	1.280	0.968	6.704	0.328	0.000	0.000	0.128	0.508	0.765	1.006	0.513	0.473	0.000	1.729	0.312	1.635	0.907	1.898	1.500	0.518	0.000	0.000	0.364	0.181	0.000	0.000	2.554	12.985	5.101	21.038	0.000	50.595	60.558	7.018	12.707	4.382	28.968	5.816	29.760	0.000	0.000	0.000	0.000	0.596	0.708	0.858	0.961	0.453	0.596	0.476	0.725	0.247	0.000	0.000	0.113	4.759	9.608	10.756	6.978	10.210	10.245	11.508	8.098	2.640	2.246	6.758	2.648	0.995	0.756	0.524	0.982	0.523	0.144	0.203	0.516	0.417	0.206	0.206	0.000	7.494	9.866	6.230	14.992	33.568	43.115	1.805	0.854	1.024	2.726	0.061	0.668	0.047	0.149	0.089	0.000	31.175	53.255	216.487	105.814	11.265	5.866	3.931	4.362	45.740	42.478	5.225	2.112	4.446	2.002	0.000	0.000	2.255	7.842	6.143	3.492	14.879	19.764	7.731	16.401	6.860	4.366	10.456	5.110	3.008	2.313	1.138	0.372	0.117	0.250	0.173	0.125	0.063	0.000	0.000	0.000	15.017	13.120	13.156	2.006
LOC110899653	0.379	5.197	3.818	14.221	0.227	0.000	0.000	0.156	0.049	0.416	0.216	1.226	3.641	15.511	0.000	0.000	0.000	0.136	8.035	10.606	2.023	0.553	0.147	0.728	625.789	499.544	488.720	226.855	573.053	671.284	45.479	105.109	41.618	221.022	172.459	202.918	911.897	70.948	107.522	89.885	54.401	69.615	73.604	136.095	234.594	222.699	152.879	987.642	130.482	95.291	292.600	887.590	67.480	326.376	548.123	403.346	662.048	880.183	922.407	1032.292	0.416	0.000	0.284	2.994	1.433	6.002	0.787	1.686	1.567	1.568	0.000	0.583	0.067	0.000	2.038	0.074	0.000	0.546	1.331	2.116	0.000	0.490	0.000	0.362	0.000	0.466	0.000	1.313	0.132	0.297	0.209	0.457	0.076	0.000	0.080	0.141	1.030	1.728	0.861	0.499	1.083	2.747	1.527	0.083	0.000	0.077	0.076	0.161	0.415	0.000	1.317	0.664	9.012	0.000	0.141	0.000	0.000	2.702	1.137	2.729	0.739	1.751	0.351	0.169	0.160	0.000	0.000	0.744	0.514	0.000	0.000	0.000	0.000	0.000	0.000	0.000	3.503	23.515	5.806	22.250	0.000	35.553	49.038	19.305	15.359	4.801	22.932	4.570	23.837	0.000	0.000	0.000	0.087	2.173	2.503	3.441	2.383	0.733	1.294	1.260	1.056	0.064	0.048	0.467	0.290	54.586	121.513	117.578	97.240	72.925	75.875	48.037	66.910	40.697	27.598	102.514	30.579	1.638	1.998	1.777	2.861	0.331	0.246	0.974	1.260	0.429	0.582	0.159	0.000	79.307	136.951	118.210	189.898	262.913	279.660	0.479	0.270	0.570	0.326	0.251	0.275	0.000	0.077	0.506	0.000	36.954	139.254	234.986	161.276	64.221	31.066	22.824	17.540	358.424	325.127	45.495	26.174	47.534	27.123	0.000	0.000	21.777	54.553	92.503	13.403	186.945	14.599	36.014	16.089	9.692	41.513	18.422	11.634	0.061	0.549	0.106	0.239	0.121	0.064	0.000	0.129	0.000	0.000	0.000	0.000	76.904	31.693	15.796	12.946
LOC110899667	0.534	0.603	0.898	2.030	0.152	0.000	0.000	0.288	0.049	0.266	0.163	0.000	1.331	5.072	0.000	0.000	0.000	0.000	0.683	0.000	0.726	0.874	0.000	0.000	257.706	198.043	178.389	97.663	286.618	291.996	37.800	93.918	33.247	168.472	129.052	150.616	350.133	57.914	72.945	60.816	57.117	66.164	68.813	123.281	210.673	207.686	140.240	457.450	119.109	93.539	141.795	380.856	28.753	118.640	280.689	141.626	283.572	370.762	407.863	411.270	0.418	0.143	0.214	1.361	0.169	2.654	0.554	0.000	0.150	1.050	0.000	0.220	0.000	0.000	0.986	0.373	0.000	0.000	0.315	0.076	0.174	0.082	0.000	0.291	0.225	0.312	0.163	0.278	0.000	0.149	0.000	0.000	0.000	0.000	0.000	0.000	0.304	0.496	1.082	0.335	0.700	1.299	1.074	0.000	0.000	0.155	0.000	0.000	0.334	0.000	1.147	0.334	2.047	0.204	0.000	0.000	0.000	0.876	1.846	1.229	0.955	0.782	0.000	0.085	0.000	0.267	0.000	0.654	0.603	0.000	0.000	0.000	0.075	0.000	0.000	0.000	3.521	18.527	6.256	13.153	0.000	35.101	45.004	15.774	14.285	2.068	18.420	4.175	22.364	0.077	0.000	0.000	0.000	0.616	0.640	0.576	0.642	0.201	0.205	0.281	0.187	0.064	0.000	0.104	0.000	41.167	111.396	109.854	79.183	55.790	73.225	43.021	48.925	32.214	27.302	93.272	20.297	0.617	0.781	0.487	1.240	0.083	0.099	0.420	0.200	0.192	0.266	0.106	0.120	81.784	130.658	110.288	145.341	222.577	285.594	0.120	0.136	0.132	0.197	0.315	0.138	0.000	0.000	0.508	0.000	16.693	57.451	137.805	83.793	29.857	17.071	9.060	9.491	308.506	265.645	44.579	21.365	39.734	17.004	0.000	0.000	14.607	27.100	36.761	11.312	57.010	8.102	15.454	8.957	5.247	17.380	10.005	7.150	0.000	0.000	0.000	0.096	0.121	0.000	0.000	0.065	0.000	0.000	0.000	0.000	32.527	16.516	11.621	7.057
LOC110908730	51.630	40.054	46.463	30.510	35.245	31.685	34.298	16.914	22.882	21.351	19.918	17.624	23.667	17.786	15.485	18.982	20.230	29.495	30.916	39.643	64.328	48.626	27.920	17.341	10.659	13.145	6.707	10.297	13.497	13.350	9.488	9.109	9.085	11.694	11.215	11.399	11.571	17.792	18.778	15.874	9.423	11.633	11.049	14.805	10.844	12.074	14.891	14.529	12.313	14.705	9.207	8.664	13.745	11.874	11.072	9.856	9.090	10.566	13.763	13.415	41.923	36.996	39.891	40.917	24.697	28.122	27.098	38.889	35.843	32.320	13.443	31.355	13.056	11.977	40.425	30.127	34.697	49.835	45.496	45.589	51.439	38.094	28.676	45.660	44.233	36.314	39.687	45.714	36.701	37.268	43.792	42.147	49.443	26.676	21.145	20.671	25.378	22.873	23.846	24.978	29.133	28.070	34.058	30.088	23.813	25.933	33.147	25.941	27.443	34.986	25.374	23.559	21.936	37.862	34.671	30.341	25.893	16.411	20.345	13.074	16.061	14.299	15.719	14.409	15.583	16.041	16.303	15.728	15.451	16.268	17.037	19.548	16.076	22.127	20.740	31.646	14.287	12.786	10.002	14.673	26.741	15.028	10.226	26.370	43.708	32.560	15.042	15.478	13.197	17.999	12.611	19.922	20.316	10.435	10.129	10.927	13.050	8.253	8.163	8.741	6.256	13.568	12.083	11.396	10.158	11.102	11.195	9.586	12.002	10.821	11.955	12.677	9.068	10.936	9.398	9.207	10.511	11.855	11.067	11.442	10.452	8.087	7.496	7.079	7.677	11.134	11.303	9.964	11.032	9.928	8.886	9.874	8.454	10.916	12.406	8.564	8.029	10.252	10.110	9.231	7.605	8.441	7.039	9.680	9.085	10.575	10.216	11.094	10.670	8.360	8.630	7.992	8.627	11.109	8.474	10.392	9.216	10.013	9.380	9.861	8.231	11.781	11.663	12.278	10.585	11.545	10.322	9.959	8.797	8.719	11.406	10.025	7.971	11.058	10.011	11.089	12.758	10.456	10.491	12.836	9.075	8.423	8.113	10.512	8.733	8.319	7.048	9.984	7.104
LOC110905693	1.115	14.826	0.512	13.400	0.318	0.079	0.000	0.027	0.000	0.000	0.681	0.786	0.278	1.870	0.076	0.363	0.781	3.630	2.350	24.541	2.276	0.747	0.000	0.000	0.000	0.000	0.000	0.000	0.000	0.000	0.327	0.000	0.000	0.000	0.153	0.149	0.000	0.000	0.000	0.067	0.080	0.078	0.075	0.000	0.306	0.000	0.146	0.000	0.141	0.000	0.000	0.000	0.162	0.000	0.000	0.000	0.000	0.000	0.000	0.000	0.000	0.000	0.000	0.000	0.000	0.000	0.083	0.080	0.000	0.000	0.000	0.000	0.000	0.000	0.000	0.000	0.166	4.834	8.712	5.712	0.000	0.086	0.000	0.152	0.078	0.082	0.597	0.290	0.623	0.000	0.512	0.320	0.482	0.000	0.000	0.074	0.254	0.000	0.000	0.000	0.000	0.000	0.000	0.000	0.000	0.000	0.238	0.000	0.000	0.000	0.000	0.000	0.000	0.000	0.000	0.076	0.000	3.568	4.498	2.963	10.311	10.413	12.243	0.000	0.000	0.000	0.000	0.000	0.000	0.466	0.000	0.147	2.124	0.293	2.935	1.913	0.092	1.283	0.514	0.092	0.077	0.246	0.102	0.441	0.701	1.029	0.848	0.174	0.554	0.886	0.085	0.144	0.000	0.000	0.000	0.000	0.061	0.000	0.000	0.000	0.000	0.000	0.000	0.000	0.000	0.026	0.000	0.068	0.000	0.032	0.025	0.044	0.000	0.000	0.065	0.000	0.000	0.000	0.000	0.000	0.000	0.000	0.000	0.000	0.000	0.000	0.000	0.000	0.000	0.123	0.000	0.063	0.058	0.027	0.036	0.000	0.000	0.000	0.000	0.000	0.000	0.000	0.081	0.000	0.000	0.000	0.000	0.040	0.071	0.130	0.097	0.252	0.071	0.029	0.000	0.000	0.000	0.093	0.133	0.000	0.000	0.054	0.271	0.087	0.276	0.027	0.000	0.207	0.132	0.109	0.213	0.000	0.067	0.000	0.000	0.000	0.000	0.000	0.000	0.000	0.000	0.000	0.067	0.000	0.000	0.270	0.118	0.000	0.419
LOC110904303	552.001	566.359	403.602	376.163	390.969	377.541	368.368	338.716	288.558	313.046	374.297	340.620	436.974	431.688	132.817	144.953	244.882	245.859	267.507	324.628	723.510	510.972	370.743	339.237	1611.548	1200.247	883.739	912.032	1405.187	1140.748	645.726	1419.546	893.450	1533.556	1539.317	1520.166	1096.530	2188.064	2495.410	1732.566	888.494	1224.418	1044.093	1122.437	1352.601	1305.530	1601.446	1314.255	1654.526	1654.433	961.347	1415.861	1266.332	1153.863	2066.175	1084.411	1818.267	1811.382	1421.106	1465.727	188.625	195.980	195.971	188.083	338.956	335.897	454.868	384.700	415.381	366.707	121.752	151.651	122.999	115.131	110.251	105.738	85.626	419.440	331.633	354.272	207.444	176.692	171.880	195.381	140.056	144.164	141.084	232.784	189.489	145.471	185.725	204.359	207.863	187.533	143.183	155.445	165.743	229.935	303.554	318.110	233.048	241.624	248.989	202.529	159.369	214.918	216.654	170.441	206.088	160.388	120.552	120.648	106.919	185.137	192.477	166.467	164.663	150.264	141.459	151.607	44.222	73.127	57.769	174.485	137.838	193.340	139.270	207.241	199.135	162.676	158.877	163.179	157.404	124.975	103.119	91.954	298.558	372.239	343.883	574.997	117.671	714.535	854.791	489.659	391.399	318.799	519.485	378.876	590.618	103.364	151.048	108.290	115.262	192.169	183.701	183.137	164.997	279.311	282.338	287.146	248.404	172.090	187.995	153.962	178.230	487.764	508.460	566.107	379.465	854.282	956.585	713.091	770.996	639.271	590.405	819.262	564.276	202.051	192.218	204.378	197.972	275.807	259.957	273.981	261.572	172.088	153.857	174.510	172.272	237.071	285.514	315.288	371.045	640.086	837.596	204.841	213.660	219.409	196.569	252.936	301.355	237.248	246.241	167.098	126.650	444.977	516.908	1353.839	800.999	655.625	525.230	462.983	548.501	734.209	748.333	721.104	663.666	668.427	584.169	158.526	150.415	574.329	748.520	649.635	779.646	1028.141	786.569	868.922	1046.275	703.243	644.042	728.089	646.959	227.261	243.716	238.497	219.731	240.253	239.900	265.286	233.528	137.735	132.544	164.614	161.535	447.837	354.691	316.574	281.061
LOC110904457	125.696	64.728	199.801	164.952	171.903	359.347	159.846	681.492	653.495	671.179	890.350	401.662	851.589	1410.057	433.911	381.684	510.218	113.200	248.780	138.163	144.269	174.851	372.350	369.751	487.936	216.175	323.910	165.031	1120.353	931.779	131.740	221.422	90.848	303.591	360.902	346.427	1120.515	591.946	575.770	461.462	112.216	110.322	134.403	328.843	494.466	499.345	438.207	495.259	282.113	272.066	194.375	389.879	143.697	378.726	434.078	313.634	451.665	532.155	958.297	614.995	26.509	12.756	32.007	23.183	506.581	736.916	803.585	962.030	763.815	834.700	194.954	12.456	109.386	144.179	100.516	63.100	50.701	10.577	8.102	14.586	7.950	7.113	5.932	3.450	1.102	4.468	1.668	9.420	7.036	1.465	9.959	5.312	10.300	4.955	33.761	20.321	40.797	239.321	271.081	130.150	194.711	162.104	139.566	34.449	9.710	11.806	8.451	43.765	31.251	11.219	35.042	44.491	92.535	13.526	20.139	2.749	5.198	190.663	188.757	196.018	27.671	40.734	23.406	329.090	275.441	333.290	250.877	329.672	312.972	4.811	8.561	8.545	8.556	2.523	3.061	3.174	3.740	13.517	7.697	11.608	4.119	27.977	35.822	82.163	59.540	14.162	69.161	33.093	99.826	2.205	6.768	2.257	1.493	95.624	89.741	99.551	91.250	320.504	328.994	332.562	301.711	35.388	31.145	21.914	20.807	27.204	63.217	69.299	34.406	111.602	93.074	75.942	79.908	17.334	19.401	29.730	21.757	97.228	114.326	85.617	96.017	256.734	158.087	192.576	241.996	20.940	41.656	31.895	29.596	18.989	27.920	22.518	56.307	92.295	94.691	152.915	118.690	99.318	156.384	323.755	333.463	202.584	298.813	23.041	20.166	49.411	105.009	256.865	148.924	21.345	10.647	6.641	11.107	105.841	96.001	29.258	10.060	31.475	20.061	27.812	16.948	46.411	106.561	49.883	43.630	121.737	144.333	130.980	158.441	29.906	29.000	45.427	31.977	147.334	141.693	89.650	87.557	121.262	142.121	188.962	205.005	17.414	27.464	27.433	15.250	31.173	22.049	19.477	17.354
LOC110904450	10.717	16.028	18.089	35.406	9.689	25.306	13.538	35.120	28.084	22.754	45.577	13.947	40.853	91.126	15.251	17.322	22.624	11.096	90.377	37.794	12.796	15.691	8.024	10.484	142.708	123.822	34.573	113.628	410.517	250.754	88.376	137.600	64.622	271.323	266.395	264.237	170.984	170.408	189.880	156.670	98.115	82.654	102.078	121.706	193.197	197.733	204.204	121.975	134.652	148.534	115.675	84.343	94.898	91.329	262.326	106.013	157.290	184.872	91.212	114.685	3.903	1.713	4.897	5.100	42.134	119.293	105.622	158.571	105.174	121.691	39.082	2.609	25.701	35.415	16.264	7.502	6.487	3.770	7.913	5.610	1.082	1.754	0.371	0.777	0.133	1.668	0.509	7.168	1.886	0.199	7.479	6.533	21.887	0.062	2.878	2.892	4.930	7.434	6.803	2.605	3.113	2.746	3.892	1.117	1.124	0.206	0.068	1.584	0.966	0.075	3.612	4.526	12.544	1.449	2.388	0.976	0.472	21.044	21.040	20.782	6.707	9.916	5.098	34.225	26.603	31.103	30.549	49.387	44.155	1.191	0.502	0.562	1.005	0.666	0.000	0.130	3.289	7.739	4.129	10.144	0.132	17.749	16.607	6.906	3.839	1.052	7.149	3.492	9.597	0.412	1.301	0.000	0.155	4.484	4.599	3.827	3.794	11.680	11.940	11.769	9.222	0.853	0.603	0.789	0.881	17.908	49.443	47.023	35.899	102.202	89.132	80.941	74.485	18.746	13.773	45.306	11.796	3.067	3.475	2.745	3.061	5.775	4.232	6.163	8.300	1.151	1.184	0.757	0.857	27.956	44.302	33.958	75.721	207.486	193.421	6.588	7.251	4.121	7.055	16.733	13.386	7.111	7.694	1.111	0.855	131.951	243.116	446.397	295.593	30.281	19.259	8.384	15.897	215.657	227.358	23.829	14.745	26.598	10.994	0.886	0.857	18.576	29.548	25.674	13.396	125.959	98.390	111.898	103.416	34.185	26.632	32.758	21.897	5.806	4.800	4.044	4.917	5.075	8.569	11.506	5.584	1.392	0.972	0.934	1.624	16.722	12.769	19.120	9.404
LOC110904451	13.509	0.064	0.000	0.309	13.639	29.842	14.141	29.451	30.491	26.612	1.294	0.000	1.395	0.782	18.005	14.159	25.864	0.195	0.536	0.154	18.338	16.347	0.986	1.548	250.791	82.250	47.803	144.585	273.423	297.360	123.786	202.100	79.313	303.161	429.191	383.562	373.190	292.764	334.526	248.102	123.781	98.288	120.695	149.017	254.595	252.947	407.323	228.494	199.123	226.277	111.687	166.577	123.101	147.115	480.452	162.668	292.921	297.732	209.160	244.981	1.592	1.562	1.907	2.184	25.584	54.557	52.893	77.998	49.805	62.542	27.194	2.025	18.111	20.319	8.743	3.199	3.247	1.420	2.624	3.040	0.248	1.095	0.875	0.208	0.071	1.042	0.389	1.456	0.947	0.213	4.271	1.895	9.960	0.730	1.849	1.010	1.972	5.122	3.848	1.275	2.148	2.553	2.193	1.355	1.132	0.589	0.000	1.156	0.716	0.162	1.934	1.827	5.628	1.939	1.346	0.348	0.442	0.083	0.251	0.000	0.000	0.000	0.000	0.000	0.154	0.085	0.000	0.089	0.082	1.190	0.614	0.936	1.005	0.357	0.357	0.698	3.187	10.178	7.435	12.867	0.071	22.671	22.969	10.690	9.409	3.472	14.459	7.240	18.361	0.220	2.631	0.197	0.000	0.747	0.959	0.718	0.501	2.680	1.957	2.547	1.368	0.609	0.692	0.149	0.111	0.615	1.067	1.078	0.622	3.616	1.744	2.643	1.089	0.335	0.206	0.747	0.462	0.980	0.904	1.031	0.430	2.220	1.794	2.066	2.222	0.046	0.406	0.152	0.172	1.386	3.122	1.513	3.783	13.006	15.219	1.721	0.841	1.051	0.874	3.367	2.959	1.926	2.354	0.396	0.057	7.210	20.663	38.767	17.375	0.742	0.326	0.172	0.517	13.518	12.893	0.677	0.205	0.650	0.243	0.502	0.048	0.592	1.411	1.831	0.713	3.502	2.812	3.272	3.857	0.891	0.860	1.733	0.644	1.511	0.876	0.764	0.641	1.792	1.909	2.157	1.664	0.248	0.306	0.187	0.174	1.658	1.877	1.626	0.319
LOC110868884	18.866	99.037	54.590	91.331	36.702	25.202	26.943	183.675	151.226	252.993	129.877	23.702	216.742	107.263	258.252	139.547	185.080	99.493	332.594	154.723	10.582	20.293	20.359	31.463	1271.178	1041.191	985.503	575.729	902.357	918.648	489.885	626.447	559.840	831.942	937.500	1110.287	1012.983	474.800	538.434	677.408	663.063	967.178	725.214	630.917	1371.595	1077.384	783.722	1108.734	837.504	731.001	723.604	849.211	490.622	1046.488	1013.882	662.794	1207.179	991.177	1134.845	1055.655	63.643	57.053	43.728	34.606	80.731	67.257	61.479	78.700	68.260	101.294	69.221	45.859	149.551	67.577	5.222	4.542	7.039	4.619	2.906	3.184	17.859	13.604	69.201	21.287	7.480	6.626	3.994	5.752	6.082	5.367	12.373	8.014	11.967	81.034	2.986	4.019	5.043	40.365	31.021	23.961	84.106	105.192	72.288	65.949	32.169	46.804	44.780	30.763	18.501	31.634	12.857	14.396	30.337	50.847	104.660	35.550	58.393	41.696	36.493	44.352	43.437	45.946	66.849	111.841	118.302	120.627	81.618	73.199	70.070	37.214	125.705	107.021	104.718	15.035	18.602	6.070	106.198	130.659	74.227	233.838	75.837	226.883	210.701	208.780	108.791	74.986	331.236	266.094	242.345	25.853	40.844	61.598	47.158	126.681	104.218	105.303	104.628	69.574	58.690	99.981	56.452	44.369	53.698	45.718	33.902	689.750	747.560	660.787	566.898	646.508	719.580	692.821	588.160	513.592	509.889	602.925	631.002	114.848	97.485	111.103	74.110	107.413	94.042	101.718	101.867	48.329	27.191	48.986	43.713	753.044	857.528	955.031	744.587	1017.033	1231.872	31.057	39.171	42.737	27.332	54.977	55.506	80.953	57.782	37.645	16.240	1008.096	890.278	745.933	876.369	256.684	340.873	225.578	352.614	1129.492	1028.846	598.474	558.965	628.746	572.693	44.141	26.975	704.325	747.487	637.764	645.375	496.964	592.838	586.825	686.668	310.558	507.423	529.350	424.658	36.634	33.216	45.675	79.796	82.770	77.598	96.275	52.297	27.122	19.882	17.996	22.041	1116.885	876.136	990.939	1050.069
LOC110904925	54.668	26.820	49.554	43.544	33.189	102.226	20.241	7.491	3.950	4.726	8.800	5.460	8.975	43.615	2.410	1.715	8.426	2.466	10.442	10.493	41.215	53.699	12.766	5.680	61.903	16.472	8.060	13.967	134.627	55.010	6.051	13.244	7.726	72.621	69.859	69.266	18.767	60.496	73.507	24.222	18.741	14.140	15.783	18.385	18.524	24.240	42.752	56.706	24.491	34.748	14.562	54.589	67.440	67.028	236.779	128.138	51.448	66.132	80.840	57.089	2.863	1.290	6.349	5.303	16.789	54.633	59.250	113.753	100.046	104.948	13.897	1.266	3.480	13.294	6.175	2.393	1.629	4.775	7.896	5.623	0.572	1.013	0.000	0.299	0.185	0.193	0.605	13.422	6.374	0.430	7.604	3.460	13.971	0.057	1.995	1.685	2.704	8.571	14.591	16.925	0.767	1.135	0.505	0.275	1.405	0.318	0.063	0.798	0.412	0.070	1.669	1.440	5.376	2.064	1.162	0.060	0.545	5.331	5.133	5.755	3.056	0.643	2.030	18.546	10.074	11.484	18.287	34.043	34.718	1.834	0.000	0.000	0.620	3.617	3.235	23.927	3.402	2.643	2.544	9.087	0.000	8.332	15.509	6.452	5.204	4.374	10.345	6.730	17.158	1.395	1.135	0.227	0.000	0.322	0.903	0.510	0.336	1.102	1.239	1.794	1.232	0.473	0.279	0.129	0.192	1.921	5.379	7.416	2.684	11.954	9.191	5.929	9.882	1.810	0.942	2.949	1.477	0.888	0.688	0.356	0.603	1.027	0.448	0.863	1.370	0.000	0.525	0.262	0.148	1.261	2.755	2.685	4.740	12.506	8.805	15.000	5.138	14.219	29.799	16.919	11.691	7.206	10.159	5.703	4.297	38.624	106.649	167.853	90.743	44.837	23.759	16.018	16.365	13.184	16.693	4.693	3.091	3.634	3.064	1.205	3.962	8.989	9.638	32.296	15.531	103.342	34.057	90.713	38.000	87.013	28.566	18.615	52.848	10.030	15.224	15.259	0.632	1.547	9.940	5.048	8.247	1.340	2.484	2.966	1.088	3.733	9.233	10.717	1.100
LOC110906290	0.806	0.142	2.704	0.630	0.376	0.481	1.892	0.295	0.242	0.402	0.689	1.978	0.375	0.578	0.671	0.061	0.685	1.249	0.453	0.569	0.051	0.504	1.615	0.687	0.051	0.000	0.097	0.000	0.000	0.234	0.000	0.000	0.058	0.051	0.000	0.000	0.000	0.000	0.000	0.090	0.000	0.000	0.000	0.000	0.000	0.000	0.000	0.048	0.000	0.000	0.000	0.058	0.218	0.000	0.051	0.000	0.206	0.000	0.000	0.000	0.098	0.100	0.050	0.151	0.060	0.283	0.279	0.109	0.264	0.053	0.089	0.000	0.000	0.191	0.000	0.000	0.000	0.000	0.000	0.000	1.102	0.058	0.000	0.513	0.317	0.110	0.058	0.049	0.000	0.000	0.000	0.000	0.000	0.196	0.000	0.000	0.043	0.117	0.457	0.118	2.575	1.030	0.324	0.118	0.000	0.599	0.054	0.456	0.471	0.299	0.000	0.176	0.167	0.143	0.100	0.103	0.000	0.000	0.062	0.000	0.000	0.000	0.000	0.360	0.057	0.125	0.000	0.198	0.182	0.063	0.170	0.148	0.053	0.066	0.198	0.155	0.000	0.067	0.000	0.000	0.418	0.000	0.000	0.000	0.000	0.000	0.114	0.000	0.000	0.000	0.172	0.243	0.184	0.039	0.000	0.031	0.000	0.236	0.241	0.099	0.088	0.000	0.000	0.221	0.041	0.508	0.320	0.296	0.069	0.130	0.499	0.296	0.327	0.145	0.175	0.237	0.502	0.218	0.079	0.076	0.079	0.176	0.140	0.148	0.094	0.101	0.075	0.037	0.170	0.000	0.069	0.063	0.000	0.090	0.024	0.042	0.048	0.062	0.185	0.089	0.049	0.000	0.054	0.130	0.000	0.047	0.000	0.027	0.072	0.110	0.131	0.085	0.096	0.020	0.048	0.608	0.555	0.439	0.651	0.000	0.071	0.018	0.037	0.059	0.031	0.129	0.061	0.070	0.143	0.055	0.082	0.151	0.182	0.000	0.216	0.000	0.000	0.086	0.000	0.042	0.046	0.000	0.136	0.000	0.000	0.199	0.000	0.070	0.071
LOC110911072	0.075	0.000	0.160	0.080	0.448	0.595	0.512	0.590	0.288	0.448	0.639	1.007	0.196	0.146	0.503	0.937	0.147	0.134	0.039	0.000	0.071	0.000	0.725	1.514	5.677	4.448	1.353	11.578	0.400	0.325	11.435	12.617	17.382	4.549	3.085	4.631	0.136	26.252	17.446	7.705	12.746	9.414	8.496	3.121	0.645	0.854	2.531	0.000	1.655	2.180	1.758	9.286	26.599	0.136	9.053	1.686	3.515	2.298	0.064	0.382	0.683	0.489	0.280	0.632	0.831	0.710	0.155	0.453	0.662	1.324	0.062	0.719	0.000	0.400	0.000	0.000	0.000	0.000	0.000	0.000	1.618	0.966	0.245	1.285	0.441	0.383	0.801	0.204	0.260	0.073	0.206	0.075	0.151	0.205	0.317	0.623	0.179	2.433	3.960	2.133	1.753	3.105	1.956	0.492	0.073	0.682	1.044	0.793	0.573	0.831	0.606	0.818	0.232	0.333	0.208	0.430	0.195	0.086	0.259	0.185	0.000	0.000	0.000	0.417	0.000	0.000	0.000	0.366	0.000	0.350	0.474	0.344	0.074	0.642	0.918	0.072	235.698	296.052	288.824	207.997	0.654	169.480	211.975	398.848	533.417	390.008	126.041	109.720	176.827	1.285	0.955	0.542	0.768	0.000	0.045	0.000	0.000	0.394	0.201	0.207	0.245	0.125	0.047	0.051	0.000	3.581	2.939	4.785	1.280	0.424	0.574	0.124	0.666	0.201	0.152	0.293	0.168	0.050	0.000	0.000	0.055	0.857	0.194	0.137	0.392	0.000	0.104	0.000	0.177	0.193	0.459	0.352	0.270	0.150	0.101	0.059	0.133	0.130	0.064	0.186	0.000	0.236	0.151	0.091	0.059	0.293	0.026	0.601	0.067	6.594	1.311	2.479	3.224	0.164	0.133	0.671	0.632	0.407	0.406	0.287	0.000	1.397	0.688	1.775	0.820	0.767	1.078	0.680	0.223	15.333	4.596	7.293	26.150	0.000	0.000	0.524	0.518	0.178	0.444	0.117	0.507	0.192	0.063	0.129	0.000	0.138	0.331	0.194	0.131
LOC110886457	90.916	30.645	384.121	60.957	165.518	241.634	143.523	470.414	289.431	355.027	247.055	102.138	449.045	355.898	542.779	310.663	375.406	166.642	189.789	89.793	38.439	109.185	203.572	143.461	1.251	0.517	0.568	1.320	1.008	0.709	0.193	0.127	0.336	1.134	0.422	0.236	0.115	1.743	2.441	1.157	0.818	0.123	0.884	1.809	0.542	0.598	1.034	0.732	1.334	1.525	0.061	2.847	1.212	0.285	0.239	1.076	0.422	0.784	0.213	0.428	21.718	21.709	26.358	30.960	255.741	153.972	190.914	235.426	291.618	323.992	261.550	31.731	334.213	274.653	53.686	81.435	67.641	4.714	1.036	4.689	38.111	46.301	29.739	32.657	22.642	29.382	29.713	37.555	42.309	48.937	34.996	16.557	13.350	34.823	160.461	139.106	133.011	100.080	93.675	87.036	22.270	19.317	19.516	89.508	31.912	64.550	69.860	108.551	101.178	55.321	180.056	134.452	160.305	23.119	30.052	25.709	22.963	101.078	98.109	97.054	36.263	40.068	37.289	284.016	291.855	322.850	283.781	321.093	312.715	139.662	37.412	45.000	53.880	68.319	48.957	24.791	6.231	2.801	1.215	4.114	25.752	2.586	0.800	0.833	2.920	0.162	17.835	40.897	4.657	98.493	100.795	27.789	28.222	105.175	97.666	76.926	70.958	119.837	132.484	126.646	114.087	119.405	113.772	107.539	100.335	8.732	11.091	16.308	13.917	18.847	20.888	13.580	16.679	13.403	25.098	12.483	29.824	118.182	116.725	101.881	108.557	198.586	141.792	179.305	152.843	80.549	107.356	108.776	96.225	8.415	5.191	9.049	6.446	10.585	6.701	108.009	97.146	73.728	101.390	146.990	155.061	97.161	153.965	94.668	98.110	14.670	11.632	3.690	16.690	9.815	12.414	6.046	18.220	8.230	8.493	48.822	40.151	44.008	32.318	121.083	84.567	8.122	15.655	13.388	18.950	13.175	22.604	22.425	35.553	28.116	27.966	25.941	16.437	156.144	136.325	132.556	89.742	98.980	129.065	141.007	212.952	65.445	73.687	98.824	51.570	21.238	7.295	12.944	13.021
LOC110911125	192.217	74.127	94.676	87.021	124.241	61.498	107.708	33.214	33.978	40.215	54.231	81.678	43.888	60.055	29.999	30.448	32.350	50.159	85.284	160.646	334.322	153.845	66.384	77.519	12.261	55.443	29.968	58.985	11.862	9.159	21.821	23.446	26.807	38.576	33.576	31.955	5.092	36.174	27.510	14.554	71.000	59.560	61.014	30.475	16.479	19.583	19.798	10.070	10.718	21.093	26.237	16.797	19.442	7.296	18.117	15.444	14.081	11.925	7.407	6.094	370.859	354.217	403.690	485.532	143.789	140.353	175.084	160.433	166.662	141.041	267.583	450.682	331.399	300.515	183.131	150.035	196.500	490.946	393.449	463.306	325.500	356.394	398.719	334.686	413.448	373.306	384.075	465.880	406.402	372.686	780.396	619.653	719.279	322.780	228.426	226.734	201.858	142.719	158.963	188.928	90.157	94.904	104.757	129.337	437.488	165.469	173.007	124.898	135.366	176.772	317.653	256.684	226.887	334.835	237.958	377.315	365.849	65.121	73.450	76.445	23.486	37.141	29.067	59.556	55.275	71.686	34.121	39.345	41.520	172.418	202.152	191.399	232.875	203.174	213.694	398.145	387.499	387.325	516.310	460.131	295.905	364.134	300.032	554.326	735.537	638.373	380.226	446.133	393.692	141.024	166.698	350.516	377.824	29.473	24.190	24.795	27.861	34.259	36.205	33.733	32.607	57.158	57.158	51.408	52.571	145.509	134.729	142.213	143.110	43.576	40.338	36.991	41.383	173.428	175.795	175.271	153.947	24.540	20.234	28.755	24.949	29.700	27.993	29.169	29.755	34.668	58.033	48.242	49.286	119.946	131.877	198.295	162.448	48.977	42.956	25.297	21.781	29.453	30.446	27.039	30.363	33.100	32.127	49.690	40.693	65.455	52.097	35.701	50.758	290.453	181.658	176.839	231.848	53.633	51.081	199.906	215.282	206.934	209.384	44.375	41.248	96.921	79.517	104.311	75.881	22.298	46.933	25.177	23.683	248.263	154.994	129.688	179.207	27.181	27.727	23.130	25.174	31.087	34.340	31.756	37.246	39.074	36.576	41.579	35.578	83.470	158.239	122.118	102.051
LOC110911759	0.000	0.000	0.000	0.000	0.000	0.000	0.000	0.000	0.096	0.000	0.000	0.000	0.000	0.000	0.000	0.000	0.000	0.000	0.000	0.000	0.000	0.000	0.000	0.000	1.483	2.928	0.875	0.498	1.593	1.035	0.229	0.000	1.515	1.839	1.713	1.536	2.648	3.732	2.141	0.125	1.268	1.453	1.188	1.405	2.283	0.850	2.792	4.005	5.535	6.510	0.292	4.018	0.378	2.637	0.922	1.275	1.285	1.286	1.834	4.566	0.000	0.000	0.000	0.000	0.083	0.000	0.000	0.000	0.000	0.000	0.000	0.000	0.000	0.000	0.000	0.000	0.000	0.000	0.000	0.000	0.000	0.000	0.000	0.000	0.000	0.000	0.000	0.000	0.000	0.000	0.000	0.000	0.000	0.000	0.000	0.000	0.000	0.000	0.000	0.000	0.000	0.000	0.000	0.000	0.000	0.000	0.000	0.000	0.000	0.000	0.000	0.000	0.000	0.199	0.000	0.000	0.000	0.000	0.000	0.000	0.000	0.000	0.000	0.000	0.000	0.000	0.000	0.000	0.000	0.000	0.000	0.000	0.074	0.274	0.183	0.072	2.577	1.107	1.784	5.391	0.000	6.207	3.794	0.247	0.655	0.096	4.355	3.259	3.623	0.000	0.555	0.067	0.340	0.000	0.000	0.000	0.000	0.065	0.000	0.069	0.000	0.062	0.000	0.000	0.000	8.001	7.476	11.133	4.873	4.426	3.024	3.076	3.948	1.718	1.299	2.442	0.862	0.000	0.000	0.000	0.110	0.041	0.000	0.000	0.000	0.000	0.000	0.000	0.000	3.300	6.851	9.821	12.889	6.598	11.548	0.000	0.000	0.043	0.000	0.123	0.000	0.000	0.000	0.135	0.000	3.077	10.903	10.206	21.911	37.764	15.324	19.181	6.318	18.777	9.639	8.215	7.124	5.006	3.542	0.114	0.000	5.585	5.502	11.115	16.537	7.403	2.287	4.769	4.025	3.827	3.210	4.229	3.646	0.000	0.000	0.000	0.000	0.000	0.000	0.000	0.000	0.000	0.000	0.000	0.000	5.325	6.699	6.346	6.952
LOC110911761	11.971	0.854	12.661	4.224	9.640	8.113	12.224	23.916	30.303	35.070	18.019	19.884	21.878	21.742	20.488	15.524	17.688	2.608	9.109	2.615	4.919	11.616	12.768	25.760	1.279	0.753	0.948	0.715	8.748	7.417	2.919	2.193	0.802	2.775	3.231	5.338	5.531	1.743	0.873	0.627	0.600	1.461	2.600	1.116	1.077	2.993	7.876	3.021	2.585	2.765	3.226	0.162	0.456	0.816	1.070	1.958	1.005	1.006	2.417	1.340	14.008	12.593	17.609	18.564	21.450	40.966	29.339	23.507	33.640	32.692	33.107	6.834	26.502	30.264	20.172	8.275	18.200	0.693	0.541	0.746	3.922	8.302	6.470	4.573	13.242	12.036	6.172	8.929	11.767	7.551	7.837	14.938	7.242	8.072	8.174	4.507	8.367	3.734	5.946	3.777	4.960	8.528	5.422	6.814	7.071	4.247	4.479	5.876	5.327	6.156	25.203	32.572	49.160	10.055	10.813	8.974	9.300	7.049	7.937	7.053	11.253	7.195	8.391	27.060	24.519	26.363	42.894	32.648	33.568	4.465	16.452	22.800	20.923	5.327	1.747	1.223	6.220	6.309	2.346	0.086	6.985	1.927	0.477	1.904	1.600	1.063	1.274	2.787	0.434	2.573	5.499	8.809	7.004	5.166	6.465	7.093	5.962	11.240	11.625	10.841	11.030	9.342	10.315	8.757	10.580	5.316	3.864	5.234	3.748	2.181	2.203	1.877	3.123	0.749	0.729	0.990	1.035	5.807	5.202	5.631	4.870	7.064	6.516	8.720	4.905	8.603	13.214	9.395	7.795	2.277	3.143	2.646	2.138	2.379	3.592	19.732	15.396	21.600	12.797	17.032	14.494	11.387	12.578	15.335	21.630	4.691	2.126	2.783	5.009	1.131	2.869	0.886	3.327	2.440	2.357	0.971	0.386	0.902	0.906	11.155	15.778	4.296	9.640	5.412	5.228	2.891	3.664	5.056	3.849	0.943	3.143	2.888	1.296	14.603	21.177	12.017	12.215	5.359	6.851	6.901	8.636	10.618	12.489	16.218	9.674	2.147	3.480	6.528	1.707
LOC110913792	0.000	0.000	0.000	0.000	0.000	0.000	0.000	0.000	0.000	0.000	0.000	0.000	0.000	0.000	0.000	0.000	0.000	0.000	0.000	0.103	0.000	0.000	0.000	0.000	0.000	0.000	0.000	0.000	0.000	0.000	0.000	0.000	0.000	0.000	0.000	0.092	0.000	0.000	0.000	0.000	0.000	0.000	0.000	0.000	0.000	0.000	0.000	0.000	0.000	0.000	0.000	0.000	0.000	0.000	0.000	0.000	0.000	0.000	0.000	0.000	0.000	0.000	0.000	0.000	0.000	0.000	0.000	0.000	0.000	0.000	0.081	0.000	0.000	0.000	0.000	0.000	0.000	0.000	0.000	0.000	0.000	0.000	0.000	0.000	0.000	0.000	0.000	0.000	0.000	0.000	0.000	0.000	0.000	0.000	0.000	0.000	0.000	0.000	0.000	0.000	0.000	0.000	0.000	0.000	0.000	0.000	0.000	0.000	0.000	0.000	0.000	0.000	0.000	0.000	0.000	0.000	0.000	0.000	0.113	0.000	0.000	0.000	0.000	0.000	0.000	0.000	0.000	0.000	0.000	0.000	0.000	0.000	0.000	0.000	0.000	0.000	0.000	0.000	0.000	0.000	0.000	0.000	0.000	0.000	0.000	0.000	0.000	0.000	0.792	0.000	0.000	0.000	0.000	0.000	0.000	0.000	0.000	0.000	0.000	0.000	0.000	0.000	0.000	0.000	0.000	0.000	0.039	0.041	0.042	0.000	0.000	0.000	0.000	0.000	0.000	0.048	0.000	0.000	0.000	0.000	0.000	0.000	0.000	0.000	0.000	0.000	0.000	0.000	0.000	0.000	0.000	0.000	0.035	0.000	0.000	0.000	0.000	0.169	0.000	0.000	0.000	0.062	0.000	0.118	0.000	0.000	0.000	0.000	0.000	0.000	0.000	0.000	0.043	0.000	0.000	0.000	0.000	0.000	0.000	0.000	0.000	0.000	0.000	0.000	0.000	0.033	0.000	0.000	0.000	0.000	0.000	0.000	0.000	0.000	0.000	0.000	0.000	0.000	0.000	0.076	0.000	0.000	0.082	0.252	0.000	0.000	0.000	0.000	0.000
LOC110914202	0.000	0.054	0.065	0.130	0.000	0.000	0.000	0.000	0.039	0.153	0.000	0.055	0.000	0.000	0.000	0.000	0.000	0.000	0.000	0.000	0.175	0.064	0.296	0.326	0.116	0.000	0.000	0.000	0.000	0.000	0.000	0.000	0.065	0.000	0.059	0.000	0.000	0.055	0.048	0.000	0.123	0.000	0.000	0.000	0.117	0.000	0.000	0.000	0.000	0.000	0.000	0.066	0.000	0.000	0.000	0.000	0.059	0.000	0.000	0.000	0.000	0.000	0.229	0.000	0.000	0.000	0.063	0.000	0.000	0.060	0.000	0.000	0.000	0.000	0.000	0.000	0.000	0.063	0.189	0.000	0.000	0.000	0.000	0.000	0.000	0.125	0.000	0.000	0.053	0.000	0.000	0.123	0.000	0.000	0.000	0.000	0.000	0.000	0.173	0.067	0.000	0.065	0.123	0.201	0.179	0.000	0.000	0.000	0.134	0.000	0.000	0.000	0.000	0.000	0.000	0.000	0.053	0.000	0.000	0.000	0.000	0.000	0.000	0.000	0.000	0.000	0.000	0.000	0.000	0.000	0.000	0.000	0.121	0.000	0.300	0.000	11.288	5.910	7.438	1.617	0.119	1.259	10.285	0.000	2.997	0.631	4.618	6.225	26.359	0.000	0.000	0.000	0.070	0.000	0.000	0.071	0.000	0.054	0.000	0.000	0.150	0.051	0.194	0.000	0.000	0.000	0.024	0.052	0.026	0.000	0.000	0.000	0.000	0.000	0.025	0.000	0.000	0.000	0.045	0.000	0.000	0.000	0.000	0.000	0.000	0.000	0.000	0.000	0.048	0.000	0.020	0.000	0.022	0.000	0.000	0.000	0.000	0.000	0.000	0.000	0.000	0.000	0.062	0.000	0.000	0.000	0.042	0.000	0.055	0.000	0.025	0.024	0.027	0.022	0.027	0.000	0.000	0.000	0.000	0.000	0.000	0.062	0.062	0.022	0.071	0.063	0.000	0.185	0.203	0.000	0.000	0.000	0.000	0.000	0.000	0.000	0.000	0.000	0.000	0.000	0.000	0.000	0.000	0.053	0.000	0.057	0.000	0.000	0.027
LOC110912639	5.903	0.072	0.088	0.000	0.573	0.571	0.080	0.113	0.158	0.900	0.292	0.000	0.501	0.321	0.394	0.000	0.161	0.000	0.000	0.087	2.422	2.392	0.000	0.000	0.545	1.876	0.520	0.314	1.024	0.998	0.589	0.249	0.264	0.390	0.157	0.231	0.374	0.000	0.191	0.069	0.164	0.320	0.539	0.245	0.393	0.078	0.075	1.177	0.073	0.319	0.884	1.151	0.667	1.118	1.486	0.666	0.944	0.630	1.533	0.210	0.000	0.000	0.000	0.000	0.000	0.000	0.000	0.000	0.000	0.000	0.000	0.000	0.000	0.073	0.000	0.000	0.000	0.000	0.000	0.000	0.000	0.000	0.000	0.000	0.000	0.000	0.000	0.000	0.214	0.000	0.000	0.000	0.000	0.000	0.000	0.000	0.000	0.000	0.000	0.000	0.000	0.000	0.000	0.000	0.000	0.166	0.000	0.000	0.000	0.000	0.000	0.000	0.000	0.000	0.000	0.000	0.000	0.659	0.189	0.000	0.000	0.000	0.000	0.000	0.000	0.000	0.000	0.000	0.000	3.358	0.173	0.528	0.810	0.906	1.108	1.734	11.550	8.134	4.990	1.415	0.319	1.605	3.764	24.951	26.399	27.962	7.332	9.431	9.793	5.805	2.358	0.668	0.187	0.000	0.000	0.000	0.000	0.000	0.000	0.000	0.000	0.000	0.000	0.000	0.000	4.970	6.481	6.014	4.283	2.655	3.517	4.137	3.355	3.692	7.924	4.339	11.314	0.000	0.060	0.000	0.000	0.045	0.000	0.075	0.000	0.000	0.000	0.000	0.065	17.467	16.825	12.662	20.939	9.056	11.331	0.000	0.000	0.047	0.000	0.000	0.000	0.000	0.000	0.000	0.065	18.384	5.739	4.244	11.307	0.134	0.067	0.130	0.182	12.826	12.844	5.646	3.503	4.816	2.740	0.000	0.055	1.449	1.928	1.737	0.994	0.365	1.089	0.639	1.034	0.754	1.534	0.173	0.208	0.000	0.000	0.000	0.052	0.261	0.139	0.128	0.000	0.000	0.069	0.000	0.000	5.743	15.586	16.861	22.879
LOC110880175	15.413	2.072	21.225	9.047	3.613	4.851	2.385	512.925	381.658	591.307	171.181	6.143	242.032	53.862	815.530	977.838	519.260	170.122	786.131	240.407	5.694	9.587	7.549	46.355	2810.151	2624.916	3506.897	2159.483	3218.664	3241.791	1127.608	1487.400	1434.177	1995.338	2559.439	2800.779	3306.242	1060.310	1020.413	1652.900	1519.995	2186.294	1971.291	1641.600	2914.794	2723.925	2708.624	3298.463	2375.684	1955.094	1782.316	2469.972	980.899	2689.716	2250.091	2446.973	3017.820	3343.245	3045.043	3385.019	505.763	360.845	356.159	162.529	285.484	336.505	213.007	339.951	233.963	298.648	355.292	183.648	340.921	282.571	118.140	78.203	121.808	14.082	8.281	24.214	56.368	50.829	154.945	56.550	47.012	54.634	46.255	15.904	21.388	26.429	24.712	21.777	16.969	184.643	23.189	27.915	39.886	81.744	53.866	14.930	192.169	175.254	160.531	233.944	189.867	123.226	105.837	128.370	75.206	134.473	70.185	98.406	186.696	477.597	638.779	299.499	244.113	578.836	580.264	621.370	184.314	260.264	151.388	266.073	188.131	311.779	189.215	252.062	247.424	28.805	478.036	475.020	480.936	2.027	1.256	3.553	459.724	512.753	484.235	963.352	175.831	1125.506	1323.368	649.801	301.076	115.509	1266.381	1009.198	1088.327	4.534	32.169	58.617	24.688	1062.859	1026.492	1041.101	984.536	891.978	732.405	1044.762	767.175	829.645	804.194	679.768	704.141	3258.325	2988.355	2734.376	2329.379	3326.126	3282.173	3063.476	3013.641	2043.165	2192.325	2595.848	2408.101	876.884	869.996	838.441	860.138	927.365	788.174	891.906	1051.218	686.963	621.759	832.686	817.453	2179.962	2336.622	2755.768	2852.677	3760.381	4140.053	729.197	712.457	906.530	664.230	638.799	706.819	781.497	658.703	473.784	427.799	3748.030	3401.476	2617.803	4225.497	1428.658	2310.343	1385.922	2162.937	4001.816	4057.524	2656.325	2593.777	2786.366	2796.883	576.017	424.220	3568.242	4063.889	3921.121	4302.803	2663.589	3659.672	3463.232	3822.824	1947.543	2670.661	2920.443	2549.370	712.844	870.796	694.711	894.103	529.948	758.726	721.109	634.773	467.800	474.231	503.213	345.670	5406.616	3461.896	3283.444	4849.779
LOC110916291	0.000	0.000	0.000	0.000	0.000	0.000	0.000	0.000	0.000	0.000	0.000	0.000	0.000	0.148	0.073	0.000	0.000	0.000	0.000	0.000	0.000	0.000	0.000	0.000	252.633	295.410	430.508	290.691	385.908	339.416	37.001	109.736	19.594	160.949	193.463	189.072	347.592	64.442	41.911	71.359	157.257	218.501	232.010	111.528	224.540	184.770	251.101	293.889	330.813	137.747	82.785	245.186	9.295	202.008	283.398	163.146	333.350	428.239	365.729	435.401	0.000	0.000	0.000	0.000	0.000	0.000	0.000	0.000	0.000	0.000	0.000	0.000	0.000	0.000	0.000	0.000	0.000	0.000	0.000	0.000	0.086	0.000	0.000	0.000	0.000	0.000	0.000	0.000	0.000	0.000	0.000	0.000	0.000	0.000	0.000	0.070	0.000	0.000	0.000	0.000	0.000	0.080	0.000	0.000	0.000	0.000	0.000	0.000	0.000	0.000	0.000	0.000	0.000	0.067	0.000	0.000	0.000	0.000	0.000	0.000	0.000	0.000	0.000	0.000	0.000	0.000	0.000	0.000	0.171	0.000	0.080	0.070	0.000	0.556	0.093	0.000	18.669	63.054	28.288	62.317	0.073	166.795	296.732	99.074	61.482	21.277	153.863	57.438	188.374	0.000	0.080	0.000	0.000	0.000	0.000	0.000	0.000	0.000	0.000	0.000	0.000	0.000	0.000	0.000	0.000	6.920	21.548	15.665	11.096	11.194	21.960	9.790	15.613	9.887	9.849	46.724	3.475	0.000	0.000	0.000	0.056	0.000	0.000	0.277	0.066	0.000	0.000	0.000	0.000	7.483	11.988	12.558	22.001	29.005	56.072	0.000	0.000	0.044	0.000	0.000	0.205	0.000	0.000	0.046	0.000	6.875	11.677	77.768	44.274	26.939	14.979	4.326	5.544	53.201	67.694	12.592	5.179	15.430	3.282	0.000	0.000	5.262	17.718	12.504	11.038	47.334	7.027	14.532	10.583	2.935	14.284	7.106	7.406	0.000	0.000	0.000	0.000	0.000	0.000	0.000	0.000	0.000	0.000	0.000	0.000	13.031	3.123	4.877	1.459
LOC110916097	0.734	0.430	0.393	0.196	1.161	1.279	0.000	12.019	9.128	13.595	8.547	0.385	8.707	6.467	8.703	9.558	7.925	1.313	2.258	0.389	0.525	0.446	1.068	1.500	49.445	49.751	56.624	49.153	105.526	100.532	15.080	24.433	4.722	31.894	50.102	52.678	99.865	17.985	16.808	17.951	31.676	25.395	36.736	27.193	41.273	46.101	78.423	91.982	54.699	30.944	30.230	42.841	6.596	37.221	60.585	42.633	58.856	86.015	146.277	108.325	4.192	2.289	2.468	2.071	10.745	7.296	8.190	2.349	3.492	2.289	5.081	2.765	2.211	4.035	1.644	1.438	0.827	0.630	0.063	0.305	1.953	2.703	3.684	2.922	0.662	0.502	0.787	0.948	1.755	0.360	6.523	3.316	3.024	2.686	3.570	4.254	2.689	5.976	3.185	4.836	2.809	4.433	3.265	1.612	3.339	1.303	1.160	0.779	1.877	0.544	1.275	1.339	2.339	2.124	2.438	1.762	3.298	1.899	2.399	2.429	5.455	3.610	2.264	2.869	3.817	3.999	10.327	11.102	13.072	1.074	1.941	2.197	1.935	0.376	0.075	0.059	8.833	25.727	13.827	34.708	2.321	58.065	81.238	41.040	28.634	7.115	56.680	19.844	70.189	1.176	2.803	2.106	3.563	3.911	2.718	4.058	4.126	5.914	6.101	6.495	6.917	5.077	3.344	3.938	4.070	6.662	16.579	11.417	8.019	9.067	14.673	10.006	12.101	5.700	4.995	20.483	6.248	4.419	5.016	3.302	5.115	4.275	4.375	4.774	6.472	3.615	4.144	4.013	4.444	5.177	13.251	10.365	17.113	25.072	46.682	7.780	3.980	4.745	6.154	5.725	5.208	3.362	4.524	2.635	2.748	4.530	25.109	69.822	30.591	11.723	7.889	3.117	5.470	46.479	50.433	9.385	5.919	11.046	5.471	4.703	3.013	6.883	14.143	12.767	9.471	18.585	9.363	13.256	8.329	3.232	9.443	7.088	7.732	6.462	5.708	5.451	3.009	3.020	3.113	2.583	4.415	2.093	2.735	2.369	1.099	9.762	3.727	5.042	2.927
LOC110937771	35.966	2.603	8.214	0.867	7.835	6.185	5.969	0.120	0.149	0.087	0.041	0.209	0.051	0.000	0.167	0.265	0.228	0.104	0.612	0.369	30.282	9.445	1.296	0.000	0.000	0.000	0.000	0.000	0.000	0.000	0.000	0.059	0.000	0.055	0.000	0.000	0.000	0.000	0.271	0.146	0.058	0.000	0.055	0.058	0.000	0.000	0.000	0.000	0.051	0.056	0.000	0.000	0.118	0.000	0.000	0.000	0.000	0.000	0.000	0.000	0.053	0.706	0.000	0.491	0.000	0.184	0.060	0.000	0.000	0.000	0.000	0.000	0.000	0.000	0.116	0.000	0.060	1.196	8.398	1.795	0.000	0.376	0.509	0.166	0.057	0.119	0.000	9.263	5.604	0.342	0.908	0.758	1.699	0.266	0.000	0.000	0.046	0.126	0.220	0.383	0.770	0.495	0.175	1.339	0.000	0.236	0.174	0.308	0.064	0.129	0.067	0.064	0.060	0.362	0.969	0.112	0.202	0.067	0.000	0.144	0.000	0.000	0.000	0.065	0.307	0.136	0.000	0.285	0.131	0.000	0.184	0.160	0.976	0.000	0.000	0.335	0.000	0.000	0.000	0.000	0.000	0.120	0.000	0.129	0.000	0.450	0.062	0.000	0.000	0.000	0.000	0.000	0.000	0.085	0.000	0.000	0.000	0.051	0.157	0.000	0.048	0.000	0.000	0.000	0.000	0.000	0.023	0.049	0.000	0.000	0.000	0.000	0.047	0.067	0.000	0.000	0.065	0.000	0.000	0.000	0.043	0.095	0.151	0.000	0.000	0.000	0.000	0.000	0.000	0.060	0.075	0.046	0.063	0.019	0.000	0.000	0.000	0.000	0.050	0.000	0.000	0.073	0.000	0.000	0.000	0.000	0.000	0.000	0.000	0.000	0.024	0.000	0.000	0.000	0.026	0.058	0.027	0.000	0.024	0.000	0.000	0.000	0.000	0.021	0.000	0.000	0.022	0.025	0.000	0.020	0.000	0.000	0.025	0.000	0.047	0.041	0.037	0.139	0.099	0.091	0.000	0.000	0.000	0.150	0.000	0.018	0.043	0.038	0.000
LOC110923014	302.360	164.826	342.708	119.761	286.189	214.861	199.980	251.805	179.131	197.867	165.131	94.390	309.720	181.924	230.009	184.908	217.286	131.179	190.583	140.121	349.405	274.301	169.703	127.055	779.739	537.362	520.216	441.294	426.062	379.919	240.372	353.859	323.254	540.470	493.632	494.762	309.614	390.421	455.913	408.230	303.234	491.909	365.621	252.333	236.012	242.682	322.496	457.620	286.009	352.312	617.297	911.681	876.754	567.167	618.631	294.616	846.830	836.319	282.044	327.649	188.541	214.318	204.426	188.033	112.507	95.788	107.422	107.468	106.533	91.034	64.298	166.937	154.098	69.589	201.072	206.630	160.478	133.160	98.145	127.492	178.838	157.868	118.241	266.278	211.648	265.094	248.931	113.320	139.110	187.458	130.547	97.363	99.772	124.011	90.100	103.225	126.874	156.229	198.859	194.445	265.465	218.447	245.522	143.497	133.433	217.171	184.511	153.307	171.341	212.496	237.070	219.197	175.646	197.421	154.951	195.065	145.336	201.322	198.855	192.545	70.043	113.306	84.909	151.258	118.085	159.173	139.308	186.154	190.881	113.872	94.805	103.021	117.135	79.576	81.350	84.314	682.305	702.700	804.099	810.844	67.714	740.215	877.764	822.417	941.022	947.264	871.729	780.637	910.035	89.371	105.545	61.571	63.797	40.711	42.095	38.276	38.335	80.054	74.399	76.818	58.749	61.704	66.290	52.381	56.286	493.238	512.211	633.645	459.998	599.392	641.236	625.921	490.343	671.377	714.607	636.431	688.496	42.284	41.282	39.863	40.558	84.108	69.266	85.312	75.450	61.473	39.929	51.829	48.883	404.788	414.251	382.541	352.078	368.546	413.948	51.551	49.022	70.521	47.581	104.385	94.629	81.462	77.768	80.855	69.501	500.614	548.198	754.453	633.899	943.849	731.509	751.002	693.176	330.884	370.685	717.116	668.825	603.553	615.802	69.272	58.783	742.138	771.914	882.118	882.308	838.173	696.683	706.659	738.036	833.735	946.504	810.052	795.777	61.058	70.312	59.349	63.407	102.300	88.133	130.689	90.393	61.998	62.523	65.546	61.042	681.619	656.487	689.192	656.069
LOC110926365	28.540	20.316	85.714	8.721	14.164	22.207	3.983	219.039	94.677	74.562	53.263	11.206	167.631	61.848	35.031	40.952	29.797	25.753	37.535	28.005	1.705	5.221	27.067	24.939	289.228	119.338	176.739	189.312	92.428	98.383	198.276	247.102	288.166	260.791	209.563	181.571	72.100	219.438	191.285	199.937	102.535	104.390	146.912	122.421	105.313	134.665	182.171	141.617	266.210	236.674	331.457	138.312	361.683	270.979	477.927	293.791	333.010	342.133	130.613	84.255	14.054	13.721	15.646	14.463	146.095	39.880	38.518	49.170	97.134	96.104	27.706	11.828	166.658	46.114	3.293	16.332	7.394	1.151	0.139	1.204	43.230	20.481	6.709	22.087	7.346	13.156	16.679	3.627	13.139	7.364	15.085	18.941	10.285	4.826	5.979	9.370	9.433	25.920	53.666	22.337	27.283	28.831	13.464	2.602	9.938	5.124	9.953	7.074	6.812	3.183	8.544	13.310	7.117	13.656	12.640	6.782	8.400	5.448	4.849	7.713	1.557	2.237	3.776	39.550	58.026	34.501	62.292	46.279	45.956	27.328	6.621	6.013	7.471	3.624	3.408	1.548	39.617	33.506	35.933	67.414	17.925	49.034	93.437	45.197	59.246	28.953	77.339	80.318	41.242	14.479	20.682	10.656	5.107	13.998	14.012	11.786	8.226	14.541	18.602	14.863	10.186	5.323	4.803	4.287	4.240	59.590	51.639	59.614	48.960	57.044	54.988	44.402	62.247	32.078	28.466	35.623	27.587	12.166	11.720	13.530	13.831	11.768	8.751	10.879	9.149	3.092	3.654	4.962	4.025	12.091	21.064	35.667	21.555	35.126	29.406	14.165	13.270	14.649	13.381	27.366	41.184	19.182	26.684	8.789	5.110	44.816	37.266	49.936	63.211	34.788	39.965	35.542	46.789	44.267	36.012	33.246	36.292	34.317	32.067	12.480	4.702	59.763	78.772	54.556	68.584	76.905	100.211	130.637	115.483	46.965	38.972	54.354	54.664	23.081	23.813	18.763	16.158	13.708	10.431	10.001	17.920	3.480	4.488	3.925	3.883	34.921	35.567	35.827	37.782
LOC110921506	0.178	0.862	1.671	0.095	0.267	0.000	0.000	3.031	0.430	0.378	0.858	0.040	2.413	0.829	0.471	0.051	0.131	0.359	2.514	1.086	0.127	0.000	0.389	0.190	758.776	436.025	409.398	466.862	325.259	241.944	336.772	717.238	481.602	986.080	1097.400	918.969	306.969	862.719	1140.808	604.077	463.582	556.439	463.242	327.567	529.139	448.059	876.474	327.732	684.775	966.383	641.080	450.287	507.009	649.461	966.436	619.049	901.729	931.569	346.750	449.345	0.122	0.542	0.627	0.796	13.375	3.292	4.116	2.432	5.351	4.036	0.185	0.086	2.318	0.794	0.222	0.654	0.139	0.229	0.000	0.044	0.559	0.672	0.098	0.468	0.175	0.411	0.191	0.081	0.426	0.044	0.492	0.313	0.045	0.041	0.189	0.578	0.356	0.097	2.235	0.391	0.136	0.570	0.045	0.049	0.217	0.090	0.133	0.047	0.049	0.000	0.000	0.049	0.000	0.357	0.165	0.214	0.039	0.102	0.206	0.166	0.000	0.171	0.000	0.448	0.189	0.936	1.445	1.475	0.856	3.965	0.189	0.493	1.277	0.109	0.000	0.257	30.369	24.655	42.304	61.436	0.130	57.543	62.985	60.086	35.660	23.842	89.836	58.259	81.888	1.127	2.232	0.363	0.254	0.393	0.562	0.233	0.376	0.196	0.320	0.206	0.402	0.075	0.057	0.092	0.102	23.596	29.714	25.536	22.677	14.744	15.440	12.266	14.288	11.754	9.395	15.947	8.936	0.511	0.326	0.475	0.396	0.268	0.174	0.614	0.312	0.280	0.093	0.404	0.106	14.027	23.281	36.734	31.752	29.633	32.645	0.422	0.397	0.232	0.192	1.698	1.977	1.802	1.851	0.676	0.246	16.556	20.129	47.813	37.146	10.469	11.930	8.062	7.315	38.152	26.232	10.974	9.376	10.231	8.957	0.514	0.297	16.555	20.909	19.789	18.380	21.038	14.351	19.969	19.622	7.398	11.339	11.140	8.514	0.392	0.502	0.625	0.506	1.206	1.512	0.871	1.173	0.114	0.113	0.230	0.240	16.148	15.961	17.584	16.117
LOC110925968	3.545	1.335	9.764	2.765	2.656	3.968	0.496	175.338	51.165	370.312	91.172	4.093	189.223	8.921	383.437	213.217	108.318	22.582	229.647	20.120	3.438	1.781	8.226	25.645	98.519	98.418	89.704	53.332	47.974	51.644	48.427	51.642	66.288	53.709	39.254	42.612	48.306	51.450	61.130	108.190	21.593	36.534	39.194	42.356	43.974	47.572	51.693	121.122	67.188	51.590	75.020	144.112	185.586	99.577	88.823	75.813	112.480	113.680	117.640	154.550	554.464	469.017	290.483	120.796	36.302	8.550	9.918	2.495	5.357	10.094	67.227	282.501	145.103	42.532	212.591	326.331	264.388	0.261	0.196	2.019	13.203	14.323	317.064	59.858	102.530	95.821	63.898	20.014	21.236	42.184	4.770	1.779	1.341	413.491	16.722	18.426	27.510	53.515	64.752	30.224	631.193	411.419	383.397	420.118	227.873	415.061	256.576	323.223	194.130	473.462	271.684	318.775	232.004	617.113	659.567	540.392	426.642	316.888	305.095	302.043	75.915	112.928	76.716	169.195	144.169	189.331	95.520	123.235	124.787	7.261	347.651	319.368	344.032	0.311	0.156	0.426	106.804	121.929	109.886	172.395	174.381	131.098	157.188	75.037	54.945	48.338	161.356	143.844	118.429	2.049	7.014	90.372	10.697	336.237	324.029	334.237	354.800	550.542	428.170	597.297	454.773	301.663	362.826	247.877	295.115	434.891	370.753	383.873	321.984	363.073	424.425	328.540	328.558	278.683	246.099	274.390	238.906	205.901	184.456	249.298	183.486	483.384	462.596	476.430	457.864	293.564	220.279	288.511	304.279	233.898	247.921	289.443	257.676	158.763	187.071	188.576	251.887	396.296	267.521	577.974	547.968	485.841	377.528	353.454	235.947	140.582	132.691	194.616	211.590	228.077	255.096	247.537	252.268	151.955	162.258	346.974	306.402	330.717	325.097	307.172	310.498	358.165	459.302	369.754	461.571	301.977	326.774	314.952	373.499	283.657	347.843	328.909	319.281	283.562	318.287	302.947	410.545	563.271	646.280	664.449	382.149	332.510	283.430	286.520	279.360	411.738	317.218	380.506	365.007
LOC110923973	0.000	0.000	0.000	0.000	0.000	0.000	0.000	0.152	0.041	0.000	0.000	0.000	0.111	0.000	0.000	0.000	0.000	0.000	0.033	0.000	0.121	0.000	0.000	0.000	0.361	0.000	0.057	0.666	0.170	0.110	0.846	1.793	2.920	10.485	12.710	8.149	0.000	2.101	4.930	0.425	2.161	2.413	0.833	0.189	0.486	0.724	3.944	0.227	0.225	3.882	1.242	2.533	3.866	0.403	1.330	0.400	0.426	0.609	0.054	0.108	0.000	0.059	0.000	0.000	0.000	0.000	0.000	0.000	0.000	0.000	0.000	0.000	0.391	0.056	0.000	0.000	0.000	0.000	0.000	0.000	0.072	0.068	0.000	0.121	0.000	0.000	0.000	0.000	0.000	0.000	0.000	0.000	0.000	0.000	0.000	0.000	0.000	0.000	0.000	0.000	0.000	0.000	0.000	0.000	0.000	0.000	0.000	0.000	0.000	0.000	0.000	0.000	0.000	0.000	0.059	0.000	0.000	0.000	0.000	0.000	0.000	0.000	0.000	0.141	0.000	0.000	0.000	0.000	0.000	0.000	0.000	0.000	0.000	0.078	0.000	0.000	44.191	37.245	42.950	74.788	0.000	65.538	75.063	9.957	10.042	17.436	50.929	37.552	94.792	0.000	0.068	0.000	0.000	0.000	0.000	0.000	0.000	0.000	0.000	0.000	0.000	0.000	0.000	0.000	0.000	4.069	9.036	11.472	7.434	1.949	1.846	1.083	1.746	3.219	2.007	5.931	2.393	0.086	0.000	0.000	0.000	0.069	0.000	0.000	0.000	0.000	0.000	0.000	0.000	2.680	8.990	7.968	11.988	8.017	5.658	0.000	0.000	0.000	0.000	0.052	0.000	0.000	0.000	0.000	0.100	4.331	7.312	20.764	11.906	32.532	11.528	41.661	8.961	6.639	4.049	4.806	4.343	6.335	4.659	0.000	0.000	1.012	1.533	7.570	3.952	1.083	0.962	0.522	3.050	4.167	4.356	5.382	4.070	0.000	0.000	0.000	0.000	0.101	0.054	0.000	0.054	0.000	0.053	0.000	0.000	3.011	2.409	7.502	2.057
LOC110884547	1.983	0.000	6.137	1.330	3.155	1.096	4.744	6.987	4.628	4.547	7.642	3.958	26.611	5.535	6.000	5.527	5.477	1.248	4.453	2.412	2.310	2.373	2.493	4.307	0.837	0.942	1.064	0.632	1.246	0.958	0.377	0.297	1.417	0.559	0.141	0.276	1.341	0.132	0.743	0.000	0.147	0.072	0.000	0.365	0.493	0.210	0.874	0.461	1.041	1.143	0.360	3.492	0.000	0.134	0.140	0.265	1.622	1.341	0.250	1.315	0.067	1.443	0.413	0.138	14.367	6.355	6.402	2.078	3.541	2.675	0.549	0.494	5.696	0.655	0.000	0.000	0.000	0.000	0.000	0.000	2.846	1.108	0.322	0.140	0.072	0.828	0.000	0.000	0.000	0.000	0.540	0.663	0.370	1.075	0.000	0.409	0.000	0.000	0.278	0.000	0.075	0.157	0.000	0.081	0.000	0.000	0.000	0.000	0.000	0.000	0.000	0.000	0.304	0.327	2.178	0.775	0.766	0.084	0.254	0.273	0.000	0.188	0.000	3.772	7.921	2.400	3.202	2.071	2.159	0.000	1.631	1.015	4.210	1.623	2.166	2.189	6.362	6.559	2.303	0.676	0.500	2.346	1.499	0.488	2.218	1.613	0.000	0.483	0.000	0.149	0.235	0.532	0.755	6.044	6.348	4.187	5.235	3.614	2.639	2.237	2.708	0.431	0.700	1.257	0.449	0.455	1.663	1.464	0.692	4.431	4.539	5.610	4.078	0.226	0.209	0.612	0.385	7.089	4.731	6.102	4.401	3.167	3.581	3.438	3.467	1.523	0.821	1.332	0.870	1.743	1.140	2.165	0.319	0.320	0.989	3.248	3.076	0.893	1.642	1.277	0.599	5.382	2.232	0.535	0.463	0.064	0.331	0.037	0.361	0.030	0.210	0.203	0.033	0.484	0.685	0.684	0.241	0.286	0.583	1.355	0.244	0.000	1.152	0.268	1.018	0.050	0.056	3.660	2.682	0.075	0.000	0.413	0.093	1.175	2.127	2.061	5.001	1.579	1.682	1.952	3.491	0.440	0.743	0.506	0.440	0.431	0.054	0.334	1.740
LOC110884546	0.281	0.062	0.602	0.075	1.826	0.560	0.963	19.602	13.063	19.760	4.859	0.631	6.812	3.302	25.401	18.836	10.760	0.000	0.408	0.447	0.000	0.000	0.545	1.424	0.134	0.000	0.000	0.000	0.063	0.061	0.000	0.000	0.075	0.000	0.000	0.000	0.000	0.000	0.000	0.236	0.000	0.000	0.000	0.000	0.000	0.000	0.000	0.000	0.062	0.000	0.000	0.076	0.000	0.000	0.000	0.000	0.000	0.135	0.179	0.000	0.257	0.197	0.066	0.000	2.813	0.742	1.167	1.065	2.214	2.560	0.117	0.068	1.859	0.125	0.000	0.000	0.146	0.000	0.000	0.000	0.320	0.227	0.462	0.134	0.000	0.504	0.000	0.064	0.122	0.000	0.065	1.905	0.567	0.514	0.373	0.130	0.056	0.076	0.067	0.000	0.000	0.000	0.000	0.077	0.000	0.000	0.000	0.000	0.000	0.000	0.163	0.385	0.799	0.125	0.130	0.877	0.611	0.485	0.568	1.047	0.000	0.721	0.488	1.020	0.595	0.902	1.493	0.259	0.715	0.000	0.520	0.324	0.834	0.000	0.259	0.068	0.162	0.000	0.000	0.000	0.205	0.000	0.000	0.545	0.531	0.272	0.000	0.385	0.082	0.569	0.150	0.191	0.642	1.549	1.308	0.941	1.185	0.927	0.253	0.519	0.288	0.118	0.357	0.433	0.215	0.069	0.028	0.030	0.030	0.114	0.045	0.155	0.085	0.108	0.000	0.069	0.079	0.759	0.823	1.148	0.520	1.074	1.234	1.097	1.229	0.088	0.098	0.294	0.111	0.109	0.091	0.083	0.000	0.047	0.032	1.388	1.628	1.668	1.511	3.085	3.946	0.888	3.133	0.853	0.554	0.000	0.024	0.071	0.063	0.086	0.000	0.056	0.094	0.052	0.062	0.047	0.000	0.000	0.029	1.621	1.263	0.048	0.048	0.051	0.162	0.264	0.027	0.244	0.233	0.024	0.000	0.148	0.059	2.418	0.735	1.479	2.659	3.525	5.902	3.243	1.909	1.623	0.593	0.665	0.884	0.195	0.000	0.068	0.000
LOC110921437	0.000	0.000	0.000	0.000	0.000	0.000	0.000	0.000	0.000	0.000	0.000	0.000	0.000	0.000	0.000	0.000	0.000	0.000	0.000	0.000	0.000	0.000	0.000	0.000	0.000	0.000	0.000	0.223	0.000	0.000	0.000	0.000	0.000	0.000	0.000	0.000	0.000	0.000	0.000	0.000	0.000	0.000	0.000	0.000	0.000	0.000	0.000	0.000	0.000	0.000	0.457	0.000	0.000	0.000	0.000	0.000	0.000	0.000	0.000	0.000	0.000	0.000	0.000	0.000	0.000	0.000	0.000	0.000	0.000	0.000	0.000	0.000	0.000	0.000	0.000	0.000	0.000	0.000	0.000	0.000	0.000	0.000	0.000	0.000	0.000	0.000	0.000	0.000	0.000	0.000	0.000	0.000	0.000	0.000	0.000	0.000	0.000	0.000	0.000	0.000	0.000	0.000	0.000	0.000	0.000	0.000	0.000	0.000	0.000	0.000	0.000	0.000	0.000	0.000	0.000	0.000	0.000	0.000	0.000	0.000	0.000	0.000	0.000	0.000	0.000	0.000	0.000	0.000	0.000	0.000	0.000	0.000	0.000	0.000	0.000	0.000	0.000	0.000	0.000	0.000	0.000	0.000	0.000	0.000	0.000	0.000	0.000	0.000	0.000	0.000	0.000	0.000	0.000	0.000	0.093	0.000	0.060	0.000	0.000	0.000	0.000	0.000	0.000	0.000	0.000	0.051	0.093	0.033	0.133	0.000	0.050	0.000	0.063	0.030	0.095	0.000	0.058	0.000	0.114	0.000	0.115	0.000	0.050	0.071	0.000	0.146	0.000	0.000	0.123	0.000	0.025	0.122	0.056	0.052	0.000	0.000	0.000	0.000	0.000	0.000	0.000	0.000	0.000	0.000	0.000	0.000	0.000	0.000	0.000	0.000	0.000	0.000	0.000	0.142	0.103	0.078	0.036	0.091	0.000	0.000	0.000	0.000	0.000	0.000	0.000	0.000	0.000	0.000	0.000	0.000	0.000	0.000	0.000	0.000	0.000	0.000	0.000	0.000	0.000	0.000	0.000	0.000	0.000	0.000	0.000	0.024	0.000	0.000	0.000
